# Blender 4.3.2
# www.blender.org
mtllib caiman-character-001.mtl
o caiman
v -0.111225 0.295330 -0.025675
v -0.109047 0.266250 -0.013084
v -0.125593 0.276354 -0.004147
v -0.132664 0.298821 -0.009483
v -0.114828 0.331474 -0.029020
v -0.138959 0.333174 -0.010508
v -0.086458 0.328169 -0.043012
v -0.084629 0.289299 -0.037396
v -0.083719 0.256458 -0.021997
v -0.116815 0.373416 -0.021929
v -0.145373 0.374130 -0.003643
v -0.107286 0.492718 -0.011717
v -0.135896 0.492577 0.005150
v -0.078074 0.492737 -0.026372
v -0.087513 0.371997 -0.036803
v -0.055053 0.370670 -0.046023
v -0.045819 0.492756 -0.035511
v -0.054607 0.325348 -0.051710
v -0.047199 0.284646 -0.044963
v -0.046752 0.249622 -0.028144
v 0.000000 0.246817 -0.030733
v -0.103429 0.537956 -0.005666
v -0.127659 0.537720 0.010265
v -0.096360 0.583442 -0.002150
v -0.118481 0.582574 0.012640
v -0.070456 0.585652 -0.014629
v -0.075396 0.539462 -0.019375
v -0.084122 0.636830 0.001412
v -0.103935 0.635913 0.015335
v -0.051090 0.801339 0.006669
v -0.063229 0.801346 0.019458
v -0.037162 0.801355 -0.002948
v -0.061528 0.638277 -0.009688
v -0.036774 0.639509 -0.016462
v -0.009979 0.801060 -0.008864
v 0.000000 0.801674 -0.010888
v 0.000000 0.640723 -0.018784
v -0.034726 0.587741 -0.022268
v -0.037695 0.540824 -0.027867
v 0.000000 0.541620 -0.030829
v -0.111103 0.295290 0.232157
v -0.132754 0.298866 0.215663
v -0.125702 0.276397 0.210517
v -0.108976 0.266374 0.219930
v -0.073271 0.287758 0.246797
v -0.072167 0.253533 0.230228
v -0.075052 0.327212 0.254651
v -0.114711 0.331452 0.237574
v -0.139045 0.333182 0.218381
v 0.000000 0.282552 0.254768
v 0.000000 0.246817 0.237350
v 0.000000 0.323939 0.263913
v 0.000000 0.369969 0.264493
v -0.076094 0.371555 0.254956
v -0.066654 0.492746 0.248543
v -0.116702 0.373406 0.237158
v -0.107171 0.492718 0.231481
v -0.145449 0.374133 0.217246
v -0.135944 0.492619 0.212382
v -0.103237 0.538205 0.221043
v -0.127886 0.537915 0.202863
v -0.063963 0.540150 0.236340
v -0.059246 0.585599 0.220165
v -0.096420 0.582858 0.206816
v -0.118566 0.581697 0.191917
v -0.050147 0.639387 0.196404
v -0.029619 0.801054 0.172607
v -0.083800 0.637357 0.185844
v -0.050754 0.801357 0.164164
v -0.103758 0.636628 0.173724
v -0.063281 0.801247 0.154888
v -0.111802 0.245975 0.006509
v -0.133139 0.267057 0.011376
v -0.084734 0.230342 0.001073
v -0.047645 0.221333 -0.003844
v -0.047893 0.200453 0.026435
v 0.000000 0.182726 0.062096
v 0.000000 0.178089 0.102072
v 0.000000 0.206037 0.194567
v -0.069826 0.216189 0.191950
v -0.111377 0.245263 0.199147
v -0.133272 0.267158 0.194911
v -0.129004 0.636746 0.038278
v -0.076999 0.801268 0.043487
v -0.146916 0.545590 0.027439
v -0.154344 0.493272 0.021615
v -0.167877 0.492749 0.040926
v -0.174468 0.492525 0.061608
v -0.178452 0.491847 0.113418
v -0.085089 0.801390 0.070495
v -0.086808 0.801606 0.090157
v -0.163807 0.373345 0.016076
v -0.158088 0.331263 0.011941
v -0.172058 0.329424 0.038085
v -0.177298 0.371826 0.038994
v -0.148512 0.296005 0.012024
v -0.181037 0.382842 0.058586
v -0.186040 0.383811 0.113897
v -0.084664 0.801448 0.118797
v -0.176577 0.491942 0.132285
v -0.167915 0.492941 0.161855
v -0.154457 0.493189 0.188324
v -0.073649 0.801199 0.141586
v -0.183678 0.383574 0.135791
v -0.172127 0.329487 0.166749
v -0.177439 0.371712 0.165090
v -0.148411 0.295693 0.193988
v -0.158061 0.331272 0.194751
v -0.163764 0.373371 0.193170
v -0.121077 0.639026 0.158548
v -0.127501 0.654845 0.128105
v -0.175039 0.511081 0.130916
v -0.179149 0.505724 0.104289
v -0.160618 0.530089 0.039779
v -0.131180 0.653192 0.070081
v -0.148608 0.543291 0.175526
v -0.127636 0.583036 0.181148
v -0.118700 0.608862 0.175275
v -0.162258 0.529150 0.158857
v -0.169725 0.520566 0.057152
v -0.176018 0.510504 0.074669
v -0.133401 0.593502 0.028366
v -0.130659 0.660537 0.094723
v -0.233700 0.467963 0.124588
v -0.240565 0.479466 0.140456
v -0.243808 0.490114 0.159719
v -0.236147 0.499511 0.177273
v -0.222298 0.507443 0.191299
v -0.204341 0.513085 0.201768
v -0.184220 0.516518 0.205800
v -0.163087 0.517876 0.201867
v -0.149222 0.513152 0.189797
v -0.147339 0.501789 0.170992
v -0.152679 0.489357 0.151868
v -0.165202 0.476932 0.134445
v -0.179719 0.468922 0.121320
v -0.195640 0.464773 0.112383
v -0.211479 0.462944 0.110507
v -0.224503 0.463188 0.114385
v -0.153001 0.400187 0.207880
v -0.166619 0.389080 0.211999
v -0.178337 0.382836 0.224163
v -0.147861 0.370401 0.219379
v -0.160193 0.363310 0.230822
v -0.184109 0.384199 0.241359
v -0.166176 0.364828 0.248496
v -0.182542 0.392892 0.258207
v -0.164093 0.374173 0.265512
v -0.175243 0.405928 0.271730
v -0.156157 0.387611 0.278768
v -0.165273 0.419556 0.281443
v -0.145533 0.401807 0.288374
v -0.153527 0.433606 0.287787
v -0.133287 0.416116 0.294840
v -0.139915 0.447826 0.289689
v -0.119618 0.430030 0.297594
v -0.125027 0.459709 0.284449
v -0.105140 0.440838 0.294596
v -0.086885 0.446065 0.286766
v -0.105066 0.466391 0.270840
v -0.056490 0.446939 0.282253
v -0.059718 0.463060 0.270526
v -0.063507 0.465556 0.251159
v -0.105378 0.468786 0.246516
v -0.107259 0.451821 0.228180
v -0.068706 0.452715 0.236419
v -0.068900 0.432708 0.235057
v -0.092382 0.425788 0.229180
v -0.104414 0.415802 0.225497
v -0.121244 0.437841 0.218873
v -0.129973 0.425389 0.214144
v -0.112352 0.405431 0.223412
v -0.140300 0.413053 0.209863
v -0.122061 0.393968 0.220111
v -0.134174 0.381879 0.217113
v -0.107164 0.376560 0.232323
v -0.118941 0.365299 0.226128
v -0.132503 0.353491 0.225736
v -0.104643 0.351815 0.234257
v -0.116885 0.338049 0.231138
v -0.144806 0.345918 0.237046
v -0.127468 0.328643 0.243178
v -0.150238 0.347602 0.255401
v -0.131264 0.329443 0.262326
v -0.147414 0.357345 0.272322
v -0.126646 0.339211 0.278396
v -0.138334 0.370876 0.284982
v -0.111841 0.351337 0.287501
v -0.127805 0.386049 0.294603
v -0.105388 0.369137 0.298791
v -0.114864 0.400667 0.300641
v -0.085828 0.382874 0.298002
v -0.101840 0.415163 0.303915
v -0.078040 0.400206 0.304114
v -0.086596 0.426417 0.300223
v -0.065012 0.414658 0.298678
v -0.068602 0.429668 0.287791
v -0.054970 0.422208 0.282145
v -0.058874 0.417908 0.266350
v -0.053823 0.417873 0.261601
v -0.073706 0.409834 0.245058
v -0.064420 0.403441 0.249779
v -0.087491 0.399068 0.239927
v -0.075670 0.388002 0.252393
v -0.097232 0.388906 0.235866
v -0.083758 0.377467 0.248391
v -0.092599 0.360249 0.248011
v -0.068843 0.370357 0.249337
v -0.078874 0.352823 0.250550
v -0.085458 0.342232 0.266438
v -0.094755 0.350005 0.272391
v -0.081876 0.353861 0.248320
v -0.083444 0.351817 0.267822
v -0.066052 0.344155 0.245361
v -0.066250 0.342472 0.262142
v -0.058576 0.333259 0.246360
v -0.058516 0.329767 0.256523
v -0.060135 0.318735 0.250666
v -0.060848 0.325067 0.239995
v -0.068174 0.311092 0.245368
v -0.066880 0.317134 0.236892
v -0.070527 0.334154 0.232715
v -0.078067 0.319958 0.230990
v -0.096982 0.327597 0.230753
v -0.088419 0.343455 0.233259
v -0.082792 0.309237 0.242350
v -0.103737 0.315964 0.243307
v -0.105212 0.315124 0.262261
v -0.083737 0.308026 0.258893
v -0.100166 0.324978 0.276970
v -0.078379 0.317027 0.271390
v -0.090612 0.340674 0.280418
v -0.071574 0.331651 0.273612
v -0.062656 0.324999 0.265172
v -0.065645 0.315575 0.261556
v -0.070883 0.309148 0.255278
v -0.087155 0.342797 0.285523
v -0.079681 0.355907 0.298311
v -0.057665 0.345314 0.291529
v -0.065139 0.334828 0.279845
v -0.044753 0.341700 0.280341
v -0.051626 0.334418 0.274420
v -0.038918 0.343923 0.267524
v -0.049007 0.335796 0.262914
v -0.039770 0.350256 0.255198
v -0.047571 0.342016 0.252889
v -0.050207 0.359933 0.248161
v -0.059983 0.345454 0.248674
v -0.043527 0.371097 0.259831
v -0.036040 0.359499 0.261328
v -0.042924 0.370432 0.277494
v -0.035771 0.356315 0.272784
v -0.049042 0.360492 0.291169
v -0.040435 0.352119 0.282966
v -0.068273 0.372256 0.297742
v -0.060676 0.382222 0.282359
v -0.072409 0.380424 0.282160
v -0.065010 0.373088 0.294814
v -0.064888 0.370432 0.275308
v -0.045920 0.363015 0.294283
v -0.046371 0.360762 0.276215
v -0.033333 0.359971 0.289624
v -0.030410 0.359376 0.276583
v -0.018034 0.368187 0.280012
v -0.024473 0.368400 0.294445
v -0.013025 0.382148 0.283424
v -0.018538 0.379788 0.295105
v -0.036400 0.374913 0.303474
v -0.026196 0.389225 0.300140
v -0.043419 0.402316 0.299417
v -0.055419 0.387264 0.304216
v -0.018780 0.396253 0.285093
v -0.035235 0.410506 0.282886
v -0.035807 0.407744 0.263362
v -0.019657 0.394595 0.267348
v -0.045213 0.394180 0.252987
v -0.027788 0.382261 0.257670
v -0.057956 0.378387 0.257641
v -0.039946 0.368809 0.260766
v -0.028226 0.364595 0.264395
v -0.018383 0.373212 0.265424
v -0.013135 0.383909 0.270544
v -0.060167 0.382725 0.262190
v -0.065214 0.335171 0.262037
v -0.063423 0.417402 0.247288
v -0.056462 0.416478 0.266030
v -0.053951 0.428037 0.281210
v -0.040802 0.425397 0.274255
v -0.047554 0.415440 0.261985
v -0.032599 0.424786 0.265776
v -0.036167 0.419533 0.255750
v -0.028740 0.430538 0.250168
v -0.026996 0.435416 0.263380
v -0.028184 0.444985 0.246358
v -0.025906 0.446938 0.258268
v -0.035373 0.442113 0.274582
v -0.034493 0.456510 0.264216
v -0.038237 0.457986 0.247288
v -0.045978 0.447700 0.235574
v -0.035111 0.440773 0.237585
v -0.037541 0.428795 0.239673
v -0.050834 0.430647 0.235718
v -0.041697 0.419371 0.245566
v -0.052352 0.417388 0.246188
v -0.041254 0.186016 0.069221
v -0.053250 0.193373 0.049589
v -0.079416 0.207371 0.028476
v -0.050496 0.190981 0.149414
v -0.039526 0.185284 0.132060
v -0.034544 0.181700 0.101882
v -0.111686 0.238088 0.016752
v -0.137019 0.264160 0.020486
v -0.160519 0.294699 0.035731
v -0.174345 0.301702 0.057761
v -0.184589 0.316459 0.113152
v -0.178891 0.307498 0.137339
v -0.160469 0.291534 0.167731
v -0.137300 0.262144 0.183126
v -0.112328 0.237397 0.187359
v -0.083539 0.212296 0.178282
v -0.111476 0.183073 0.025473
v -0.138151 0.190534 0.027918
v -0.162485 0.197373 0.040396
v -0.173554 0.198894 0.063210
v -0.183248 0.203252 0.113233
v -0.175396 0.199911 0.136454
v -0.163592 0.195789 0.161124
v -0.139725 0.189069 0.173781
v -0.113002 0.181438 0.176595
v -0.082142 0.067983 0.126893
v -0.074734 0.067912 0.115210
v -0.072049 0.067905 0.101701
v -0.074407 0.067924 0.088148
v -0.081534 0.067995 0.076314
v -0.092412 0.068087 0.067898
v -0.093169 0.068015 0.135003
v -0.106417 0.068068 0.138619
v -0.120099 0.068127 0.137196
v -0.132338 0.068156 0.130925
v -0.141464 0.068117 0.120692
v -0.146321 0.068153 0.107747
v -0.141056 0.068205 0.081184
v -0.131634 0.068166 0.071091
v -0.119257 0.068158 0.065107
v -0.105545 0.068103 0.064000
v -0.111317 0.608226 0.183245
v -0.090622 0.609142 0.196666
v -0.055184 0.611605 0.208684
v 0.000000 0.613237 0.214288
v -0.045544 0.163434 0.101639
v -0.050383 0.165189 0.073964
v -0.064063 0.169260 0.050594
v -0.085317 0.175017 0.033646
v -0.087042 0.174159 0.169307
v -0.064913 0.167997 0.151972
v -0.050911 0.164661 0.129089
v -0.027540 0.184482 0.066413
v -0.023316 0.180021 0.102007
v -0.026374 0.184033 0.136050
v -0.036992 0.191673 0.047543
v -0.035426 0.190738 0.153888
v -0.178926 0.340799 0.058086
v -0.185867 0.350845 0.113181
v -0.182611 0.345556 0.136193
v -0.146160 0.068161 0.093961
v -0.182924 0.203332 0.087578
v -0.183450 0.314950 0.085507
v -0.185246 0.349982 0.085466
v -0.185486 0.383937 0.085376
v -0.178069 0.492030 0.084292
v -0.199080 0.603735 0.064410
v -0.188325 0.576267 0.045859
v -0.183433 0.541894 0.041479
v -0.183521 0.521891 0.049299
v -0.182513 0.509655 0.063262
v -0.179164 0.499905 0.080270
v -0.173630 0.495956 0.104777
v -0.166282 0.502477 0.129527
v -0.157175 0.519766 0.152800
v -0.149782 0.540040 0.167849
v -0.145255 0.571974 0.174652
v -0.151130 0.595809 0.171776
v -0.169189 0.611513 0.159516
v -0.184635 0.621088 0.137332
v -0.195188 0.623561 0.110531
v -0.200202 0.617498 0.086708
v -0.022790 0.690044 -0.012038
v -0.051263 0.689518 -0.005776
v -0.067687 0.688910 0.004451
v -0.082056 0.688565 0.017710
v -0.098962 0.688418 0.041691
v -0.104882 0.693627 0.070483
v -0.106112 0.704981 0.093642
v -0.103138 0.694411 0.123045
v -0.094842 0.688566 0.148168
v -0.082281 0.687444 0.162815
v -0.067574 0.688650 0.173270
v -0.042561 0.689530 0.182620
v 0.000000 0.690153 0.186837
v 0.111225 0.295330 -0.025675
v 0.109047 0.266250 -0.013084
v 0.125593 0.276354 -0.004147
v 0.132664 0.298821 -0.009483
v 0.114828 0.331474 -0.029020
v 0.138959 0.333174 -0.010508
v 0.086458 0.328169 -0.043012
v 0.084629 0.289299 -0.037396
v 0.083719 0.256458 -0.021997
v 0.116815 0.373416 -0.021929
v 0.145373 0.374130 -0.003643
v 0.107286 0.492718 -0.011717
v 0.135896 0.492577 0.005150
v 0.078074 0.492737 -0.026372
v 0.087513 0.371997 -0.036803
v 0.055053 0.370670 -0.046023
v 0.045819 0.492756 -0.035511
v 0.000000 0.492758 -0.038667
v 0.000000 0.369969 -0.049392
v 0.054607 0.325348 -0.051710
v 0.000000 0.323939 -0.055126
v 0.047199 0.284646 -0.044963
v 0.000000 0.282552 -0.047991
v 0.046752 0.249622 -0.028144
v 0.103429 0.537956 -0.005666
v 0.127659 0.537720 0.010265
v 0.096360 0.583442 -0.002150
v 0.118481 0.582574 0.012640
v 0.070456 0.585652 -0.014629
v 0.075396 0.539462 -0.019375
v 0.084122 0.636830 0.001412
v 0.103935 0.635913 0.015335
v 0.051090 0.801339 0.006669
v 0.067687 0.688910 0.004451
v 0.082056 0.688565 0.017710
v 0.063229 0.801346 0.019458
v 0.051263 0.689518 -0.005776
v 0.061528 0.638277 -0.009688
v 0.036774 0.639509 -0.016462
v 0.022790 0.690044 -0.012038
v 0.000000 0.690154 -0.014238
v 0.034726 0.587741 -0.022268
v 0.000000 0.588476 -0.024975
v 0.009979 0.801060 -0.008864
v 0.037162 0.801355 -0.002948
v 0.037695 0.540824 -0.027867
v 0.111103 0.295290 0.232157
v 0.132754 0.298866 0.215663
v 0.125702 0.276397 0.210517
v 0.108976 0.266374 0.219930
v 0.073271 0.287758 0.246797
v 0.072167 0.253533 0.230228
v 0.075052 0.327212 0.254651
v 0.114711 0.331452 0.237574
v 0.139045 0.333182 0.218381
v 0.000000 0.492758 0.257550
v 0.066654 0.492746 0.248543
v 0.076094 0.371555 0.254956
v 0.116702 0.373406 0.237158
v 0.107171 0.492718 0.231481
v 0.145449 0.374133 0.217246
v 0.135944 0.492619 0.212382
v 0.103237 0.538205 0.221043
v 0.127886 0.537915 0.202863
v 0.063963 0.540150 0.236340
v 0.059246 0.585599 0.220165
v 0.096420 0.582858 0.206816
v 0.118566 0.581697 0.191917
v 0.000000 0.541620 0.244122
v 0.000000 0.588476 0.226196
v 0.000000 0.640723 0.201252
v 0.042561 0.689530 0.182620
v 0.050147 0.639387 0.196404
v 0.055184 0.611605 0.208684
v 0.083800 0.637357 0.185844
v 0.067574 0.688650 0.173270
v 0.103758 0.636628 0.173724
v 0.082281 0.687444 0.162815
v 0.111317 0.608226 0.183245
v 0.090622 0.609142 0.196666
v 0.111802 0.245975 0.006509
v 0.133139 0.267057 0.011376
v 0.084734 0.230342 0.001073
v 0.047645 0.221333 -0.003844
v 0.000000 0.217743 -0.006097
v 0.000000 0.196117 0.025114
v 0.047893 0.200453 0.026435
v 0.079416 0.207371 0.028476
v 0.069826 0.216189 0.191950
v 0.111377 0.245263 0.199147
v 0.133272 0.267158 0.194911
v 0.076999 0.801268 0.043487
v 0.098962 0.688418 0.041691
v 0.146916 0.545590 0.027439
v 0.133401 0.593502 0.028366
v 0.154344 0.493272 0.021615
v 0.163807 0.373345 0.016076
v 0.158088 0.331263 0.011941
v 0.172058 0.329424 0.038085
v 0.177298 0.371826 0.038994
v 0.167877 0.492749 0.040926
v 0.148512 0.296005 0.012024
v 0.174468 0.492525 0.061608
v 0.181037 0.382842 0.058586
v 0.185486 0.383937 0.085376
v 0.178069 0.492030 0.084292
v 0.178926 0.340799 0.058086
v 0.148608 0.543291 0.175526
v 0.154457 0.493189 0.188324
v 0.073649 0.801199 0.141586
v 0.094842 0.688566 0.148168
v 0.063281 0.801247 0.154888
v 0.084664 0.801448 0.118797
v 0.103138 0.694411 0.123045
v 0.183678 0.383574 0.135791
v 0.176577 0.491942 0.132285
v 0.178452 0.491847 0.113418
v 0.186040 0.383811 0.113897
v 0.182611 0.345556 0.136193
v 0.172127 0.329487 0.166749
v 0.177439 0.371712 0.165090
v 0.167915 0.492941 0.161855
v 0.148411 0.295693 0.193988
v 0.158061 0.331272 0.194751
v 0.160469 0.291534 0.167731
v 0.163764 0.373371 0.193170
v 0.175039 0.511081 0.130916
v 0.179149 0.505724 0.104289
v 0.160618 0.530089 0.039779
v 0.131180 0.653192 0.070081
v 0.104882 0.693627 0.070483
v 0.129004 0.636737 0.038178
v 0.127636 0.583036 0.181148
v 0.118700 0.608862 0.175275
v 0.162258 0.529150 0.158857
v 0.169725 0.520566 0.057152
v 0.127501 0.654845 0.128105
v 0.106112 0.704981 0.093642
v 0.130659 0.660537 0.094723
v 0.085089 0.801390 0.070495
v 0.086808 0.801606 0.090157
v 0.176018 0.510504 0.074669
v 0.240565 0.479466 0.140456
v 0.243808 0.490114 0.159719
v 0.199080 0.603735 0.064410
v 0.188325 0.576267 0.045859
v 0.163087 0.517876 0.201867
v 0.149222 0.513152 0.189797
v 0.145255 0.571974 0.174652
v 0.151130 0.595809 0.171776
v 0.157175 0.519766 0.152800
v 0.166282 0.502477 0.129527
v 0.224503 0.463188 0.114385
v 0.211479 0.462944 0.110507
v 0.153001 0.400187 0.207880
v 0.166619 0.389080 0.211999
v 0.233700 0.467963 0.124588
v 0.178337 0.382836 0.224163
v 0.147861 0.370401 0.219379
v 0.160193 0.363310 0.230822
v 0.184109 0.384199 0.241359
v 0.166176 0.364828 0.248496
v 0.182542 0.392892 0.258207
v 0.164093 0.374173 0.265512
v 0.175243 0.405928 0.271730
v 0.156157 0.387611 0.278768
v 0.165273 0.419556 0.281443
v 0.145533 0.401807 0.288374
v 0.153527 0.433606 0.287787
v 0.133287 0.416116 0.294840
v 0.139915 0.447826 0.289689
v 0.119618 0.430030 0.297594
v 0.125027 0.459709 0.284449
v 0.105140 0.440838 0.294596
v 0.086885 0.446065 0.286766
v 0.105066 0.466391 0.270840
v 0.056490 0.446939 0.282253
v 0.059718 0.463060 0.270526
v 0.063507 0.465556 0.251159
v 0.105378 0.468786 0.246516
v 0.147339 0.501789 0.170992
v 0.107259 0.451821 0.228180
v 0.068706 0.452715 0.236419
v 0.068900 0.432708 0.235057
v 0.092382 0.425788 0.229180
v 0.104414 0.415802 0.225497
v 0.121244 0.437841 0.218873
v 0.152679 0.489357 0.151868
v 0.165202 0.476932 0.134445
v 0.129973 0.425389 0.214144
v 0.112352 0.405431 0.223412
v 0.140300 0.413053 0.209863
v 0.122061 0.393968 0.220111
v 0.134174 0.381879 0.217113
v 0.107164 0.376560 0.232323
v 0.118941 0.365299 0.226128
v 0.132503 0.353491 0.225736
v 0.104643 0.351815 0.234257
v 0.116885 0.338049 0.231138
v 0.144806 0.345918 0.237046
v 0.127468 0.328643 0.243178
v 0.150238 0.347602 0.255401
v 0.131264 0.329443 0.262326
v 0.147414 0.357345 0.272322
v 0.126646 0.339211 0.278396
v 0.138334 0.370876 0.284982
v 0.111841 0.351337 0.287501
v 0.127805 0.386049 0.294603
v 0.105388 0.369137 0.298791
v 0.114864 0.400667 0.300641
v 0.085828 0.382874 0.298002
v 0.101840 0.415163 0.303915
v 0.078040 0.400206 0.304114
v 0.086596 0.426417 0.300223
v 0.065012 0.414658 0.298678
v 0.068602 0.429668 0.287791
v 0.054970 0.422208 0.282145
v 0.058874 0.417908 0.266350
v 0.053823 0.417873 0.261601
v 0.073706 0.409834 0.245058
v 0.064420 0.403441 0.249779
v 0.087491 0.399068 0.239927
v 0.075670 0.388002 0.252393
v 0.097232 0.388906 0.235866
v 0.083758 0.377467 0.248391
v 0.092599 0.360249 0.248011
v 0.068843 0.370357 0.249337
v 0.078874 0.352823 0.250550
v 0.085458 0.342232 0.266438
v 0.094755 0.350005 0.272391
v 0.081876 0.353861 0.248320
v 0.083444 0.351817 0.267822
v 0.066052 0.344155 0.245361
v 0.066250 0.342472 0.262142
v 0.058576 0.333259 0.246360
v 0.058516 0.329767 0.256523
v 0.060135 0.318735 0.250666
v 0.060848 0.325067 0.239995
v 0.068174 0.311092 0.245368
v 0.066880 0.317134 0.236892
v 0.070527 0.334154 0.232715
v 0.078067 0.319958 0.230990
v 0.096982 0.327597 0.230753
v 0.088419 0.343455 0.233259
v 0.082792 0.309237 0.242350
v 0.103737 0.315964 0.243307
v 0.105212 0.315124 0.262261
v 0.083737 0.308026 0.258893
v 0.100166 0.324978 0.276970
v 0.078379 0.317027 0.271390
v 0.090612 0.340674 0.280418
v 0.071574 0.331651 0.273612
v 0.062656 0.324999 0.265172
v 0.065645 0.315575 0.261556
v 0.070883 0.309148 0.255278
v 0.087155 0.342797 0.285523
v 0.079681 0.355907 0.298311
v 0.057665 0.345314 0.291529
v 0.065139 0.334828 0.279845
v 0.044753 0.341700 0.280341
v 0.051626 0.334418 0.274420
v 0.038918 0.343923 0.267524
v 0.049007 0.335796 0.262914
v 0.039770 0.350256 0.255198
v 0.047571 0.342016 0.252889
v 0.050207 0.359933 0.248161
v 0.059983 0.345454 0.248674
v 0.043527 0.371097 0.259831
v 0.036040 0.359499 0.261328
v 0.042924 0.370432 0.277494
v 0.035771 0.356315 0.272784
v 0.049042 0.360492 0.291169
v 0.040435 0.352119 0.282966
v 0.068273 0.372256 0.297742
v 0.060676 0.382222 0.282359
v 0.072409 0.380424 0.282160
v 0.065010 0.373088 0.294814
v 0.064888 0.370432 0.275308
v 0.045920 0.363015 0.294283
v 0.046371 0.360762 0.276215
v 0.033333 0.359971 0.289624
v 0.030410 0.359376 0.276583
v 0.018034 0.368187 0.280012
v 0.024473 0.368400 0.294445
v 0.013025 0.382148 0.283424
v 0.018538 0.379788 0.295105
v 0.036400 0.374913 0.303474
v 0.026196 0.389225 0.300140
v 0.043419 0.402316 0.299417
v 0.055419 0.387264 0.304216
v 0.018780 0.396253 0.285093
v 0.035235 0.410506 0.282886
v 0.035807 0.407744 0.263362
v 0.019657 0.394595 0.267348
v 0.045213 0.394180 0.252987
v 0.027788 0.382261 0.257670
v 0.057956 0.378387 0.257641
v 0.039946 0.368809 0.260766
v 0.028226 0.364595 0.264395
v 0.018383 0.373212 0.265424
v 0.013135 0.383909 0.270544
v 0.060167 0.382725 0.262190
v 0.065214 0.335171 0.262037
v 0.063423 0.417402 0.247288
v 0.056462 0.416478 0.266030
v 0.053951 0.428037 0.281210
v 0.040802 0.425397 0.274255
v 0.047554 0.415440 0.261985
v 0.032599 0.424786 0.265776
v 0.036167 0.419533 0.255750
v 0.028740 0.430538 0.250168
v 0.026996 0.435416 0.263380
v 0.028184 0.444985 0.246358
v 0.025906 0.446938 0.258268
v 0.035373 0.442113 0.274582
v 0.034493 0.456510 0.264216
v 0.038237 0.457986 0.247288
v 0.045978 0.447700 0.235574
v 0.035111 0.440773 0.237585
v 0.037541 0.428795 0.239673
v 0.050834 0.430647 0.235718
v 0.041697 0.419371 0.245566
v 0.052352 0.417388 0.246188
v 0.195640 0.464773 0.112383
v 0.179719 0.468922 0.121320
v 0.184220 0.516518 0.205800
v 0.204341 0.513085 0.201768
v 0.222298 0.507443 0.191299
v 0.236147 0.499511 0.177273
v 0.053250 0.193373 0.049589
v 0.036992 0.191673 0.047543
v 0.027540 0.184482 0.066413
v 0.041254 0.186016 0.069221
v 0.023316 0.180021 0.102007
v 0.035426 0.190738 0.153888
v 0.083539 0.212296 0.178282
v 0.050496 0.190981 0.149414
v 0.111686 0.238088 0.016752
v 0.137019 0.264160 0.020486
v 0.160519 0.294699 0.035731
v 0.185867 0.350845 0.113181
v 0.137300 0.262144 0.183126
v 0.112328 0.237397 0.187359
v 0.175396 0.199911 0.136454
v 0.163592 0.195789 0.161124
v 0.178891 0.307498 0.137339
v 0.106417 0.068068 0.138619
v 0.093169 0.068015 0.135003
v 0.087042 0.174159 0.169307
v 0.113002 0.181438 0.176595
v 0.120099 0.068127 0.137196
v 0.139725 0.189069 0.173781
v 0.132338 0.068156 0.130925
v 0.141464 0.068117 0.120692
v 0.146321 0.068153 0.107747
v 0.183248 0.203252 0.113233
v 0.173554 0.198894 0.063210
v 0.141056 0.068205 0.081184
v 0.146160 0.068161 0.093961
v 0.182924 0.203332 0.087578
v 0.162485 0.197373 0.040396
v 0.131634 0.068166 0.071091
v 0.138151 0.190534 0.027918
v 0.119257 0.068158 0.065107
v 0.111476 0.183073 0.025473
v 0.105545 0.068103 0.064000
v 0.085317 0.175017 0.033646
v 0.092412 0.068087 0.067898
v 0.183433 0.541894 0.041479
v 0.200202 0.617498 0.086708
v 0.195188 0.623561 0.110531
v 0.184635 0.621088 0.137332
v 0.169189 0.611513 0.159516
v 0.121077 0.639026 0.158548
v 0.149782 0.540040 0.167849
v 0.173630 0.495956 0.104777
v 0.179164 0.499905 0.080270
v 0.182513 0.509655 0.063262
v 0.183521 0.521891 0.049299
v 0.185246 0.349982 0.085466
v 0.174345 0.301702 0.057761
v 0.183450 0.314950 0.085507
v 0.184589 0.316459 0.113152
v 0.064913 0.167997 0.151972
v 0.082142 0.067983 0.126893
v 0.074734 0.067912 0.115210
v 0.050911 0.164661 0.129089
v 0.072049 0.067905 0.101701
v 0.045544 0.163434 0.101639
v 0.034544 0.181700 0.101882
v 0.050383 0.165189 0.073964
v 0.064063 0.169260 0.050594
v 0.039526 0.185284 0.132060
v 0.026374 0.184033 0.136050
v 0.074407 0.067924 0.088148
v 0.081534 0.067995 0.076314
v 0.000000 0.182726 0.142264
v 0.000000 0.189421 0.043606
v 0.000000 0.189597 0.161544
v 0.000000 0.801674 0.176214
v 0.029619 0.801054 0.172607
v 0.050754 0.801357 0.164164
v -0.128823 0.121888 0.153459
v -0.109344 0.118463 0.155500
v -0.090445 0.115198 0.150251
v -0.074484 0.112441 0.138041
v -0.064144 0.110919 0.121380
v -0.060267 0.110369 0.101673
v -0.063728 0.111160 0.081843
v -0.073768 0.113009 0.064881
v -0.089258 0.115619 0.052672
v -0.108181 0.119209 0.046874
v -0.127656 0.122557 0.048575
v -0.145348 0.125601 0.057446
v -0.155502 0.126298 0.073194
v -0.162502 0.128247 0.091124
v -0.162736 0.128207 0.110186
v -0.156548 0.126702 0.127698
v -0.146231 0.124891 0.144349
v 0.091289 0.100581 0.145527
v 0.076856 0.098668 0.134587
v 0.067425 0.097595 0.119468
v 0.063917 0.097214 0.101682
v 0.067037 0.097765 0.083797
v 0.076174 0.099063 0.068423
v 0.090235 0.100893 0.057390
v 0.107365 0.103376 0.052180
v 0.125054 0.105704 0.053697
v 0.141099 0.107807 0.061673
v 0.151026 0.108301 0.075670
v 0.157439 0.109632 0.092003
v 0.157650 0.109601 0.109430
v 0.151875 0.108552 0.125528
v 0.141927 0.107314 0.140190
v 0.126120 0.105233 0.148420
v 0.108437 0.102850 0.150270
v 0.130955 0.936603 0.187744
v 0.133305 0.937081 0.195076
v 0.131735 0.933698 0.201665
v 0.127135 0.928399 0.203652
v 0.122187 0.924294 0.199813
v 0.119830 0.923835 0.192402
v 0.121448 0.927272 0.185826
v 0.126057 0.932553 0.183917
v 0.119721 0.948628 0.190636
v 0.122900 0.948804 0.198885
v 0.122211 0.943992 0.206064
v 0.117996 0.936905 0.207989
v 0.112666 0.931699 0.203354
v 0.109453 0.931581 0.194892
v 0.110259 0.936546 0.187758
v 0.114509 0.943579 0.186044
v 0.102382 0.957283 0.199274
v 0.106397 0.957035 0.206989
v 0.107785 0.951220 0.213016
v 0.105691 0.943121 0.213815
v 0.101272 0.937509 0.208746
v 0.097197 0.937850 0.200826
v 0.095903 0.943842 0.194881
v 0.098058 0.951852 0.194284
v 0.088569 0.957535 0.208986
v 0.092380 0.957284 0.215013
v 0.094663 0.952274 0.219275
v 0.094027 0.945357 0.219179
v 0.090834 0.940679 0.214678
v 0.087013 0.941079 0.208493
v 0.084814 0.946223 0.204369
v 0.085462 0.952991 0.204622
v 0.135114 0.927586 0.188622
v 0.136276 0.929046 0.193093
v 0.135430 0.926060 0.196578
v 0.132142 0.923683 0.198643
v 0.129940 0.920887 0.195550
v 0.127493 0.920770 0.191439
v 0.129631 0.922424 0.187582
v 0.131640 0.926142 0.185910
v 0.133610 0.923119 0.191741
v 0.084994 0.955233 0.218432
v 0.081789 0.954927 0.215107
v 0.080426 0.952375 0.211405
v 0.079635 0.948135 0.212296
v 0.081589 0.944470 0.213972
v 0.083224 0.944941 0.218409
v 0.086163 0.947314 0.221050
v 0.085392 0.951737 0.221225
v 0.081161 0.950064 0.217747
v 0.128094 0.943372 0.192363
v 0.128871 0.941361 0.200549
v 0.125625 0.935769 0.205551
v 0.120199 0.929823 0.204368
v 0.115802 0.927079 0.197612
v 0.115071 0.929184 0.189344
v 0.118388 0.934823 0.184461
v 0.123768 0.940674 0.185726
v 0.113369 0.954511 0.198404
v 0.115527 0.951541 0.206426
v 0.113987 0.944404 0.210850
v 0.109566 0.937199 0.208975
v 0.104871 0.934275 0.201783
v 0.102751 0.937409 0.193652
v 0.104401 0.944617 0.189413
v 0.108784 0.951659 0.191396
v 0.096864 0.958739 0.207802
v 0.100180 0.955573 0.214348
v 0.100646 0.948357 0.217295
v 0.097928 0.941287 0.214780
v 0.093635 0.938651 0.208226
v 0.090354 0.942019 0.201635
v 0.089976 0.949258 0.198897
v 0.092659 0.956125 0.201457
v 0.135159 0.932146 0.190655
v 0.135411 0.930961 0.196788
v 0.132590 0.927288 0.200582
v 0.128337 0.923271 0.199794
v 0.125152 0.921278 0.194873
v 0.124914 0.922484 0.188719
v 0.127752 0.926168 0.184953
v 0.131991 0.930164 0.185760
v 0.135993 0.925768 0.192311
v 0.133548 0.922608 0.195593
v 0.130808 0.920889 0.191333
v 0.133255 0.924049 0.188054
v 0.085911 0.956923 0.215046
v 0.082853 0.955014 0.210409
v 0.081281 0.949980 0.208295
v 0.082092 0.944697 0.209944
v 0.084831 0.942251 0.214464
v 0.087915 0.944145 0.219202
v 0.089519 0.949275 0.221316
v 0.088683 0.954574 0.219566
v 0.079729 0.951582 0.214545
v 0.080393 0.946780 0.216166
v 0.083146 0.948516 0.220471
v 0.082493 0.953321 0.218868
v 0.126266 0.942596 0.188540
v 0.121707 0.949379 0.194586
v 0.129034 0.942970 0.196574
v 0.132566 0.937342 0.191224
v 0.123053 0.946888 0.202898
v 0.127702 0.938856 0.203729
v 0.132989 0.935779 0.198730
v 0.120418 0.940478 0.207823
v 0.123002 0.932592 0.205827
v 0.129663 0.931098 0.203362
v 0.115264 0.933831 0.206377
v 0.117653 0.927853 0.201516
v 0.124509 0.926020 0.202368
v 0.110644 0.930951 0.199290
v 0.114867 0.927516 0.193331
v 0.120564 0.923555 0.196292
v 0.109353 0.933583 0.190867
v 0.116286 0.931735 0.186203
v 0.120169 0.925167 0.188742
v 0.112089 0.940059 0.186112
v 0.121006 0.937964 0.184255
v 0.123532 0.929871 0.184170
v 0.117187 0.946565 0.187670
v 0.128658 0.934901 0.185208
v 0.111239 0.953815 0.194460
v 0.104587 0.957915 0.203061
v 0.114893 0.953753 0.202601
v 0.107501 0.954658 0.210466
v 0.115237 0.948289 0.209351
v 0.107131 0.947160 0.214164
v 0.112017 0.940503 0.210774
v 0.103617 0.939745 0.211873
v 0.107047 0.934965 0.205847
v 0.099022 0.936894 0.204843
v 0.103339 0.935099 0.197484
v 0.096129 0.940331 0.197357
v 0.103105 0.940737 0.190793
v 0.096603 0.947887 0.193847
v 0.106380 0.948455 0.189589
v 0.100095 0.955123 0.196220
v 0.094713 0.958159 0.204338
v 0.090529 0.958052 0.212004
v 0.098793 0.957875 0.211316
v 0.093822 0.955231 0.217555
v 0.100855 0.952259 0.216480
v 0.094715 0.948795 0.219820
v 0.099641 0.944491 0.216744
v 0.092646 0.942522 0.217341
v 0.095821 0.939192 0.211806
v 0.088855 0.940214 0.211558
v 0.091701 0.939611 0.204637
v 0.085612 0.943224 0.205994
v 0.089732 0.945395 0.199596
v 0.084782 0.949650 0.203925
v 0.090986 0.953029 0.199523
v 0.086802 0.955734 0.206417
v 0.136195 0.928162 0.190928
v 0.136344 0.927444 0.194668
v 0.134015 0.924428 0.197796
v 0.131432 0.921994 0.197314
v 0.128816 0.920353 0.193253
v 0.128671 0.921078 0.189506
v 0.131006 0.924098 0.186388
v 0.133585 0.926525 0.186877
v 0.133867 0.931534 0.187819
v 0.135723 0.931967 0.193801
v 0.134331 0.929333 0.199191
v 0.130491 0.925157 0.200827
v 0.126449 0.921890 0.197728
v 0.124591 0.921465 0.191710
v 0.126006 0.924123 0.186326
v 0.129848 0.928291 0.184724
v 0.134812 0.924959 0.190010
v 0.134972 0.924178 0.194101
v 0.132156 0.921528 0.193571
v 0.131998 0.922312 0.189478
v 0.083177 0.955347 0.217232
v 0.080574 0.953714 0.213197
v 0.079566 0.950531 0.211878
v 0.080213 0.946021 0.213372
v 0.081898 0.944521 0.216236
v 0.084495 0.946146 0.220275
v 0.085512 0.949335 0.221596
v 0.084872 0.953853 0.220099
v 0.087459 0.956278 0.217512
v 0.084292 0.956503 0.212550
v 0.081785 0.952743 0.208898
v 0.081373 0.947155 0.208633
v 0.083294 0.942948 0.211972
v 0.086455 0.942639 0.217010
v 0.089005 0.946460 0.220739
v 0.089423 0.952132 0.220928
v 0.080971 0.952668 0.216731
v 0.079831 0.949108 0.215265
v 0.081686 0.947452 0.218481
v 0.082827 0.950994 0.219949
v -0.131507 0.936628 0.186811
v -0.134083 0.937224 0.195065
v -0.132169 0.933570 0.202517
v -0.126850 0.927765 0.204798
v -0.121233 0.923221 0.200510
v -0.118652 0.922643 0.192172
v -0.120621 0.926355 0.184733
v -0.125946 0.932140 0.182536
v -0.120277 0.949711 0.189260
v -0.123667 0.949924 0.198317
v -0.122725 0.944726 0.206299
v -0.117915 0.937013 0.208591
v -0.111957 0.931290 0.203573
v -0.108525 0.931160 0.194194
v -0.109645 0.936579 0.186276
v -0.114501 0.944217 0.184298
v -0.101105 0.959378 0.198781
v -0.105588 0.959033 0.207258
v -0.107289 0.952483 0.213831
v -0.105180 0.943396 0.214680
v -0.100373 0.937096 0.209056
v -0.095789 0.937553 0.200309
v -0.094203 0.944344 0.193831
v -0.096413 0.953329 0.193247
v -0.086803 0.958392 0.209312
v -0.091119 0.958154 0.215857
v -0.093885 0.952623 0.220448
v -0.093391 0.944925 0.220220
v -0.089928 0.939732 0.215163
v -0.085607 0.940223 0.208378
v -0.082975 0.945957 0.204020
v -0.083474 0.953403 0.204490
v -0.135389 0.927196 0.188048
v -0.136818 0.927537 0.192696
v -0.135734 0.925512 0.196876
v -0.132768 0.922303 0.198136
v -0.129657 0.919792 0.195733
v -0.128227 0.919454 0.191075
v -0.129316 0.921484 0.186897
v -0.132283 0.924691 0.185646
v -0.133192 0.922825 0.191626
v -0.082703 0.955461 0.219580
v -0.080181 0.955684 0.215434
v -0.078112 0.952576 0.212399
v -0.077722 0.947985 0.212273
v -0.079225 0.944622 0.215104
v -0.081724 0.944429 0.219211
v -0.083774 0.947495 0.222216
v -0.084187 0.952056 0.222382
v -0.080061 0.950084 0.218076
v 0.127343 0.260593 0.265655
v 0.073315 0.428088 0.305773
v 0.122233 0.359793 0.295572
v 0.095858 0.388149 0.305906
v 0.107794 0.261180 0.216241
v 0.066897 0.440931 0.264969
v 0.135236 0.332416 0.239479
v 0.129011 0.280148 0.279092
v 0.117453 0.284234 0.223089
v 0.129999 0.314226 0.296054
v 0.128232 0.313578 0.233983
v 0.053847 0.255207 0.232884
v 0.061625 0.260130 0.287174
v 0.059938 0.281022 0.303042
v 0.058890 0.311775 0.315968
v 0.054536 0.346970 0.325294
v 0.043338 0.387720 0.328493
v 0.035084 0.428713 0.306499
v 0.031917 0.441902 0.259383
v 0.056965 0.442232 0.258996
v 0.062009 0.428423 0.302595
v 0.079385 0.387400 0.324034
v 0.099661 0.347014 0.318875
v 0.106114 0.312686 0.309341
v 0.106673 0.280884 0.294045
v 0.107295 0.259670 0.276565
v 0.090561 0.254598 0.223514
v -0.003728 0.388313 0.331308
v -0.003212 0.441718 0.260875
v -0.003524 0.311727 0.319945
v -0.069070 0.260127 0.286467
v -0.067399 0.280943 0.302490
v -0.003330 0.280791 0.307523
v -0.003256 0.260112 0.292266
v -0.081053 0.425415 0.305839
v -0.069472 0.428580 0.302354
v -0.086904 0.387472 0.324065
v -0.103336 0.388234 0.306231
v -0.041799 0.428719 0.306489
v -0.003360 0.428796 0.309173
v -0.138499 0.314683 0.294839
v -0.129539 0.359005 0.291902
v -0.137524 0.261059 0.261382
v -0.116847 0.259737 0.273948
v -0.038333 0.441903 0.259379
v -0.129980 0.314803 0.231922
v -0.133946 0.333688 0.237086
v -0.097384 0.254523 0.222312
v -0.114290 0.261475 0.213773
v -0.114484 0.312701 0.308821
v -0.115994 0.280807 0.292039
v -0.138892 0.280616 0.275755
v -0.122579 0.285172 0.220668
v -0.107676 0.347040 0.318776
v -0.062150 0.346954 0.325366
v -0.050790 0.387733 0.328511
v -0.063448 0.442193 0.259122
v -0.003123 0.255654 0.237153
v -0.060279 0.255126 0.232689
v -0.066265 0.311716 0.315913
v -0.073199 0.440721 0.265552
v -0.003786 0.347854 0.328904
v -0.132126 0.256337 0.233268
v -0.112169 0.249855 0.244090
v -0.068119 0.250370 0.257520
v -0.003183 0.250626 0.263331
v 0.061208 0.250358 0.258060
v 0.104013 0.249744 0.246323
v 0.123822 0.255780 0.237222
v 0.130918 0.279776 0.246431
v 0.137880 0.313212 0.261209
v 0.138995 0.337391 0.266596
v -0.141626 0.338329 0.264449
v -0.143424 0.314413 0.259025
v -0.138619 0.280873 0.242854
v 0.121463 0.265647 0.262089
v 0.073527 0.422863 0.297941
v 0.116869 0.358604 0.288014
v 0.090616 0.385820 0.298619
v 0.104164 0.266408 0.222707
v 0.067386 0.433184 0.261435
v 0.127385 0.333485 0.242434
v 0.122579 0.282958 0.273726
v 0.111030 0.284715 0.229441
v 0.123975 0.315067 0.289198
v 0.120936 0.314724 0.238562
v 0.054177 0.263256 0.235252
v 0.061002 0.266369 0.280573
v 0.059183 0.284502 0.293926
v 0.058205 0.313936 0.306258
v 0.053893 0.348040 0.315314
v 0.042728 0.386194 0.318599
v 0.034582 0.422577 0.299741
v 0.031804 0.434030 0.256231
v 0.057159 0.434466 0.255480
v 0.062197 0.422288 0.295812
v 0.076560 0.385589 0.314804
v 0.096338 0.347125 0.309628
v 0.103622 0.314385 0.299939
v 0.104456 0.284497 0.285371
v 0.105672 0.265884 0.270185
v 0.090497 0.262523 0.226468
v -0.003728 0.386831 0.321376
v -0.003212 0.433790 0.257934
v -0.003523 0.313848 0.310186
v -0.068365 0.266376 0.279891
v -0.066573 0.284493 0.293424
v -0.003317 0.284202 0.298323
v -0.003238 0.266353 0.285625
v -0.080370 0.420324 0.297917
v -0.068946 0.422289 0.295815
v -0.084084 0.385587 0.314854
v -0.098018 0.385815 0.299071
v -0.041300 0.422577 0.299739
v -0.003361 0.422686 0.302353
v -0.132120 0.315136 0.288418
v -0.123611 0.357602 0.285058
v -0.131271 0.265938 0.258455
v -0.115038 0.265986 0.267694
v -0.038220 0.434030 0.256229
v -0.123145 0.314721 0.237630
v -0.126573 0.333436 0.241683
v -0.097395 0.262454 0.225241
v -0.110904 0.266463 0.220699
v -0.111846 0.314383 0.299472
v -0.113625 0.284551 0.283507
v -0.132083 0.283191 0.270929
v -0.116610 0.284806 0.227657
v -0.104075 0.347115 0.309684
v -0.061506 0.348037 0.315389
v -0.050185 0.386194 0.318619
v -0.063570 0.434466 0.255476
v -0.003129 0.263687 0.239637
v -0.060625 0.263180 0.235027
v -0.065552 0.313924 0.306222
v -0.073866 0.433184 0.261433
v -0.003786 0.348914 0.318892
v -0.126618 0.261536 0.237364
v -0.111357 0.258101 0.243960
v -0.068085 0.258623 0.256609
v -0.003179 0.258888 0.262547
v 0.061199 0.258613 0.257179
v 0.103232 0.257994 0.246167
v 0.118255 0.261233 0.240656
v 0.123050 0.280672 0.249406
v 0.129665 0.314200 0.261774
v 0.130882 0.337083 0.264572
v -0.133438 0.337077 0.264114
v -0.135270 0.314296 0.260823
v -0.130966 0.280964 0.246726
v 0.083811 0.718527 0.210470
v 0.116344 0.720145 0.095209
v 0.096956 0.752184 -0.003885
v 0.073409 1.027975 0.170724
v 0.118593 1.045956 0.091737
v 0.088392 1.026536 -0.005403
v 0.086492 0.956695 0.217054
v 0.154405 0.964450 0.078536
v 0.109671 0.958996 -0.035059
v 0.125055 0.779714 0.221216
v 0.178313 0.802467 0.101167
v 0.126278 0.815047 -0.034664
v 0.061807 0.876185 0.264075
v 0.107944 0.833249 0.242982
v 0.150818 0.919643 0.169874
v 0.146327 0.837976 0.188935
v 0.130154 0.955630 0.188737
v 0.055236 0.919527 0.238503
v 0.088565 0.915304 0.222125
v 0.077708 0.900278 0.231387
v 0.083059 0.873796 0.237407
v 0.097656 0.858327 0.232377
v 0.115968 0.856631 0.218769
v 0.126961 0.898296 0.204572
v 0.109944 0.915260 0.210631
v 0.120955 0.893582 -0.042937
v 0.164605 0.895105 0.081227
v 0.156296 0.876630 0.167895
v 0.129245 0.873834 0.207808
v 0.059952 0.747249 0.385843
v 0.077609 0.811616 0.419755
v 0.069224 0.852892 0.419880
v 0.000384 0.802244 0.454987
v 0.000384 0.899028 -0.096100
v 0.000384 0.945262 0.236951
v 0.000384 1.045641 0.180843
v 0.000384 0.776552 0.415908
v 0.000384 0.800215 -0.081894
v 0.000384 0.990795 0.216826
v 0.000384 0.859381 0.454489
v 0.073477 0.747166 0.355531
v 0.095639 0.820266 0.359175
v 0.076593 0.856050 0.362037
v 0.000384 0.877296 0.353846
v 0.047620 0.876948 0.417263
v 0.049312 0.881051 0.388249
v 0.000384 0.893743 0.386732
v 0.071655 0.858417 0.330691
v 0.098884 0.824632 0.324008
v 0.103695 0.791172 0.320447
v 0.076143 0.741769 0.317516
v 0.000384 0.724997 0.316330
v 0.051480 0.825494 0.432706
v 0.049942 0.839046 0.432082
v 0.031636 0.839379 0.446307
v 0.031928 0.823725 0.446274
v 0.044719 0.829272 0.430922
v 0.044375 0.835122 0.430636
v 0.037928 0.834708 0.438133
v 0.038035 0.828730 0.438097
v 0.090972 0.786675 0.352149
v 0.097717 0.791088 0.353209
v 0.062397 0.778505 0.401652
v 0.072875 0.780233 0.408455
v 0.080608 0.781009 0.319484
v 0.074693 0.784903 0.347681
v 0.054857 0.778214 0.390547
v 0.066519 0.864416 0.302080
v 0.101109 0.827484 0.290085
v 0.110526 0.784504 0.279574
v 0.077040 0.731388 0.274962
v 0.000384 0.715001 0.272733
v -0.083044 0.718527 0.210470
v 0.000384 0.700705 0.207577
v 0.000384 0.697563 0.094875
v -0.115577 0.720145 0.095209
v -0.096189 0.752184 -0.003885
v 0.000384 0.731590 -0.020804
v -0.087625 1.026536 -0.005403
v 0.000384 1.048718 -0.025551
v 0.000384 1.089324 0.103170
v -0.117826 1.045956 0.091737
v -0.059185 0.747249 0.385843
v -0.061630 0.778505 0.401652
v 0.000384 0.731919 0.391851
v -0.177546 0.802467 0.101167
v -0.124288 0.779714 0.221216
v -0.125511 0.815047 -0.034664
v -0.129387 0.955630 0.188737
v -0.072642 1.027975 0.170724
v -0.085725 0.956695 0.217054
v -0.153638 0.964450 0.078536
v -0.108904 0.958996 -0.035059
v -0.072108 0.780233 0.408455
v -0.076842 0.811616 0.419755
v 0.000384 0.764699 0.432652
v -0.145560 0.837976 0.188935
v -0.107177 0.833249 0.242982
v -0.163837 0.895105 0.081227
v -0.120188 0.893582 -0.042937
v -0.150051 0.919643 0.169874
v -0.155529 0.876630 0.167895
v -0.054469 0.919527 0.238503
v -0.076941 0.900278 0.231387
v -0.087798 0.915304 0.222125
v -0.061040 0.876185 0.264075
v -0.082292 0.873796 0.237407
v -0.096889 0.858327 0.232377
v -0.115201 0.856631 0.218769
v -0.128478 0.873834 0.207808
v -0.109177 0.915260 0.210631
v -0.126194 0.898296 0.204572
v 0.000384 0.896964 0.269133
v 0.000384 0.963399 -0.086906
v -0.037268 0.828730 0.438097
v -0.043952 0.829272 0.430922
v -0.043608 0.835122 0.430636
v -0.037161 0.834708 0.438133
v -0.046853 0.876948 0.417263
v -0.048545 0.881051 0.388249
v 0.000384 0.885618 0.433672
v -0.072710 0.747166 0.355531
v -0.090205 0.786675 0.352149
v -0.096949 0.791088 0.353209
v -0.094872 0.820266 0.359175
v -0.068457 0.852892 0.419880
v -0.075826 0.856050 0.362037
v 0.000384 0.724725 0.355621
v -0.076273 0.731388 0.274962
v -0.109759 0.784504 0.279574
v -0.100342 0.827484 0.290085
v -0.065752 0.864416 0.302080
v 0.000384 0.883794 0.303391
v -0.075375 0.741769 0.317516
v -0.102928 0.791172 0.320447
v -0.098117 0.824632 0.324008
v -0.070888 0.858417 0.330691
v 0.000384 0.878458 0.329406
v -0.049175 0.839046 0.432082
v -0.050713 0.825494 0.432706
v -0.030869 0.839379 0.446307
v -0.031161 0.823725 0.446274
v 0.000384 0.764527 0.408131
v -0.054090 0.778214 0.390547
v -0.073926 0.784903 0.347681
v -0.079841 0.781009 0.319484
v 0.054517 0.699687 0.155497
v 0.060872 0.716800 0.034444
v 0.058321 1.067600 0.036104
v 0.036401 0.754283 0.402308
v 0.135321 0.748019 0.159375
v 0.146070 0.769974 0.030065
v 0.110075 1.000712 0.170354
v 0.129204 1.003961 0.025200
v 0.062966 0.770208 -0.050662
v 0.042573 0.784339 0.434595
v 0.144997 0.811330 0.190740
v 0.146223 0.930443 0.016910
v 0.146969 0.974970 0.135085
v 0.161678 0.915758 0.129170
v 0.078158 0.922142 0.228669
v 0.068426 0.891821 0.243997
v 0.087091 0.859040 0.245852
v 0.117415 0.844596 0.222334
v 0.139237 0.858708 0.197379
v 0.132686 0.920833 0.197758
v 0.107399 0.934392 0.213977
v 0.160537 0.853936 0.019775
v 0.069121 0.852539 -0.079418
v 0.168858 0.852757 0.137033
v 0.143932 0.889914 0.189351
v 0.037721 0.956875 0.227962
v 0.042950 1.009722 0.201384
v 0.052285 1.065990 0.142535
v 0.029263 0.911500 0.252084
v 0.055229 1.001250 -0.053831
v 0.063578 0.929119 -0.080708
v 0.041267 0.831965 0.432832
v 0.028106 0.889103 0.408699
v 0.080039 0.763836 0.375138
v 0.092693 0.799088 0.385268
v 0.086747 0.834867 0.388993
v 0.040336 0.731799 0.373868
v 0.041784 0.711126 0.245786
v 0.101819 0.750618 0.251266
v 0.112981 0.806543 0.261523
v 0.086099 0.850247 0.276929
v 0.033537 0.881630 0.286583
v 0.033185 0.871895 0.436815
v 0.068580 0.867986 0.396321
v 0.035779 0.880589 0.369523
v 0.041949 0.730995 0.336751
v 0.092074 0.766190 0.335135
v 0.102805 0.806660 0.336061
v 0.090571 0.839667 0.342365
v 0.041236 0.869596 0.342511
v 0.066251 0.832368 0.426809
v 0.039841 0.849632 0.440358
v 0.016178 0.831285 0.454610
v 0.042588 0.814021 0.441061
v 0.048134 0.832390 0.429444
v 0.041001 0.837918 0.436340
v 0.034388 0.831509 0.443486
v 0.041521 0.825981 0.436590
v 0.036009 0.767335 0.415459
v 0.080734 0.782928 0.375727
v 0.092453 0.787205 0.332217
v 0.041876 0.724592 0.296486
v 0.098038 0.760995 0.298012
v 0.107309 0.808190 0.303068
v 0.088591 0.844350 0.313401
v 0.037828 0.874923 0.317756
v -0.053750 0.699687 0.155497
v -0.060105 0.716800 0.034444
v -0.057554 1.067600 0.036104
v -0.035634 0.754283 0.402308
v -0.134554 0.748019 0.159375
v -0.145302 0.769974 0.030065
v -0.109308 1.000712 0.170354
v -0.128437 1.003961 0.025200
v -0.062199 0.770208 -0.050662
v -0.041806 0.784339 0.434595
v -0.144230 0.811330 0.190740
v -0.145455 0.930443 0.016910
v -0.146202 0.974970 0.135085
v -0.160911 0.915758 0.129170
v -0.077391 0.922142 0.228669
v -0.067659 0.891821 0.243997
v -0.086324 0.859040 0.245852
v -0.116648 0.844596 0.222334
v -0.138470 0.858708 0.197379
v -0.131919 0.920833 0.197758
v -0.106632 0.934392 0.213977
v -0.159770 0.853936 0.019775
v -0.068354 0.852539 -0.079418
v -0.168091 0.852757 0.137033
v -0.143165 0.889914 0.189351
v -0.036954 0.956875 0.227962
v -0.042183 1.009722 0.201384
v -0.051518 1.065990 0.142535
v -0.028496 0.911500 0.252084
v -0.054462 1.001250 -0.053831
v -0.062810 0.929119 -0.080708
v -0.040500 0.831965 0.432832
v -0.027338 0.889103 0.408699
v -0.079272 0.763836 0.375138
v -0.091926 0.799088 0.385268
v -0.085980 0.834867 0.388993
v -0.039569 0.731799 0.373867
v -0.041017 0.711126 0.245786
v -0.101052 0.750618 0.251266
v -0.112213 0.806543 0.261523
v -0.085332 0.850247 0.276929
v -0.032770 0.881630 0.286583
v -0.032418 0.871895 0.436815
v -0.067813 0.867986 0.396321
v -0.035012 0.880589 0.369523
v -0.041182 0.730995 0.336751
v -0.091307 0.766190 0.335135
v -0.102038 0.806660 0.336061
v -0.089804 0.839667 0.342365
v -0.040469 0.869596 0.342511
v -0.065484 0.832368 0.426809
v -0.039074 0.849632 0.440358
v -0.015411 0.831285 0.454610
v -0.041821 0.814021 0.441061
v -0.047367 0.832390 0.429444
v -0.040234 0.837918 0.436340
v -0.033621 0.831509 0.443486
v -0.040754 0.825981 0.436590
v -0.035242 0.767335 0.415459
v -0.079967 0.782928 0.375727
v -0.091686 0.787205 0.332217
v -0.041109 0.724592 0.296486
v -0.097271 0.760995 0.298012
v -0.106542 0.808190 0.303068
v -0.087824 0.844350 0.313401
v -0.037061 0.874923 0.317756
v 0.062500 0.702223 0.095061
v 0.101785 0.715538 0.156710
v 0.112416 0.736964 0.034536
v 0.092684 1.041674 0.142712
v 0.060946 1.077837 0.095776
v 0.105011 1.040640 0.031735
v 0.053414 1.040373 -0.019444
v 0.111311 0.746904 0.214490
v 0.031202 0.891078 0.268753
v 0.153643 0.755273 0.094906
v 0.156814 0.944229 0.130447
v 0.115033 0.779246 -0.022629
v 0.139931 0.964813 0.019319
v 0.122659 0.807253 0.231560
v 0.173957 0.852423 0.085131
v 0.126344 0.854806 -0.041064
v 0.034114 0.776853 0.413137
v 0.151076 0.784245 0.168912
v 0.162041 0.810682 0.024117
v 0.081014 0.999897 0.192587
v 0.101145 0.996897 -0.022579
v 0.143210 1.003100 0.080692
v 0.066500 0.937070 0.229283
v 0.129604 0.830904 0.212625
v 0.142716 0.940554 0.177675
v 0.085611 0.854187 0.258390
v 0.154274 0.854874 0.174708
v 0.112350 0.959490 0.201947
v 0.053494 0.899126 0.250369
v 0.131578 0.997344 0.147062
v 0.165296 0.824567 0.154190
v 0.081258 0.909654 0.227088
v 0.078709 0.887049 0.235295
v 0.089554 0.864349 0.236314
v 0.106828 0.855347 0.225953
v 0.130181 0.886110 0.205064
v 0.119768 0.908460 0.206587
v 0.098835 0.917357 0.216225
v 0.092024 0.931193 0.221742
v 0.069170 0.908574 0.235756
v 0.074781 0.874453 0.248870
v 0.102315 0.848211 0.236490
v 0.130390 0.848120 0.207818
v 0.140076 0.906187 0.191638
v 0.121786 0.931139 0.205830
v 0.115836 0.926435 -0.041390
v 0.159812 0.930450 0.078871
v 0.155244 0.898277 0.166449
v 0.123974 0.863401 0.212549
v 0.151838 0.895327 0.017290
v 0.066550 0.896444 -0.081920
v 0.164660 0.886341 0.131337
v 0.143803 0.873569 0.191172
v 0.079232 0.832976 0.414745
v 0.043050 0.801436 0.439848
v 0.030508 0.935798 0.238009
v 0.044127 0.979820 0.217301
v 0.044940 0.704289 0.208242
v 0.058179 0.740451 -0.017187
v 0.042799 1.040479 0.177399
v 0.059904 0.960681 -0.072454
v 0.068768 0.807195 -0.070049
v 0.038528 0.737378 0.389783
v 0.000384 0.779647 0.442648
v 0.000384 0.850621 -0.092973
v 0.000384 1.017294 0.202424
v 0.000384 0.918954 0.251777
v 0.037672 0.860254 0.439681
v 0.040460 0.770412 0.426175
v 0.000384 0.751158 0.404883
v 0.000384 0.761112 -0.058512
v 0.000384 0.967997 0.226818
v 0.000384 0.831193 0.457832
v 0.070238 0.746614 0.373251
v 0.089969 0.786840 0.381201
v 0.090941 0.816241 0.387880
v 0.079498 0.852828 0.391006
v 0.086858 0.766075 0.354128
v 0.090094 0.837333 0.361038
v 0.040697 0.871054 0.355261
v 0.041563 0.731641 0.355783
v 0.000384 0.725457 0.336194
v 0.077493 0.724498 0.247917
v 0.113927 0.780846 0.255809
v 0.102524 0.829184 0.268524
v 0.063254 0.868229 0.283896
v 0.029093 0.882271 0.427806
v 0.052085 0.880144 0.402898
v 0.030307 0.889504 0.386827
v 0.000384 0.892784 0.411405
v 0.058435 0.867963 0.418595
v 0.061677 0.872137 0.377471
v 0.000384 0.885891 0.368275
v 0.073996 0.855684 0.343727
v 0.097870 0.822881 0.339465
v 0.102093 0.793827 0.333272
v 0.075263 0.745333 0.336904
v 0.000384 0.721152 0.295839
v 0.041913 0.728950 0.316932
v 0.095773 0.764418 0.316862
v 0.105022 0.808145 0.319821
v 0.089596 0.841972 0.328108
v 0.039558 0.872218 0.330326
v 0.053865 0.832389 0.430078
v 0.040636 0.841646 0.439145
v 0.028627 0.831432 0.448607
v 0.041856 0.822175 0.439539
v 0.061714 0.820421 0.430642
v 0.058271 0.844044 0.429927
v 0.022098 0.846317 0.450965
v 0.022776 0.816523 0.451304
v 0.045215 0.832279 0.428998
v 0.041141 0.835629 0.433663
v 0.037315 0.831644 0.438483
v 0.041389 0.828293 0.433819
v 0.046745 0.827876 0.431473
v 0.046087 0.836684 0.430925
v 0.036045 0.836168 0.441818
v 0.036168 0.827070 0.441644
v 0.079788 0.782260 0.378277
v 0.100635 0.790308 0.332406
v 0.099186 0.803664 0.356354
v 0.065319 0.759797 0.392940
v 0.076198 0.792718 0.414211
v 0.095072 0.787280 0.317669
v 0.088213 0.786099 0.350368
v 0.065004 0.776928 0.400140
v 0.068244 0.783183 0.369548
v 0.078349 0.783690 0.332029
v 0.069241 0.861237 0.317244
v 0.099930 0.826067 0.308064
v 0.107691 0.787555 0.299391
v 0.076662 0.737133 0.297515
v 0.041834 0.718469 0.273432
v 0.099757 0.756277 0.276756
v 0.109888 0.807441 0.284177
v 0.087458 0.847032 0.296817
v 0.035877 0.877973 0.303581
v 0.030390 0.769683 0.403595
v -0.044173 0.704289 0.208242
v 0.000384 0.695919 0.155254
v -0.061733 0.702223 0.095061
v -0.101018 0.715538 0.156710
v -0.111649 0.736964 0.034536
v 0.000384 0.709930 0.033257
v -0.057412 0.740451 -0.017187
v -0.052647 1.040373 -0.019444
v 0.000384 1.078650 0.037748
v -0.060179 1.077837 0.095776
v -0.104244 1.040640 0.031735
v -0.064552 0.759797 0.392940
v -0.033346 0.776853 0.413137
v -0.037761 0.737378 0.389783
v -0.152876 0.755273 0.094906
v -0.150309 0.784245 0.168912
v -0.110544 0.746904 0.214490
v -0.114266 0.779246 -0.022629
v -0.161274 0.810682 0.024117
v -0.130810 0.997344 0.147062
v -0.091917 1.041674 0.142712
v -0.080247 0.999897 0.192587
v -0.111582 0.959490 0.201947
v -0.139164 0.964813 0.019319
v -0.100378 0.996897 -0.022579
v -0.142443 1.003100 0.080692
v -0.068000 0.807195 -0.070049
v -0.075431 0.792718 0.414211
v -0.042282 0.801436 0.439848
v -0.039693 0.770412 0.426175
v -0.128837 0.830904 0.212625
v -0.121892 0.807253 0.231560
v -0.164529 0.824567 0.154190
v -0.159045 0.930450 0.078871
v -0.151071 0.895327 0.017290
v -0.115069 0.926435 -0.041390
v -0.141949 0.940554 0.177675
v -0.156047 0.944229 0.130447
v -0.154477 0.898277 0.166449
v -0.163893 0.886341 0.131337
v -0.065733 0.937070 0.229283
v -0.068403 0.908574 0.235756
v -0.080491 0.909654 0.227088
v -0.091257 0.931193 0.221742
v -0.052727 0.899126 0.250369
v -0.074014 0.874453 0.248870
v -0.077942 0.887049 0.235295
v -0.084844 0.854187 0.258390
v -0.101548 0.848211 0.236490
v -0.088787 0.864349 0.236314
v -0.129623 0.848120 0.207818
v -0.106061 0.855347 0.225953
v -0.143036 0.873569 0.191172
v -0.123207 0.863401 0.212549
v -0.153507 0.854874 0.174708
v -0.121019 0.931139 0.205830
v -0.119001 0.908460 0.206587
v -0.139309 0.906187 0.191638
v -0.098068 0.917357 0.216225
v -0.173190 0.852423 0.085131
v -0.125577 0.854806 -0.041064
v -0.065783 0.896444 -0.081920
v -0.129414 0.886110 0.205064
v -0.043360 0.979820 0.217301
v -0.029741 0.935798 0.238009
v -0.042032 1.040479 0.177399
v 0.000384 1.073986 0.149313
v -0.030435 0.891078 0.268753
v -0.059137 0.960681 -0.072454
v 0.000384 1.006281 -0.065326
v 0.000384 0.932134 -0.095620
v -0.040622 0.828293 0.433819
v -0.044448 0.832279 0.428998
v -0.040374 0.835629 0.433663
v -0.036548 0.831644 0.438483
v -0.051318 0.880144 0.402898
v -0.029539 0.889504 0.386827
v -0.028326 0.882271 0.427806
v -0.069471 0.746614 0.373251
v -0.086091 0.766075 0.354128
v -0.079021 0.782260 0.378277
v -0.089202 0.786840 0.381201
v -0.098419 0.803664 0.356354
v -0.090173 0.816241 0.387880
v -0.078465 0.832976 0.414745
v -0.089327 0.837333 0.361038
v -0.078731 0.852828 0.391006
v 0.000384 0.724994 0.374801
v -0.040796 0.731641 0.355783
v -0.076726 0.724498 0.247917
v -0.041067 0.718469 0.273432
v 0.000384 0.707626 0.245024
v -0.113160 0.780846 0.255809
v -0.098990 0.756277 0.276756
v -0.101757 0.829184 0.268524
v -0.109121 0.807441 0.284177
v -0.062487 0.868229 0.283896
v -0.086691 0.847032 0.296817
v 0.000384 0.887185 0.286856
v -0.035110 0.877973 0.303581
v -0.036904 0.860254 0.439681
v -0.057668 0.867963 0.418595
v 0.000384 0.874849 0.444912
v -0.060910 0.872137 0.377471
v -0.039930 0.871054 0.355261
v -0.074496 0.745333 0.336904
v -0.041146 0.728950 0.316932
v -0.099868 0.790308 0.332406
v -0.095006 0.764418 0.316862
v -0.097103 0.822881 0.339465
v -0.101325 0.793827 0.333272
v -0.104255 0.808145 0.319821
v -0.073229 0.855684 0.343727
v -0.088829 0.841972 0.328108
v 0.000384 0.876026 0.341260
v -0.038791 0.872218 0.330326
v -0.057504 0.844044 0.429927
v -0.053098 0.832389 0.430078
v -0.060947 0.820421 0.430642
v -0.021331 0.846317 0.450965
v -0.039869 0.841646 0.439145
v -0.022009 0.816523 0.451304
v -0.027860 0.831432 0.448607
v -0.041089 0.822175 0.439539
v -0.045320 0.836684 0.430925
v -0.045978 0.827876 0.431473
v -0.035278 0.836168 0.441818
v -0.035401 0.827070 0.441644
v 0.000384 0.761640 0.420844
v -0.029623 0.769683 0.403595
v -0.064237 0.776928 0.400140
v -0.067477 0.783183 0.369548
v -0.087446 0.786099 0.350368
v -0.077582 0.783690 0.332029
v -0.094305 0.787280 0.317669
v -0.075895 0.737133 0.297515
v -0.106923 0.787555 0.299391
v -0.099163 0.826067 0.308064
v -0.068474 0.861237 0.317244
v 0.000384 0.880966 0.317179
v 0.084717 0.871818 0.245324
v 0.107353 0.865864 0.238273
v 0.126009 0.867840 0.222601
v 0.079492 0.895558 0.242736
v 0.108203 0.895461 0.234636
v 0.130064 0.890685 0.214906
v 0.080512 0.916330 0.229889
v 0.102203 0.920379 0.219370
v 0.121804 0.912351 0.207166
v 0.073797 0.862651 0.238150
v 0.100150 0.848924 0.228150
v 0.124370 0.857778 0.210320
v 0.132269 0.884027 0.195104
v 0.119220 0.912294 0.191416
v 0.092867 0.926021 0.201416
v 0.068647 0.917166 0.219246
v 0.060748 0.890918 0.234462
v 0.094717 0.881418 0.243881
v 0.120965 0.878889 0.229436
v 0.092044 0.909713 0.234069
v 0.118292 0.907184 0.219625
v 0.090789 0.858719 0.240717
v 0.117037 0.856190 0.226273
v 0.132703 0.873312 0.210154
v 0.130030 0.901607 0.200343
v 0.110812 0.922090 0.203422
v 0.084564 0.924618 0.217866
v 0.068897 0.907496 0.233984
v 0.071570 0.879202 0.243795
v 0.094387 0.868368 0.243610
v 0.108700 0.879868 0.238268
v 0.093402 0.896172 0.240719
v 0.081783 0.881801 0.245629
v 0.118994 0.865997 0.230068
v 0.129268 0.877226 0.219498
v 0.121169 0.893497 0.225439
v 0.105872 0.909801 0.227889
v 0.089552 0.919555 0.225860
v 0.079277 0.908327 0.236431
v 0.126763 0.903752 0.210300
v 0.114159 0.917185 0.212319
v 0.085981 0.853285 0.234741
v 0.113748 0.850610 0.219461
v 0.104405 0.855049 0.234809
v 0.079207 0.866915 0.243554
v 0.126692 0.862340 0.217423
v 0.130877 0.869331 0.201838
v 0.128050 0.899263 0.191459
v 0.134004 0.887399 0.204356
v 0.121857 0.913527 0.199674
v 0.107036 0.921659 0.194825
v 0.079269 0.924334 0.210105
v 0.097693 0.926098 0.210173
v 0.074372 0.918102 0.225804
v 0.062139 0.905613 0.227729
v 0.064967 0.875681 0.238108
v 0.068094 0.893749 0.240626
v -0.083891 0.871818 0.245324
v -0.106527 0.865864 0.238273
v -0.125183 0.867840 0.222601
v -0.078666 0.895558 0.242736
v -0.107377 0.895461 0.234636
v -0.129238 0.890685 0.214906
v -0.079686 0.916330 0.229889
v -0.101377 0.920379 0.219370
v -0.120978 0.912351 0.207166
v -0.072971 0.862651 0.238150
v -0.099324 0.848924 0.228150
v -0.123544 0.857778 0.210320
v -0.131443 0.884027 0.195104
v -0.118394 0.912294 0.191416
v -0.092041 0.926021 0.201416
v -0.067821 0.917166 0.219246
v -0.059922 0.890918 0.234462
v -0.093891 0.881418 0.243880
v -0.120139 0.878889 0.229436
v -0.091218 0.909713 0.234069
v -0.117466 0.907184 0.219625
v -0.089963 0.858719 0.240717
v -0.116211 0.856190 0.226272
v -0.131877 0.873312 0.210154
v -0.129204 0.901607 0.200343
v -0.109986 0.922090 0.203422
v -0.083738 0.924618 0.217866
v -0.068071 0.907496 0.233984
v -0.070744 0.879202 0.243795
v -0.093561 0.868368 0.243609
v -0.107874 0.879868 0.238268
v -0.092576 0.896172 0.240719
v -0.080957 0.881801 0.245629
v -0.118168 0.865997 0.230068
v -0.128442 0.877226 0.219498
v -0.120343 0.893497 0.225439
v -0.105046 0.909801 0.227889
v -0.088726 0.919555 0.225860
v -0.078452 0.908327 0.236431
v -0.125937 0.903752 0.210300
v -0.113333 0.917185 0.212319
v -0.085155 0.853285 0.234741
v -0.112922 0.850610 0.219461
v -0.103579 0.855049 0.234809
v -0.078381 0.866915 0.243554
v -0.125866 0.862340 0.217423
v -0.130051 0.869331 0.201838
v -0.127224 0.899263 0.191459
v -0.133178 0.887399 0.204356
v -0.121031 0.913527 0.199674
v -0.106210 0.921659 0.194825
v -0.078443 0.924334 0.210105
v -0.096867 0.926098 0.210173
v -0.073546 0.918102 0.225804
v -0.061314 0.905613 0.227728
v -0.064141 0.875681 0.238108
v -0.067268 0.893749 0.240626
v -0.121691 0.376554 -0.030470
v -0.151637 0.376649 -0.011216
v -0.112013 0.494046 -0.020363
v -0.141759 0.493988 -0.002755
v -0.081583 0.494125 -0.035571
v -0.091327 0.376956 -0.045770
v -0.057049 0.377855 -0.055297
v -0.047542 0.494155 -0.045202
v -0.108301 0.539502 -0.014194
v -0.133464 0.539451 0.002381
v -0.101308 0.585011 -0.010629
v -0.124401 0.584393 0.004862
v -0.073787 0.586986 -0.023902
v -0.078733 0.540912 -0.028628
v -0.089218 0.638866 -0.006879
v -0.110129 0.638647 0.008054
v -0.065136 0.639808 -0.018825
v -0.038441 0.640688 -0.026192
v 0.000000 0.641785 -0.028669
v -0.036163 0.588895 -0.032038
v -0.039224 0.542308 -0.037579
v -0.000000 0.543054 -0.040668
v -0.000000 0.376071 0.274357
v -0.078727 0.376287 0.264449
v -0.069205 0.494370 0.258014
v -0.121493 0.376518 0.245752
v -0.111784 0.494298 0.240145
v -0.152237 0.376638 0.224356
v -0.142618 0.494267 0.219564
v -0.107841 0.541091 0.229370
v -0.134402 0.540778 0.209805
v -0.066387 0.543134 0.245509
v -0.061497 0.589381 0.229080
v -0.100798 0.586473 0.214978
v -0.124717 0.585152 0.198923
v -0.052182 0.643008 0.205437
v -0.087837 0.641190 0.194082
v -0.109198 0.640577 0.181050
v -0.134026 0.641016 0.032178
v -0.152651 0.546677 0.019391
v -0.161693 0.494617 0.015055
v -0.176711 0.493836 0.036494
v -0.184091 0.493265 0.059221
v -0.188379 0.492176 0.113851
v -0.186302 0.492713 0.134203
v -0.177067 0.494170 0.165539
v -0.162707 0.494730 0.193655
v -0.172134 0.376584 0.198323
v -0.126502 0.644291 0.165006
v -0.134187 0.661444 0.131360
v -0.180138 0.519339 0.128755
v -0.180515 0.506605 0.094480
v -0.166694 0.528475 0.032076
v -0.138321 0.659486 0.067209
v -0.157239 0.546112 0.179576
v -0.132989 0.585742 0.189077
v -0.123759 0.612828 0.182860
v -0.168720 0.536296 0.156401
v -0.175023 0.514922 0.050914
v -0.179985 0.503157 0.069270
v -0.139106 0.595742 0.020538
v -0.138042 0.667195 0.094604
v -0.242217 0.463744 0.121668
v -0.250101 0.476944 0.139209
v -0.253625 0.489511 0.161167
v -0.244792 0.501359 0.181823
v -0.229121 0.510973 0.197611
v -0.208746 0.518194 0.209073
v -0.185278 0.523383 0.212915
v -0.160526 0.525349 0.207903
v -0.141181 0.518947 0.190574
v -0.138865 0.505365 0.167215
v -0.144728 0.491193 0.146188
v -0.158415 0.476663 0.127184
v -0.174142 0.469232 0.113094
v -0.191430 0.462373 0.103701
v -0.211691 0.456329 0.103088
v -0.229765 0.456788 0.108888
v -0.117183 0.612151 0.190247
v -0.094771 0.613199 0.204739
v -0.057281 0.615807 0.217447
v 0.000000 0.617508 0.223266
v -0.187959 0.492727 0.083557
v -0.202589 0.602679 0.063542
v -0.194859 0.572779 0.044390
v -0.191202 0.538135 0.038620
v -0.188347 0.514301 0.045365
v -0.183145 0.500246 0.060581
v -0.176637 0.492160 0.079816
v -0.169319 0.491589 0.103410
v -0.159199 0.505026 0.124111
v -0.150740 0.522954 0.146460
v -0.145009 0.545773 0.162272
v -0.143576 0.569441 0.185126
v -0.150882 0.594400 0.182366
v -0.170149 0.613533 0.168637
v -0.186422 0.624229 0.144364
v -0.197717 0.626543 0.115644
v -0.203339 0.619400 0.088827
v -0.024176 0.691203 -0.021815
v -0.054903 0.691054 -0.014900
v -0.073399 0.690978 -0.003420
v -0.089003 0.691496 0.011230
v -0.106717 0.692766 0.037241
v -0.113112 0.698633 0.068024
v -0.114815 0.709788 0.093645
v -0.111205 0.699457 0.125928
v -0.101961 0.693267 0.153274
v -0.088310 0.691317 0.169707
v -0.071891 0.691947 0.181598
v -0.044990 0.692426 0.191815
v 0.000000 0.661664 0.205502
v 0.121819 0.376916 -0.030324
v 0.151656 0.376688 -0.011192
v 0.112013 0.494046 -0.020363
v 0.141759 0.493988 -0.002755
v 0.081583 0.494125 -0.035571
v 0.091516 0.377761 -0.045469
v 0.047542 0.494155 -0.045202
v 0.000000 0.494007 -0.048531
v -0.000221 0.378647 -0.058567
v 0.108301 0.539502 -0.014194
v 0.133464 0.539451 0.002381
v 0.101308 0.585011 -0.010629
v 0.124401 0.584393 0.004862
v 0.073787 0.586986 -0.023902
v 0.078733 0.540912 -0.028628
v 0.089218 0.638866 -0.006879
v 0.110129 0.638647 0.008054
v 0.073399 0.690978 -0.003420
v 0.089003 0.691496 0.011230
v 0.054903 0.691054 -0.014900
v 0.065136 0.639808 -0.018825
v 0.038441 0.640688 -0.026192
v 0.024176 0.691203 -0.021815
v 0.000000 0.691064 -0.024139
v 0.036163 0.588895 -0.032038
v 0.000000 0.589676 -0.034845
v 0.039224 0.542308 -0.037579
v 0.000000 0.494382 0.267359
v 0.069205 0.494370 0.258014
v 0.121493 0.376518 0.245752
v 0.111784 0.494298 0.240145
v 0.152237 0.376638 0.224356
v 0.142618 0.494267 0.219564
v 0.107841 0.541091 0.229370
v 0.134402 0.540778 0.209805
v 0.066387 0.543134 0.245509
v 0.061497 0.589381 0.229080
v 0.100798 0.586473 0.214978
v 0.124717 0.585152 0.198923
v 0.000000 0.544695 0.253578
v -0.000000 0.592366 0.235346
v -0.000000 0.644258 0.210545
v 0.044990 0.692426 0.191815
v 0.052182 0.643008 0.205437
v 0.057281 0.615807 0.217447
v 0.087837 0.641190 0.194082
v 0.071891 0.691947 0.181598
v 0.109198 0.640577 0.181050
v 0.088310 0.691317 0.169707
v 0.117183 0.612151 0.190247
v 0.094771 0.613199 0.204739
v 0.106717 0.692766 0.037241
v 0.152646 0.546664 0.019385
v 0.139087 0.595742 0.020524
v 0.161693 0.494617 0.015055
v 0.171659 0.376580 0.010163
v 0.186479 0.376451 0.035480
v 0.176711 0.493836 0.036494
v 0.184091 0.493265 0.059221
v 0.190720 0.377191 0.056794
v 0.195294 0.377257 0.084473
v 0.187959 0.492727 0.083557
v 0.157204 0.546103 0.179654
v 0.162707 0.494730 0.193655
v 0.101961 0.693267 0.153274
v 0.111205 0.699457 0.125928
v 0.186302 0.492713 0.134203
v 0.188379 0.492176 0.113851
v 0.195878 0.377264 0.114329
v 0.186725 0.376418 0.168331
v 0.177067 0.494170 0.165539
v 0.180218 0.519302 0.128803
v 0.181463 0.510919 0.096134
v 0.166716 0.528506 0.032087
v 0.138307 0.659500 0.067204
v 0.113112 0.698633 0.068024
v 0.134015 0.641023 0.032170
v 0.133028 0.585740 0.189051
v 0.123755 0.612825 0.182864
v 0.168833 0.536217 0.156475
v 0.174955 0.514944 0.050836
v 0.134188 0.661441 0.131364
v 0.114815 0.709788 0.093645
v 0.138034 0.667204 0.094607
v 0.179520 0.503170 0.068941
v 0.250188 0.477736 0.138652
v 0.253698 0.490296 0.160718
v 0.200811 0.603904 0.062476
v 0.192992 0.573840 0.043349
v 0.160188 0.525028 0.208136
v 0.141129 0.518868 0.190620
v 0.143671 0.570176 0.184955
v 0.150860 0.595378 0.181969
v 0.150930 0.523437 0.146391
v 0.159073 0.505837 0.124448
v 0.230099 0.457461 0.108490
v 0.211808 0.456279 0.103137
v 0.242339 0.464495 0.121094
v 0.138811 0.505272 0.167250
v 0.144614 0.491006 0.146292
v 0.157956 0.476245 0.127672
v 0.191693 0.460032 0.104586
v 0.173676 0.467051 0.113649
v 0.185567 0.523132 0.213101
v 0.208813 0.518492 0.208812
v 0.229135 0.511515 0.197260
v 0.244825 0.502025 0.181423
v 0.189439 0.538989 0.037772
v 0.201688 0.620652 0.087800
v 0.196187 0.627768 0.114722
v 0.184993 0.625365 0.143618
v 0.168794 0.614591 0.168048
v 0.126514 0.644286 0.165000
v 0.145587 0.546615 0.162250
v 0.167175 0.493408 0.102998
v 0.174345 0.493217 0.079440
v 0.181088 0.500873 0.060073
v 0.186694 0.514989 0.044654
v 0.147761 0.459210 0.289740
v 0.100993 0.477506 0.239123
v 0.102288 0.455573 0.217149
v 0.117279 0.437919 0.206313
v 0.126729 0.425250 0.200922
v 0.138445 0.412542 0.195918
v 0.188372 0.414110 0.269678
v 0.177135 0.428958 0.280563
v 0.163717 0.444040 0.287605
v 0.128984 0.472195 0.283890
v 0.105617 0.478845 0.268084
v 0.153640 0.399085 0.193373
v 0.171517 0.387401 0.197774
v 0.188832 0.382532 0.212783
v 0.197512 0.387397 0.233846
v 0.196528 0.399124 0.254068
v -0.148437 0.460396 0.288345
v -0.129553 0.473188 0.282494
v -0.106280 0.479621 0.266681
v -0.101673 0.478021 0.237818
v -0.103043 0.456217 0.215885
v -0.117999 0.438584 0.204915
v -0.127570 0.425954 0.199373
v -0.139402 0.413361 0.194291
v -0.154666 0.400089 0.191759
v -0.172544 0.388615 0.196176
v -0.189788 0.383962 0.211161
v -0.198450 0.388976 0.232153
v -0.197552 0.400725 0.252412
v -0.189385 0.415669 0.268107
v -0.178069 0.430439 0.279073
v -0.164525 0.445398 0.286187
v -0.171659 0.376580 0.010163
v -0.186479 0.376451 0.035480
v -0.190720 0.377191 0.056794
v -0.195878 0.377264 0.114329
v -0.193399 0.377246 0.137366
v -0.186725 0.376418 0.168331
v -0.195294 0.377257 0.084473
v 0.056706 0.378780 -0.055017
v 0.078727 0.376287 0.264449
v 0.193399 0.377246 0.137366
v 0.172134 0.376584 0.198323
v -0.125595 0.234817 -0.030935
v -0.154493 0.237981 -0.013151
v -0.096240 0.245829 -0.081388
v -0.060364 0.256863 -0.111570
v -0.000000 0.237652 0.277659
v -0.079988 0.234510 0.267062
v -0.123452 0.234547 0.248040
v -0.154613 0.234476 0.226322
v -0.174779 0.234382 0.199919
v 0.127522 0.247039 -0.029319
v 0.153893 0.234833 -0.012977
v 0.120442 0.262686 -0.056289
v -0.000249 0.273092 -0.118916
v 0.123452 0.234547 0.248040
v 0.155082 0.237981 0.226757
v 0.174389 0.234593 0.008930
v 0.189398 0.234349 0.034672
v 0.193675 0.235240 0.056338
v 0.198294 0.235310 0.084339
v 0.198883 0.235282 0.114661
v 0.189612 0.234258 0.169403
v -0.174879 0.237919 0.008628
v -0.189975 0.237799 0.034450
v -0.194262 0.238668 0.056155
v -0.198883 0.235282 0.114661
v -0.196983 0.238725 0.138136
v -0.189612 0.234258 0.169403
v -0.198907 0.238754 0.084286
v 0.060355 0.271021 -0.111377
v 0.080182 0.237777 0.267582
v 0.196370 0.235245 0.137985
v 0.175338 0.237921 0.200252
v 0.189637 0.281066 0.208846
v 0.205697 0.280896 0.175806
v 0.213020 0.281972 0.141723
v 0.215746 0.281972 0.116380
v 0.215102 0.281990 0.083476
v 0.210071 0.281923 0.053012
v 0.205455 0.280917 0.029596
v 0.189204 0.281105 0.001794
v 0.167148 0.281050 -0.021756
v 0.136479 0.290648 -0.041162
v 0.126887 0.287226 -0.058737
v 0.064725 0.315415 -0.104444
v -0.000514 0.320984 -0.110908
v -0.065094 0.304130 -0.103671
v -0.103469 0.293025 -0.073426
v -0.135657 0.281563 -0.041940
v -0.167234 0.281206 -0.021700
v -0.189204 0.281105 0.001794
v -0.205455 0.280917 0.029596
v -0.210071 0.281923 0.053012
v -0.215102 0.281990 0.083476
v -0.215746 0.281972 0.116380
v -0.213020 0.281972 0.141723
v -0.205697 0.280896 0.175806
v -0.189637 0.281066 0.208846
v -0.167803 0.281146 0.237433
v -0.133985 0.281098 0.260961
v -0.086868 0.280963 0.281561
v -0.000000 0.280840 0.292482
v 0.086868 0.280963 0.281561
v 0.133985 0.281098 0.260961
v 0.167803 0.281146 0.237433
v -0.126499 0.193091 -0.030709
v -0.154494 0.193147 -0.013150
v -0.096923 0.208117 -0.099139
v -0.060737 0.219014 -0.129556
v -0.000000 0.192819 0.277659
v -0.080177 0.192944 0.267583
v -0.123764 0.193090 0.248543
v -0.155082 0.193147 0.226757
v -0.175340 0.193087 0.200249
v 0.126765 0.202371 -0.030392
v 0.154579 0.193147 -0.013079
v 0.120282 0.222413 -0.075392
v -0.000544 0.235127 -0.137040
v 0.123764 0.193090 0.248543
v 0.155082 0.193147 0.226757
v 0.174881 0.193085 0.008632
v 0.189960 0.192965 0.034411
v 0.194261 0.193834 0.056152
v 0.198907 0.193921 0.084284
v 0.199504 0.193911 0.114698
v 0.190205 0.192956 0.169671
v -0.174881 0.193085 0.008632
v -0.189960 0.192965 0.034411
v -0.194261 0.193834 0.056152
v -0.199504 0.193911 0.114698
v -0.196982 0.193892 0.138146
v -0.190205 0.192956 0.169671
v -0.198907 0.193921 0.084284
v 0.060022 0.230451 -0.130461
v 0.080177 0.192944 0.267583
v 0.196982 0.193892 0.138146
v 0.175340 0.193087 0.200249
v -0.126586 0.238312 -0.030597
v -0.154108 0.234820 -0.012800
v -0.096908 0.249055 -0.080080
v -0.060555 0.259686 -0.110693
v -0.000000 0.234464 0.277133
v -0.080182 0.237777 0.267582
v -0.123767 0.237923 0.248541
v -0.155082 0.237981 0.226757
v -0.175338 0.237921 0.200252
v 0.125306 0.243994 -0.031230
v 0.154420 0.237981 -0.013211
v 0.119478 0.259012 -0.057786
v -0.000355 0.275763 -0.118100
v 0.123767 0.237923 0.248541
v 0.154613 0.234476 0.226322
v 0.174879 0.237919 0.008628
v 0.189975 0.237799 0.034450
v 0.194262 0.238668 0.056155
v 0.198907 0.238754 0.084286
v 0.199504 0.238744 0.114698
v 0.190212 0.237790 0.169652
v -0.174389 0.234593 0.008930
v -0.189398 0.234349 0.034672
v -0.193675 0.235240 0.056338
v -0.199504 0.238744 0.114698
v -0.196370 0.235245 0.137985
v -0.190212 0.237790 0.169652
v -0.198294 0.235310 0.084339
v 0.060102 0.268292 -0.112272
v 0.079988 0.234510 0.267062
v 0.196983 0.238725 0.138136
v 0.174779 0.234382 0.199919
v 0.179938 0.470285 0.259660
v 0.161487 0.482329 0.262155
v 0.140474 0.491963 0.255903
v 0.117752 0.493808 0.238865
v 0.114058 0.486380 0.212436
v 0.117478 0.466292 0.191661
v 0.131672 0.450683 0.178687
v 0.143560 0.439073 0.170155
v 0.157614 0.428867 0.163497
v 0.173899 0.418980 0.161534
v 0.190658 0.411337 0.166260
v 0.206286 0.409994 0.179978
v 0.215756 0.418103 0.199992
v 0.216829 0.430417 0.220889
v 0.208546 0.444571 0.238422
v 0.195787 0.457779 0.251055
v -0.161454 0.482280 0.262216
v -0.140442 0.491916 0.255969
v -0.117711 0.493767 0.238931
v -0.114026 0.486355 0.212492
v -0.117448 0.466271 0.191711
v -0.131640 0.450654 0.178748
v -0.143522 0.439041 0.170224
v -0.157571 0.428829 0.163571
v -0.173854 0.418937 0.161603
v -0.190615 0.411287 0.166326
v -0.206245 0.409935 0.180045
v -0.215716 0.418036 0.200063
v -0.216784 0.430346 0.220961
v -0.208502 0.444503 0.238490
v -0.195746 0.457716 0.251119
v -0.179903 0.470228 0.259720
v 0.177256 0.465409 0.261952
v 0.158032 0.476252 0.265184
v 0.136894 0.483980 0.259736
v 0.114998 0.484344 0.243048
v 0.113333 0.478940 0.216651
v 0.117195 0.462451 0.196602
v 0.131766 0.447567 0.182727
v 0.143507 0.436340 0.174179
v 0.157292 0.426496 0.167540
v 0.172709 0.417368 0.165332
v 0.189096 0.409869 0.169854
v 0.204159 0.408340 0.183359
v 0.212961 0.415567 0.202506
v 0.214016 0.427234 0.223043
v 0.206011 0.440897 0.240275
v 0.193344 0.453612 0.252977
v -0.158715 0.477701 0.265076
v -0.137352 0.485764 0.259723
v -0.114940 0.486300 0.243158
v -0.112900 0.480131 0.216228
v -0.116826 0.463205 0.195932
v -0.131541 0.447975 0.182130
v -0.143346 0.436629 0.173642
v -0.157205 0.426691 0.167025
v -0.172798 0.417457 0.164808
v -0.189560 0.409907 0.169329
v -0.204909 0.408584 0.182926
v -0.213672 0.415986 0.202205
v -0.214665 0.427796 0.222862
v -0.206593 0.441615 0.240150
v -0.193904 0.454501 0.252864
v -0.177847 0.466555 0.261831
v 0.210558 0.473312 0.247259
v 0.188993 0.487048 0.259221
v 0.163667 0.499154 0.263415
v 0.136025 0.507705 0.256589
v 0.109529 0.506638 0.236105
v 0.107068 0.497872 0.204209
v 0.112246 0.475796 0.177852
v 0.130269 0.456307 0.159009
v 0.146763 0.442064 0.146520
v 0.165812 0.430854 0.137174
v 0.186938 0.421149 0.134575
v 0.208208 0.414334 0.140695
v 0.225394 0.415072 0.157669
v 0.235837 0.426271 0.181484
v 0.237911 0.441238 0.207642
v 0.227502 0.457943 0.230357
v -0.165877 0.503066 0.259144
v -0.137868 0.511056 0.252313
v -0.111698 0.509248 0.231982
v -0.109080 0.499409 0.200573
v -0.114393 0.477600 0.174138
v -0.132222 0.458173 0.154878
v -0.149100 0.444060 0.141860
v -0.168586 0.433223 0.132245
v -0.190062 0.424118 0.129697
v -0.211411 0.418053 0.135922
v -0.228415 0.419584 0.152828
v -0.238806 0.431426 0.176480
v -0.241113 0.446500 0.202754
v -0.230636 0.463068 0.225735
v -0.213409 0.478191 0.242865
v -0.191464 0.491521 0.254972
v 0.228666 0.574595 0.151572
v 0.212844 0.576090 0.173247
v 0.192075 0.572160 0.189250
v 0.153714 0.562663 0.194737
v 0.137874 0.545216 0.185356
v 0.139009 0.522550 0.166883
v 0.146292 0.506910 0.147905
v 0.158214 0.490210 0.125373
v 0.182382 0.479221 0.106900
v 0.195322 0.476638 0.089699
v 0.208215 0.480700 0.078456
v 0.220578 0.489911 0.072340
v 0.227625 0.506532 0.074020
v 0.234183 0.531922 0.084785
v 0.242187 0.553237 0.106011
v 0.238944 0.566804 0.129581
v -0.225829 0.565309 0.179808
v -0.242396 0.563056 0.159843
v -0.253626 0.555079 0.138915
v -0.257862 0.541960 0.115810
v -0.250675 0.522331 0.094467
v -0.244124 0.499078 0.082842
v -0.236639 0.484101 0.079518
v -0.223136 0.476224 0.082942
v -0.206767 0.475923 0.091427
v -0.194195 0.478151 0.107522
v -0.158853 0.487493 0.125082
v -0.145853 0.503975 0.147826
v -0.138736 0.518976 0.167358
v -0.138268 0.539649 0.186828
v -0.154743 0.554989 0.197649
v -0.204584 0.562745 0.193881
v -0.114280 0.374329 -0.017488
v -0.142115 0.374364 0.000295
v -0.104828 0.492028 -0.007222
v -0.132848 0.491843 0.009261
v -0.076250 0.492015 -0.021589
v -0.085530 0.373953 -0.032140
v -0.054015 0.373330 -0.041201
v -0.044923 0.492028 -0.030471
v -0.100896 0.537152 -0.001231
v -0.124640 0.536820 0.014365
v -0.093787 0.582625 0.002260
v -0.115402 0.581628 0.016685
v -0.068725 0.584958 -0.009808
v -0.073662 0.538708 -0.014563
v -0.081472 0.635772 0.005724
v -0.100714 0.634491 0.019121
v -0.059651 0.637481 -0.004936
v -0.035908 0.638895 -0.011402
v -0.000000 0.640170 -0.013643
v -0.033978 0.587141 -0.017188
v -0.036900 0.540053 -0.022817
v 0.000000 0.540874 -0.025713
v 0.000000 0.374175 0.259364
v -0.074725 0.374250 0.250019
v -0.065327 0.491901 0.243618
v -0.114210 0.374347 0.232690
v -0.104771 0.491896 0.226975
v -0.141919 0.374370 0.213549
v -0.132473 0.491762 0.208647
v -0.100843 0.536705 0.216713
v -0.124497 0.536427 0.199253
v -0.062703 0.538599 0.231572
v -0.058075 0.583633 0.215529
v -0.094143 0.580978 0.202572
v -0.115367 0.579900 0.188275
v -0.049089 0.637504 0.191706
v -0.081700 0.635364 0.181560
v -0.100929 0.634574 0.169915
v -0.123947 0.634519 0.041374
v -0.143934 0.545025 0.031624
v -0.150522 0.492573 0.025026
v -0.163284 0.492184 0.043230
v -0.169464 0.492140 0.062850
v -0.173289 0.491675 0.113193
v -0.171520 0.491541 0.131287
v -0.163155 0.492302 0.159939
v -0.150167 0.492388 0.185552
v -0.159411 0.374308 0.190490
v -0.118256 0.636288 0.155190
v -0.124024 0.651413 0.126413
v -0.172388 0.506787 0.132039
v -0.178438 0.505267 0.109390
v -0.157459 0.530929 0.043784
v -0.127467 0.649919 0.071575
v -0.144120 0.541823 0.173420
v -0.124853 0.581629 0.177024
v -0.116069 0.606800 0.171331
v -0.158898 0.525434 0.160134
v -0.166969 0.523501 0.060396
v -0.173955 0.514324 0.077476
v -0.130435 0.592337 0.032437
v -0.126819 0.657075 0.094784
v -0.229272 0.470157 0.126106
v -0.235606 0.480778 0.141104
v -0.238702 0.490428 0.158966
v -0.231652 0.498550 0.174906
v -0.218750 0.505608 0.188017
v -0.202051 0.510429 0.197969
v -0.183669 0.512949 0.202101
v -0.164419 0.513990 0.198728
v -0.153404 0.510138 0.189393
v -0.151745 0.499929 0.172955
v -0.156814 0.488403 0.154822
v -0.168731 0.477072 0.138221
v -0.182619 0.468760 0.125597
v -0.197829 0.466020 0.116898
v -0.211369 0.466384 0.114365
v -0.221767 0.466515 0.117243
v -0.108267 0.606185 0.179603
v -0.088465 0.607032 0.192468
v -0.054094 0.609420 0.204127
v 0.000000 0.611016 0.209619
v -0.172925 0.491668 0.084674
v -0.192182 0.595991 0.072223
v -0.185761 0.569734 0.056066
v -0.183346 0.539408 0.051467
v -0.185408 0.522620 0.057635
v -0.186987 0.512119 0.069105
v -0.185811 0.503307 0.084286
v -0.181816 0.499193 0.107203
v -0.171179 0.502111 0.132850
v -0.161333 0.517219 0.155586
v -0.152325 0.535818 0.170975
v -0.145179 0.567590 0.170213
v -0.148686 0.589177 0.168356
v -0.165244 0.604409 0.157633
v -0.178611 0.613017 0.137908
v -0.188039 0.615048 0.114036
v -0.192711 0.609262 0.092382
v -0.022070 0.689441 -0.006954
v -0.049371 0.688720 -0.001032
v -0.064716 0.687834 0.008544
v -0.078443 0.687040 0.021079
v -0.094929 0.686156 0.044004
v -0.100602 0.691023 0.071762
v -0.101586 0.702481 0.093640
v -0.098943 0.691787 0.121546
v -0.091140 0.686121 0.145513
v -0.079145 0.685430 0.159231
v -0.065330 0.686936 0.168940
v -0.041297 0.688024 0.177838
v 0.000000 0.657433 0.190994
v 0.114213 0.374141 -0.017563
v 0.142105 0.374344 0.000283
v 0.104828 0.492028 -0.007222
v 0.132848 0.491843 0.009261
v 0.076250 0.492015 -0.021589
v 0.085432 0.373535 -0.032297
v 0.044923 0.492028 -0.030471
v 0.000000 0.492108 -0.033538
v 0.000115 0.372836 -0.044621
v 0.100896 0.537152 -0.001231
v 0.124640 0.536820 0.014365
v 0.093787 0.582625 0.002260
v 0.115402 0.581628 0.016685
v 0.068725 0.584958 -0.009808
v 0.073662 0.538708 -0.014563
v 0.081472 0.635772 0.005724
v 0.100714 0.634491 0.019121
v 0.064716 0.687834 0.008544
v 0.078443 0.687040 0.021079
v 0.049371 0.688720 -0.001032
v 0.059651 0.637481 -0.004936
v 0.035908 0.638895 -0.011402
v 0.022070 0.689441 -0.006954
v 0.000000 0.689680 -0.009090
v 0.033978 0.587141 -0.017188
v -0.000000 0.587852 -0.019843
v 0.036900 0.540053 -0.022817
v -0.000000 0.491913 0.252449
v 0.065327 0.491901 0.243618
v 0.114210 0.374347 0.232690
v 0.104771 0.491896 0.226975
v 0.141919 0.374370 0.213549
v 0.132473 0.491762 0.208647
v 0.100843 0.536705 0.216713
v 0.124497 0.536427 0.199253
v 0.062703 0.538599 0.231572
v 0.058075 0.583633 0.215529
v 0.094143 0.580978 0.202572
v 0.115367 0.579900 0.188275
v 0.000000 0.540021 0.239206
v 0.000000 0.586454 0.221438
v 0.000000 0.638884 0.196420
v 0.041297 0.688024 0.177838
v 0.049089 0.637504 0.191706
v 0.054094 0.609420 0.204127
v 0.081700 0.635364 0.181560
v 0.065330 0.686936 0.168940
v 0.100929 0.634574 0.169915
v 0.079145 0.685430 0.159231
v 0.108267 0.606185 0.179603
v 0.088465 0.607032 0.192468
v 0.094929 0.686156 0.044004
v 0.143937 0.545032 0.031627
v 0.130445 0.592336 0.032444
v 0.150522 0.492573 0.025026
v 0.159724 0.374308 0.019151
v 0.172523 0.374196 0.040821
v 0.163284 0.492184 0.043230
v 0.169464 0.492140 0.062850
v 0.176002 0.375107 0.059518
v 0.180385 0.375201 0.085845
v 0.172925 0.491668 0.084674
v 0.144138 0.541828 0.173379
v 0.150167 0.492388 0.185552
v 0.091140 0.686121 0.145513
v 0.098943 0.691787 0.121546
v 0.171520 0.491541 0.131287
v 0.173289 0.491675 0.113193
v 0.180924 0.375183 0.113672
v 0.172611 0.374200 0.163404
v 0.163155 0.492302 0.159939
v 0.172347 0.506807 0.132014
v 0.177945 0.503023 0.108530
v 0.157448 0.530913 0.043778
v 0.127475 0.649912 0.071577
v 0.100602 0.691023 0.071762
v 0.123953 0.634515 0.041378
v 0.124832 0.581630 0.177038
v 0.116071 0.606802 0.171329
v 0.158839 0.525475 0.160095
v 0.167005 0.523490 0.060436
v 0.124023 0.651414 0.126410
v 0.101586 0.702481 0.093640
v 0.126824 0.657071 0.094783
v 0.174196 0.514317 0.077647
v 0.235561 0.480366 0.141394
v 0.238664 0.490020 0.159199
v 0.190174 0.597428 0.071038
v 0.183662 0.570949 0.054881
v 0.164594 0.514157 0.198607
v 0.153431 0.510179 0.189369
v 0.145058 0.568281 0.170026
v 0.148479 0.590091 0.168013
v 0.161317 0.517523 0.155638
v 0.171264 0.502156 0.132585
v 0.221594 0.466166 0.117450
v 0.211307 0.466410 0.114339
v 0.229209 0.469766 0.126404
v 0.151773 0.499977 0.172937
v 0.156873 0.488500 0.154767
v 0.168969 0.477289 0.137967
v 0.197692 0.467238 0.116438
v 0.182862 0.469895 0.125308
v 0.183519 0.513079 0.202004
v 0.202016 0.510274 0.198105
v 0.218743 0.505326 0.188200
v 0.231635 0.498203 0.175115
v 0.181230 0.540313 0.050391
v 0.190797 0.610765 0.091263
v 0.186224 0.616530 0.113042
v 0.176878 0.614397 0.137119
v 0.163558 0.605592 0.157094
v 0.118250 0.636291 0.155193
v 0.152069 0.536078 0.170929
v 0.180703 0.498741 0.107115
v 0.184586 0.503398 0.083896
v 0.185411 0.512645 0.068506
v 0.183404 0.523333 0.056817
v 0.141359 0.450471 0.279203
v 0.112890 0.468366 0.240943
v 0.115508 0.454550 0.224401
v 0.128786 0.442674 0.214878
v 0.137862 0.430889 0.209445
v 0.148164 0.419767 0.204959
v 0.176010 0.413342 0.261020
v 0.166215 0.425625 0.270661
v 0.154564 0.438091 0.277155
v 0.127715 0.460469 0.274442
v 0.110285 0.465745 0.262168
v 0.159960 0.408585 0.203283
v 0.171289 0.399193 0.207224
v 0.179783 0.393609 0.217665
v 0.184178 0.394415 0.232684
v 0.182908 0.401773 0.248079
v -0.142129 0.451593 0.277805
v -0.128382 0.461424 0.273079
v -0.111058 0.466524 0.260847
v -0.113598 0.468933 0.239711
v -0.116265 0.455166 0.223128
v -0.129524 0.443318 0.213468
v -0.138683 0.431624 0.207902
v -0.149067 0.420650 0.203338
v -0.160907 0.409651 0.201658
v -0.172220 0.400437 0.205585
v -0.180687 0.395019 0.215988
v -0.185120 0.396004 0.231011
v -0.183926 0.403401 0.246448
v -0.177024 0.414900 0.259446
v -0.167172 0.427079 0.269155
v -0.155430 0.439396 0.275716
v -0.159724 0.374308 0.019151
v -0.172523 0.374196 0.040821
v -0.176002 0.375107 0.059518
v -0.180924 0.375183 0.113672
v -0.178623 0.375165 0.134971
v -0.172611 0.374200 0.163404
v -0.180385 0.375201 0.085845
v 0.054193 0.372849 -0.041347
v 0.074725 0.374250 0.250019
v 0.178623 0.375165 0.134971
v 0.159411 0.374308 0.190490
v -0.115620 0.239540 -0.020612
v -0.144824 0.237981 -0.001536
v -0.085500 0.246718 -0.070792
v -0.053880 0.255445 -0.097993
v 0.000000 0.237652 0.262546
v -0.076264 0.239477 0.253283
v -0.116559 0.239679 0.235609
v -0.144880 0.239803 0.216062
v -0.162761 0.239761 0.192501
v 0.114619 0.247039 -0.021452
v 0.145136 0.239617 -0.001627
v 0.107137 0.260020 -0.049636
v 0.000130 0.270769 -0.103988
v 0.116559 0.239679 0.235609
v 0.144636 0.237981 0.215836
v 0.163031 0.239648 0.017522
v 0.176121 0.239593 0.039634
v 0.179689 0.240450 0.058713
v 0.184177 0.240545 0.085645
v 0.184729 0.240544 0.114052
v 0.176229 0.239627 0.164877
v -0.162776 0.237919 0.017679
v -0.175821 0.237799 0.039749
v -0.179384 0.238668 0.058807
v -0.184729 0.240544 0.114052
v -0.182059 0.238725 0.135756
v -0.176229 0.239627 0.164877
v -0.183858 0.238754 0.085673
v 0.053884 0.265249 -0.099000
v 0.076164 0.237777 0.253013
v 0.182378 0.240535 0.135834
v 0.162470 0.237921 0.192328
v 0.176801 0.282170 0.200944
v 0.191449 0.282043 0.170901
v 0.198133 0.283027 0.139349
v 0.200688 0.283059 0.115708
v 0.200091 0.283066 0.084852
v 0.195225 0.282958 0.055639
v 0.191337 0.282047 0.034866
v 0.177099 0.282147 0.010781
v 0.157566 0.282278 -0.010135
v 0.125487 0.291048 -0.030798
v 0.115418 0.287472 -0.048899
v 0.058929 0.310481 -0.091388
v 0.000267 0.314366 -0.097344
v -0.058737 0.299185 -0.090884
v -0.093373 0.289989 -0.062599
v -0.125914 0.281918 -0.030393
v -0.157521 0.282197 -0.010164
v -0.177099 0.282147 0.010781
v -0.191337 0.282047 0.034866
v -0.195225 0.282958 0.055639
v -0.200091 0.283066 0.084852
v -0.200688 0.283059 0.115708
v -0.198133 0.283027 0.139349
v -0.191449 0.282043 0.170901
v -0.176801 0.282170 0.200944
v -0.157353 0.282228 0.226570
v -0.126593 0.282158 0.247823
v -0.082801 0.281988 0.267042
v 0.000000 0.281845 0.277403
v 0.082801 0.281988 0.267042
v 0.126593 0.282158 0.247823
v 0.157353 0.282228 0.226570
v -0.115150 0.193091 -0.020729
v -0.144824 0.193147 -0.001537
v -0.085145 0.204567 -0.090362
v -0.053686 0.213365 -0.117441
v 0.000000 0.192819 0.262546
v -0.076166 0.192944 0.253012
v -0.116396 0.193090 0.235348
v -0.144636 0.193147 0.215836
v -0.162469 0.193087 0.192329
v 0.115012 0.202120 -0.020894
v 0.144780 0.193147 -0.001574
v 0.107221 0.219200 -0.068502
v 0.000283 0.228749 -0.123364
v 0.116396 0.193090 0.235348
v 0.144636 0.193147 0.215836
v 0.162775 0.193085 0.017677
v 0.175829 0.192965 0.039769
v 0.179384 0.193834 0.058809
v 0.183859 0.193921 0.085674
v 0.184406 0.193911 0.114033
v 0.175921 0.192956 0.164738
v -0.162775 0.193085 0.017677
v -0.175829 0.192965 0.039769
v -0.179384 0.193834 0.058809
v -0.184406 0.193911 0.114033
v -0.182060 0.193892 0.135751
v -0.175921 0.192956 0.164738
v -0.183859 0.193921 0.085674
v 0.054057 0.224583 -0.117876
v 0.076166 0.192944 0.253012
v 0.182060 0.193892 0.135751
v 0.162469 0.193087 0.192329
v -0.115105 0.237723 -0.020787
v -0.145024 0.239624 -0.001719
v -0.085153 0.245041 -0.071472
v -0.053780 0.253977 -0.098450
v 0.000000 0.239310 0.262819
v -0.076164 0.237777 0.253013
v -0.116395 0.237923 0.235349
v -0.144636 0.237981 0.215836
v -0.162470 0.237921 0.192328
v 0.115770 0.248623 -0.020458
v 0.144862 0.237981 -0.001505
v 0.107639 0.261930 -0.048858
v 0.000185 0.269380 -0.104412
v 0.116395 0.237923 0.235349
v 0.144880 0.239803 0.216062
v 0.162776 0.237919 0.017679
v 0.175821 0.237799 0.039749
v 0.179384 0.238668 0.058807
v 0.183858 0.238754 0.085673
v 0.184406 0.238744 0.114033
v 0.175917 0.237790 0.164748
v -0.163031 0.239648 0.017522
v -0.176121 0.239593 0.039634
v -0.179689 0.240450 0.058713
v -0.184406 0.238744 0.114033
v -0.182378 0.240535 0.135834
v -0.175917 0.237790 0.164748
v -0.184177 0.240545 0.085645
v 0.054016 0.266668 -0.098534
v 0.076264 0.239477 0.253283
v 0.182059 0.238725 0.135756
v 0.162761 0.239761 0.192501
v 0.171507 0.464137 0.248727
v 0.156349 0.472756 0.251650
v 0.140748 0.479240 0.247752
v 0.126028 0.481318 0.236887
v 0.127053 0.480234 0.217102
v 0.130293 0.467723 0.199543
v 0.143256 0.455560 0.187078
v 0.153955 0.445443 0.179085
v 0.165835 0.437108 0.173134
v 0.178631 0.429582 0.171208
v 0.190245 0.423757 0.174860
v 0.198357 0.421843 0.184993
v 0.202888 0.426027 0.199894
v 0.202950 0.434057 0.216145
v 0.195937 0.444240 0.230098
v 0.184996 0.454532 0.240985
v -0.156318 0.472707 0.251710
v -0.140723 0.479200 0.247808
v -0.126001 0.481288 0.236941
v -0.127023 0.480211 0.217155
v -0.130259 0.467693 0.199600
v -0.143224 0.455533 0.187138
v -0.153920 0.445412 0.179150
v -0.165797 0.437072 0.173203
v -0.178590 0.429536 0.171279
v -0.190204 0.423703 0.174933
v -0.198317 0.421781 0.185067
v -0.202846 0.425958 0.199968
v -0.202906 0.433987 0.216215
v -0.195893 0.444173 0.230166
v -0.184955 0.454469 0.241050
v -0.171470 0.464080 0.248790
v 0.172902 0.466673 0.247535
v 0.158145 0.475916 0.250075
v 0.142609 0.483391 0.245758
v 0.127460 0.486239 0.234712
v 0.127429 0.484103 0.214910
v 0.130440 0.469720 0.196974
v 0.143207 0.457181 0.184977
v 0.153982 0.446864 0.176992
v 0.166002 0.438341 0.171032
v 0.179250 0.430421 0.169233
v 0.191057 0.424521 0.172992
v 0.199463 0.422703 0.183235
v 0.204341 0.427345 0.198587
v 0.204412 0.435712 0.215024
v 0.197255 0.446150 0.229134
v 0.186266 0.456698 0.239986
v -0.157742 0.475087 0.250223
v -0.142329 0.482400 0.245856
v -0.127442 0.485171 0.234743
v -0.127609 0.483447 0.215212
v -0.130582 0.469287 0.197405
v -0.143276 0.456926 0.185379
v -0.154012 0.446666 0.177373
v -0.165987 0.438183 0.171407
v -0.179139 0.430306 0.169612
v -0.190753 0.424420 0.173371
v -0.199012 0.422483 0.183569
v -0.203909 0.427024 0.198854
v -0.204008 0.435314 0.215226
v -0.196886 0.445675 0.229303
v -0.185912 0.456140 0.240143
v -0.172539 0.465990 0.247692
v 0.200852 0.471382 0.235838
v 0.182307 0.482254 0.246544
v 0.161755 0.491662 0.250431
v 0.140216 0.498661 0.245230
v 0.121909 0.499560 0.231102
v 0.121359 0.493507 0.206468
v 0.126168 0.476998 0.183609
v 0.142393 0.461646 0.166282
v 0.157233 0.449746 0.154250
v 0.173639 0.440652 0.145608
v 0.190859 0.432908 0.143220
v 0.205647 0.427432 0.147786
v 0.216721 0.427128 0.160460
v 0.223738 0.435215 0.180073
v 0.224949 0.446523 0.201946
v 0.215753 0.459171 0.220932
v -0.163539 0.494442 0.246957
v -0.141637 0.500799 0.241875
v -0.123701 0.501071 0.227803
v -0.123037 0.494355 0.203406
v -0.128084 0.478109 0.180518
v -0.144280 0.462864 0.162688
v -0.159434 0.451290 0.150186
v -0.176108 0.442728 0.141271
v -0.193425 0.435652 0.138865
v -0.208119 0.430793 0.143356
v -0.219064 0.431054 0.155891
v -0.226205 0.439706 0.175471
v -0.227722 0.451132 0.197498
v -0.218529 0.463528 0.216703
v -0.203430 0.475362 0.231873
v -0.184533 0.485699 0.242870
v 0.216722 0.567047 0.146210
v 0.203682 0.568240 0.164146
v 0.187702 0.564913 0.176730
v 0.158228 0.558026 0.181080
v 0.151894 0.544362 0.179778
v 0.153659 0.522130 0.170570
v 0.159660 0.504983 0.154687
v 0.169714 0.490821 0.135159
v 0.193181 0.485573 0.115352
v 0.202197 0.487202 0.098038
v 0.209401 0.491735 0.088714
v 0.212987 0.497078 0.083267
v 0.215744 0.508089 0.083230
v 0.221162 0.530988 0.092400
v 0.228044 0.549781 0.110063
v 0.225236 0.560563 0.128350
v -0.216737 0.558076 0.170143
v -0.230472 0.556092 0.153702
v -0.239781 0.549432 0.136721
v -0.243354 0.539054 0.118884
v -0.237144 0.521840 0.101179
v -0.231435 0.501170 0.090778
v -0.227550 0.491527 0.089038
v -0.222801 0.487242 0.093280
v -0.215581 0.482443 0.101828
v -0.204858 0.482182 0.117444
v -0.169224 0.488504 0.136028
v -0.159232 0.502069 0.154592
v -0.153444 0.518403 0.170782
v -0.152268 0.538667 0.181224
v -0.159438 0.550637 0.183959
v -0.200323 0.555938 0.181080
v -0.052137 0.689887 -0.007966
v 0.000000 0.690372 -0.016614
v -0.043144 0.690225 0.184827
v -0.068610 0.689441 0.175269
v -0.083728 0.688373 0.164469
v -0.083723 0.689268 0.016155
v -0.100823 0.689461 0.040623
v -0.108201 0.706135 0.093642
v -0.069057 0.689406 0.002562
v -0.023123 0.690322 -0.014384
v -0.096550 0.689694 0.149393
v -0.105074 0.695622 0.123737
v -0.106857 0.694828 0.069893
v 0.069057 0.689406 0.002562
v 0.023123 0.690322 -0.014384
v 0.000000 0.659548 0.198248
v 0.043144 0.690225 0.184827
v 0.068610 0.689441 0.175269
v 0.100823 0.689461 0.040623
v 0.106857 0.694828 0.069893
v 0.105074 0.695622 0.123737
v 0.083723 0.689268 0.016155
v 0.052137 0.689887 -0.007966
v 0.083728 0.688373 0.164469
v 0.096550 0.689694 0.149393
v 0.108201 0.706135 0.093642
v 0.161724 0.432988 0.168316
v 0.132296 0.428069 0.205183
v 0.148757 0.442258 0.174620
v 0.123033 0.440297 0.210595
v 0.202241 0.444405 0.234260
v 0.189718 0.400449 0.251074
v 0.209889 0.432237 0.218517
v 0.190845 0.390906 0.233265
v 0.209322 0.422065 0.199943
v 0.184307 0.388070 0.215224
v 0.176265 0.424281 0.166371
v 0.143305 0.416154 0.200439
v -0.148721 0.442226 0.174687
v -0.144234 0.417005 0.198815
v -0.137432 0.453093 0.182943
v -0.133127 0.428789 0.203637
v -0.209845 0.432167 0.218588
v -0.183205 0.415284 0.263777
v -0.209281 0.421997 0.200015
v -0.190739 0.402063 0.249430
v -0.202281 0.415858 0.182556
v -0.191785 0.392490 0.231582
v -0.161684 0.432950 0.168387
v -0.157786 0.404870 0.196709
v -0.120608 0.237178 -0.025773
v -0.057122 0.256154 -0.104782
v -0.000000 0.236887 0.269976
v -0.078126 0.236993 0.260173
v -0.120005 0.237113 0.241825
v -0.168710 0.237120 0.013226
v -0.191236 0.237928 0.084992
v -0.186682 0.237845 0.057525
v -0.189374 0.237890 0.136910
v -0.168770 0.237071 0.196210
v -0.191806 0.237913 0.114357
v 0.113558 0.260471 -0.053322
v -0.000060 0.271931 -0.111452
v 0.078126 0.236993 0.260173
v 0.120005 0.237113 0.241825
v 0.149747 0.237140 0.221192
v 0.149515 0.237225 -0.007302
v 0.186682 0.237845 0.057525
v 0.182760 0.236971 0.037153
v 0.191806 0.237913 0.114357
v 0.182920 0.236942 0.167140
v 0.191236 0.237928 0.084992
v -0.149566 0.237222 -0.007259
v -0.090870 0.246274 -0.076090
v -0.182760 0.236971 0.037153
v -0.182920 0.236942 0.167140
v -0.149747 0.237140 0.221192
v 0.120538 0.246308 -0.025844
v 0.057059 0.267480 -0.105403
v 0.168710 0.237120 0.013226
v 0.189374 0.237890 0.136910
v 0.168770 0.237071 0.196210
v -0.091030 0.247048 -0.075776
v -0.120825 0.193091 -0.025719
v -0.000085 0.272572 -0.111256
v -0.057211 0.216189 -0.123498
v -0.078173 0.237777 0.260297
v -0.000000 0.192819 0.270102
v -0.120081 0.237923 0.241945
v -0.078172 0.192944 0.260298
v -0.149859 0.237981 0.221296
v -0.120080 0.193090 0.241945
v -0.149659 0.237981 -0.007344
v -0.168828 0.193085 0.013155
v -0.186823 0.238668 0.057481
v -0.191383 0.193921 0.084979
v -0.182898 0.237799 0.037099
v -0.186823 0.193834 0.057481
v -0.191955 0.238744 0.114366
v -0.189521 0.193892 0.136948
v -0.183065 0.237790 0.167200
v -0.168905 0.193087 0.196289
v -0.191383 0.238754 0.084979
v -0.191955 0.193911 0.114366
v 0.121070 0.247039 -0.025386
v 0.113751 0.220806 -0.071947
v 0.057120 0.268135 -0.105188
v -0.000131 0.231938 -0.130202
v -0.000000 0.237652 0.270102
v 0.078172 0.192944 0.260298
v 0.078173 0.237777 0.260297
v 0.120080 0.193090 0.241945
v 0.120081 0.237923 0.241945
v 0.149859 0.193147 0.221296
v 0.168827 0.237919 0.013154
v 0.149679 0.193147 -0.007326
v 0.191383 0.238754 0.084979
v 0.186823 0.193834 0.057481
v 0.186823 0.238668 0.057481
v 0.182894 0.192965 0.037090
v 0.189521 0.238725 0.136946
v 0.191955 0.193911 0.114366
v 0.168904 0.237921 0.196290
v 0.183063 0.192956 0.167204
v 0.191955 0.238744 0.114366
v 0.191383 0.193921 0.084979
v -0.120845 0.238017 -0.025692
v -0.149659 0.193147 -0.007344
v -0.057168 0.256832 -0.104571
v -0.091034 0.206342 -0.094750
v -0.168827 0.237919 0.013154
v -0.182894 0.192965 0.037090
v -0.189521 0.238725 0.136946
v -0.183063 0.192956 0.167204
v -0.168904 0.237921 0.196290
v -0.149859 0.193147 0.221296
v 0.149641 0.237981 -0.007358
v 0.120888 0.202245 -0.025643
v 0.113790 0.261353 -0.052962
v 0.057040 0.227517 -0.124169
v 0.182898 0.237799 0.037099
v 0.168828 0.193085 0.013155
v 0.183065 0.237790 0.167200
v 0.189521 0.193892 0.136948
v 0.149859 0.237981 0.221296
v 0.168905 0.193087 0.196289
v 0.156800 0.403835 0.198328
v 0.190452 0.417547 0.170560
v 0.171403 0.393297 0.202499
v 0.202321 0.415919 0.182486
v 0.128349 0.466332 0.279166
v 0.121890 0.487563 0.237876
v 0.107951 0.472295 0.265126
v 0.120555 0.483307 0.214769
v 0.108898 0.455062 0.220775
v 0.137464 0.453122 0.182882
v 0.106942 0.472936 0.240033
v 0.123885 0.467008 0.195602
v 0.144560 0.454841 0.284471
v 0.140611 0.485601 0.251827
v 0.159141 0.441065 0.282380
v 0.158918 0.477543 0.256903
v 0.171675 0.427292 0.275612
v 0.175723 0.467211 0.254193
v 0.182191 0.413726 0.265349
v 0.190391 0.456155 0.246020
v 0.148745 0.441602 0.175586
v 0.137486 0.452374 0.183852
v 0.209214 0.431473 0.219034
v 0.208651 0.421456 0.200547
v 0.201811 0.415521 0.183297
v 0.161647 0.432418 0.169286
v -0.172382 0.394526 0.200881
v -0.176222 0.424236 0.166441
v -0.185237 0.389491 0.213575
v -0.190410 0.417495 0.170629
v -0.108669 0.473073 0.263764
v -0.140582 0.485558 0.251888
v -0.107636 0.473477 0.238764
v -0.121856 0.487527 0.237936
v -0.123762 0.440951 0.209192
v -0.123853 0.466982 0.195656
v -0.109654 0.455691 0.219506
v -0.120525 0.483283 0.214824
v -0.128967 0.467306 0.277786
v -0.158886 0.477493 0.256963
v -0.145283 0.455994 0.283075
v -0.175686 0.467154 0.254255
v -0.159977 0.442397 0.280952
v -0.190351 0.456092 0.246085
v -0.172621 0.428759 0.274114
v -0.202197 0.444338 0.234328
v -0.161596 0.432437 0.169216
v -0.148679 0.441648 0.175508
v -0.201739 0.443645 0.234726
v -0.209336 0.431555 0.219044
v -0.208791 0.421505 0.200530
v -0.175969 0.423881 0.167210
v 0.175979 0.423894 0.167283
v 0.190077 0.417195 0.171423
v 0.139752 0.483685 0.252747
v 0.121229 0.485292 0.238880
v 0.123818 0.466086 0.196788
v 0.120381 0.481521 0.215781
v 0.158089 0.476084 0.257630
v 0.175079 0.466041 0.254743
v 0.189805 0.455155 0.246481
v 0.201633 0.443524 0.234705
v -0.190156 0.417164 0.171350
v -0.201961 0.415533 0.183247
v -0.121191 0.485736 0.238951
v -0.120254 0.481789 0.215720
v -0.137408 0.452450 0.183755
v -0.123704 0.466246 0.196669
v -0.139841 0.484082 0.252789
v -0.158228 0.476394 0.257650
v -0.175193 0.466272 0.254761
v -0.189908 0.455321 0.246504
v 0.015060 0.672304 0.200415
v 0.017225 0.674887 0.205140
v 0.022557 0.675881 0.207189
v 0.027934 0.674709 0.205370
v 0.030212 0.672056 0.200749
v 0.028059 0.669473 0.196025
v 0.022727 0.668473 0.193966
v 0.017339 0.669646 0.195784
v 0.013980 0.643349 0.216359
v 0.016135 0.645816 0.221124
v 0.021450 0.646893 0.223136
v 0.026840 0.645949 0.221215
v 0.029145 0.643524 0.216460
v 0.026984 0.641039 0.211658
v 0.021627 0.639964 0.209652
v 0.016244 0.640927 0.211610
v 0.015599 0.612600 0.231088
v 0.017755 0.614925 0.235898
v 0.023017 0.616500 0.237681
v 0.028356 0.616408 0.235385
v 0.030644 0.614679 0.230294
v 0.028463 0.612315 0.225399
v 0.023109 0.610737 0.223645
v 0.017796 0.610867 0.226025
v 0.023753 0.582752 0.241382
v 0.025872 0.584947 0.246105
v 0.030923 0.586838 0.247693
v 0.035948 0.587316 0.245216
v 0.038003 0.586102 0.240125
v 0.035884 0.583907 0.235403
v 0.030833 0.582016 0.233814
v 0.025808 0.581537 0.236291
v -0.049521 0.678584 0.197649
v -0.047276 0.680989 0.202415
v -0.041920 0.682230 0.204251
v -0.036580 0.681577 0.202073
v -0.034393 0.679407 0.197149
v -0.036649 0.676995 0.192370
v -0.042020 0.675758 0.190545
v -0.047348 0.676418 0.192735
v -0.047159 0.652119 0.210067
v -0.044891 0.654421 0.214884
v -0.039532 0.655651 0.216710
v -0.034215 0.655093 0.214486
v -0.032041 0.653073 0.209509
v -0.034291 0.650768 0.204683
v -0.039659 0.649530 0.202840
v -0.044995 0.650090 0.205073
v -0.045425 0.627302 0.220343
v -0.043102 0.629069 0.225375
v -0.037717 0.629837 0.227365
v -0.032413 0.629169 0.225186
v -0.030258 0.627455 0.220109
v -0.032516 0.625685 0.215069
v -0.037908 0.624896 0.213017
v -0.043278 0.625565 0.215203
v -0.045995 0.605427 0.226385
v -0.043786 0.606738 0.231386
v -0.038571 0.607122 0.233452
v -0.033404 0.606354 0.231371
v -0.031313 0.604884 0.226363
v -0.033522 0.603572 0.221361
v -0.038737 0.603188 0.219296
v -0.043904 0.603956 0.221377
v 0.029004 0.582393 0.244199
v 0.027948 0.581304 0.241858
v 0.028967 0.580701 0.239329
v 0.031464 0.580939 0.238101
v 0.033967 0.581878 0.238894
v 0.035012 0.582964 0.241235
v 0.033994 0.583564 0.243753
v 0.031509 0.583328 0.244981
v -0.041276 0.603529 0.229519
v -0.042364 0.602881 0.227050
v -0.041331 0.602156 0.224580
v -0.038783 0.601777 0.223555
v -0.036211 0.601966 0.224573
v -0.035120 0.602613 0.227039
v -0.036150 0.603339 0.229511
v -0.038701 0.603719 0.230539
v 0.029881 0.583543 0.242463
v 0.029344 0.582980 0.241268
v 0.029865 0.582670 0.239977
v 0.031140 0.582796 0.239347
v 0.032418 0.583283 0.239749
v 0.032952 0.583846 0.240944
v 0.032431 0.584154 0.242232
v 0.031159 0.584030 0.242862
v -0.039988 0.604554 0.227919
v -0.040547 0.604226 0.226654
v -0.040017 0.603856 0.225387
v -0.038711 0.603664 0.224861
v -0.037393 0.603759 0.225383
v -0.036834 0.604088 0.226648
v -0.037363 0.604457 0.227915
v -0.038670 0.604650 0.228442
v 0.029916 0.576676 0.246952
v 0.028581 0.575287 0.243976
v 0.029877 0.574521 0.240766
v 0.033044 0.574825 0.239204
v 0.036227 0.576023 0.240205
v 0.037560 0.577411 0.243180
v 0.036265 0.578177 0.246388
v 0.033099 0.577873 0.247950
v -0.042271 0.597579 0.231971
v -0.043692 0.596737 0.228752
v -0.042346 0.595793 0.225530
v -0.039021 0.595300 0.224191
v -0.035666 0.595546 0.225520
v -0.034244 0.596388 0.228738
v -0.035589 0.597332 0.231961
v -0.038914 0.597826 0.233301
v 0.030640 0.575254 0.247046
v 0.029457 0.574027 0.244407
v 0.030605 0.573349 0.241562
v 0.033412 0.573616 0.240178
v 0.036235 0.574673 0.241065
v 0.037419 0.575900 0.243704
v 0.036271 0.576579 0.246549
v 0.033463 0.576311 0.247933
v -0.041956 0.595986 0.232024
v -0.043219 0.595237 0.229165
v -0.042024 0.594396 0.226301
v -0.039070 0.593957 0.225112
v -0.036088 0.594177 0.226292
v -0.034825 0.594926 0.229152
v -0.036021 0.595767 0.232015
v -0.038974 0.596206 0.233205
v 0.032389 0.574359 0.245639
v 0.031863 0.573813 0.244466
v 0.032373 0.573511 0.243201
v 0.033622 0.573630 0.242586
v 0.034877 0.574100 0.242980
v 0.035403 0.574646 0.244153
v 0.034892 0.574947 0.245418
v 0.033644 0.574828 0.246034
v -0.040368 0.594715 0.230660
v -0.040935 0.594379 0.229376
v -0.040398 0.594001 0.228090
v -0.039072 0.593804 0.227556
v -0.037733 0.593903 0.228086
v -0.037165 0.594239 0.229371
v -0.037702 0.594617 0.230656
v -0.039029 0.594814 0.231191
v 0.033636 0.574217 0.244314
v -0.039051 0.594297 0.229377
v 0.029164 0.593541 0.245622
v 0.023939 0.591643 0.243965
v 0.021756 0.589367 0.239097
v 0.023894 0.588047 0.233868
v 0.029100 0.588457 0.231342
v 0.034325 0.590355 0.232999
v 0.036508 0.592631 0.237867
v 0.034371 0.593950 0.243096
v -0.032982 0.613403 0.229577
v -0.038313 0.614171 0.231731
v -0.043696 0.613700 0.229621
v -0.045978 0.612266 0.224484
v -0.043822 0.610708 0.219329
v -0.038491 0.609940 0.217176
v -0.033108 0.610411 0.219285
v -0.030826 0.611846 0.224422
v 0.033775 0.586967 0.243218
v 0.035034 0.586222 0.240100
v 0.033737 0.584872 0.237208
v 0.030644 0.583708 0.236238
v 0.027567 0.583411 0.237756
v 0.026308 0.584156 0.240874
v 0.027604 0.585506 0.243766
v 0.030697 0.586671 0.244737
v -0.038575 0.607117 0.230518
v -0.035398 0.606646 0.229238
v -0.034112 0.605744 0.226159
v -0.035471 0.604940 0.223083
v -0.038678 0.604705 0.221813
v -0.041854 0.605176 0.223092
v -0.043140 0.606078 0.226172
v -0.041782 0.606882 0.229248
v 0.103681 0.256020 -0.010632
v 0.072726 0.207001 0.034093
v -0.001368 0.187099 0.052244
v -0.075463 0.207005 0.034100
v -0.106421 0.256028 -0.010624
v -0.074776 0.304574 -0.054580
v -0.001368 0.324175 -0.072167
v 0.072038 0.304569 -0.054584
v 0.100174 0.210716 -0.047288
v 0.070130 0.178662 0.008908
v -0.001383 0.165760 0.031745
v -0.072906 0.178785 0.009021
v -0.102972 0.210896 -0.047130
v -0.072515 0.242616 -0.102824
v -0.001411 0.255312 -0.125347
v 0.069701 0.242487 -0.102934
v 0.096588 0.167078 -0.065082
v 0.067341 0.146106 -0.007043
v -0.001446 0.137831 0.016455
v -0.070262 0.146465 -0.006832
v -0.099579 0.167595 -0.064783
v -0.070396 0.188706 -0.122815
v -0.001538 0.197115 -0.146325
v 0.067343 0.188339 -0.123023
v 0.092894 0.128497 -0.080901
v 0.064408 0.097940 -0.029215
v -0.001686 0.085922 -0.008256
v -0.067772 0.098575 -0.028892
v -0.096239 0.129403 -0.080442
v -0.068386 0.160248 -0.132956
v -0.001660 0.171569 -0.154833
v 0.065066 0.159618 -0.133270
v 0.089173 0.098917 -0.111726
v 0.061561 0.049650 -0.081696
v -0.002200 0.030097 -0.069533
v -0.065810 0.050424 -0.081215
v -0.093051 0.100022 -0.111043
v -0.065833 0.149427 -0.142104
v -0.001692 0.168043 -0.155691
v 0.062322 0.148661 -0.142570
v 0.086491 0.081629 -0.150774
v 0.059584 0.028520 -0.133341
v -0.002547 0.007471 -0.126200
v -0.064470 0.029243 -0.132935
v -0.090863 0.082661 -0.150192
v -0.064313 0.136171 -0.167947
v -0.001828 0.157448 -0.175387
v 0.060453 0.135447 -0.168359
v 0.083922 0.075394 -0.183319
v 0.057720 0.021283 -0.178238
v -0.002715 -0.000162 -0.176160
v -0.062913 0.021941 -0.178065
v -0.088526 0.076330 -0.183066
v -0.062591 0.130815 -0.188269
v -0.001893 0.152480 -0.190485
v 0.058571 0.130161 -0.188455
v 0.081485 0.075623 -0.211855
v 0.056099 0.022835 -0.214122
v -0.002694 0.001920 -0.215110
v -0.061264 0.023470 -0.214289
v -0.086077 0.076535 -0.212135
v -0.060741 0.129408 -0.209888
v -0.001905 0.150368 -0.208876
v 0.056714 0.128781 -0.209666
v 0.079404 0.076952 -0.238259
v 0.054440 0.025506 -0.240007
v -0.002829 0.005369 -0.241346
v -0.059629 0.026393 -0.241772
v -0.083638 0.077807 -0.241008
v -0.059154 0.129115 -0.239327
v -0.001988 0.149678 -0.237804
v 0.055176 0.128837 -0.237301
v 0.081826 0.080549 -0.275177
v 0.060189 0.033269 -0.293077
v 0.009118 0.016224 -0.315078
v -0.042553 0.037365 -0.328997
v -0.065536 0.085865 -0.326493
v -0.044950 0.133122 -0.308503
v 0.006080 0.151008 -0.286191
v 0.058594 0.130088 -0.272361
v 0.092417 0.090602 -0.300691
v 0.081402 0.052202 -0.333731
v 0.043647 0.043051 -0.372081
v 0.000513 0.066809 -0.394574
v -0.023841 0.111026 -0.387729
v -0.013871 0.149469 -0.354650
v 0.023900 0.159291 -0.315888
v 0.067915 0.135695 -0.293439
v 0.115810 0.113116 -0.325239
v 0.115585 0.085008 -0.364826
v 0.089067 0.083601 -0.408379
v 0.051607 0.108540 -0.432073
v 0.023919 0.146611 -0.421677
v 0.023450 0.174922 -0.382132
v 0.049968 0.176639 -0.338105
v 0.088008 0.151647 -0.314315
v 0.149717 0.152135 -0.346397
v 0.156314 0.132704 -0.387098
v 0.135616 0.135636 -0.430013
v 0.099978 0.158471 -0.451888
v 0.068872 0.189092 -0.439517
v 0.061656 0.208835 -0.398884
v 0.082241 0.206003 -0.355398
v 0.118374 0.182965 -0.333359
v 0.186667 0.209783 -0.358902
v 0.199058 0.200335 -0.397640
v 0.185058 0.209599 -0.437805
v 0.153505 0.231600 -0.457832
v 0.121430 0.254467 -0.445589
v 0.108702 0.264003 -0.407257
v 0.122385 0.254931 -0.366798
v 0.154136 0.232937 -0.346386
v 0.221923 0.262081 -0.356585
v 0.236410 0.257215 -0.391474
v 0.229418 0.273198 -0.426876
v 0.206154 0.299982 -0.443911
v 0.178949 0.322889 -0.432390
v 0.164584 0.327536 -0.398378
v 0.171131 0.312026 -0.363063
v 0.194213 0.285556 -0.345386
v 0.264519 0.297953 -0.344654
v 0.277863 0.293449 -0.376117
v 0.279843 0.313946 -0.404885
v 0.270500 0.346222 -0.415813
v 0.254524 0.372701 -0.402453
v 0.241568 0.376708 -0.372241
v 0.239241 0.357027 -0.343817
v 0.248270 0.325323 -0.332036
v 0.334328 0.310168 -0.323229
v 0.343604 0.306211 -0.350812
v 0.352771 0.324187 -0.372973
v 0.357240 0.353429 -0.378377
v 0.354025 0.378108 -0.362830
v 0.344720 0.382001 -0.335380
v 0.335271 0.364026 -0.313308
v 0.330808 0.334895 -0.307875
v 0.384046 0.322114 -0.318599
v 0.387733 0.320530 -0.329676
v 0.392651 0.329380 -0.340384
v 0.395319 0.343652 -0.342903
v 0.394358 0.353547 -0.336580
v 0.390803 0.355113 -0.325457
v 0.386005 0.346248 -0.314708
v 0.383217 0.331992 -0.312230
v 0.392264 0.337430 -0.326534
v 0.055935 0.707384 0.206692
v 0.159066 0.767682 0.186972
v 0.181004 0.866055 0.135804
v -0.003786 0.656688 0.180674
v 0.038524 0.684145 0.167633
v 0.083709 0.661663 0.152950
v 0.123799 0.659647 0.102033
v 0.173749 0.955372 0.109364
v 0.113951 0.659683 0.038502
v 0.122376 1.060193 0.105238
v 0.062982 0.657618 -0.000028
v -0.003506 0.656945 -0.011525
v 0.066308 0.674855 0.213970
v 0.061066 0.663645 0.184638
v 0.134924 0.705148 0.184269
v 0.126270 0.680936 0.171933
v 0.187063 0.771841 0.116503
v 0.178757 0.718214 0.111349
v 0.202004 0.843627 0.024539
v 0.177050 0.734406 0.028428
v 0.151957 0.847626 -0.087851
v 0.133213 0.712874 -0.063883
v 0.005806 0.664561 0.177664
v 0.133087 1.006860 -0.057502
v 0.195593 0.925222 0.048709
v 0.195561 0.825074 0.120844
v 0.145642 0.730983 0.184011
v 0.060913 0.693469 0.212385
v -0.003448 0.684578 0.212137
v -0.003479 1.105571 0.086547
v -0.003477 0.660318 0.215916
v -0.003477 0.677141 0.216157
v -0.062937 0.707437 0.206640
v -0.067866 0.693469 0.212385
v -0.152595 0.730983 0.184011
v -0.165884 0.767625 0.187026
v -0.202515 0.825074 0.120844
v -0.187987 0.866129 0.135765
v -0.068020 0.663645 0.184639
v -0.002541 0.653144 0.190274
v -0.004181 0.656721 0.205495
v -0.011393 0.663709 0.177276
v -0.044933 0.684139 0.168062
v -0.133223 0.680936 0.171933
v -0.090799 0.661599 0.153014
v -0.185711 0.718214 0.111349
v -0.130779 0.659646 0.102040
v -0.202546 0.925222 0.048709
v -0.180671 0.955358 0.109390
v -0.120853 0.659682 0.038476
v -0.184003 0.734406 0.028428
v -0.140040 1.006860 -0.057502
v -0.129331 1.060180 0.105252
v -0.069901 0.657670 0.000064
v -0.140166 0.712874 -0.063883
v -0.003477 1.020527 -0.100301
v -0.003477 0.682956 -0.120979
v -0.073261 0.674855 0.213970
v -0.141877 0.705148 0.184269
v -0.194016 0.771841 0.116503
v -0.208957 0.843627 0.024539
v -0.158910 0.847626 -0.087851
v -0.003477 0.821939 -0.148956
v 0.106286 0.717316 0.204773
v 0.179651 0.794840 0.156035
v 0.019771 0.664415 0.179896
v 0.077266 0.668558 0.174600
v 0.136351 0.679155 0.138598
v 0.193696 0.895707 0.102840
v 0.158087 0.693389 0.069752
v 0.165605 0.997606 0.044529
v 0.131707 0.686991 -0.001886
v 0.066258 1.068434 -0.007913
v 0.054193 0.665929 -0.059380
v 0.032825 0.654323 0.203280
v 0.101021 0.674456 0.195792
v 0.163541 0.719288 0.152897
v 0.195886 0.772391 0.071471
v 0.183097 0.787202 -0.028318
v 0.101734 0.697139 0.205095
v 0.170335 0.752780 0.152804
v 0.203463 0.846413 0.078098
v 0.184253 0.919164 -0.028029
v 0.076589 0.929559 -0.125133
v 0.024774 0.686146 0.213273
v 0.081656 0.752853 -0.125656
v 0.028474 0.677221 0.217420
v 0.000577 0.652337 0.187312
v -0.113239 0.717316 0.204773
v -0.186604 0.794840 0.156035
v -0.027321 0.664425 0.179917
v -0.084223 0.668558 0.174602
v -0.143304 0.679155 0.138598
v -0.200649 0.895707 0.102840
v -0.165040 0.693389 0.069752
v -0.172558 0.997606 0.044529
v -0.138661 0.686991 -0.001886
v -0.073211 1.068434 -0.007913
v -0.061146 0.665929 -0.059380
v -0.039779 0.654324 0.203281
v -0.107974 0.674456 0.195792
v -0.170494 0.719288 0.152897
v -0.202839 0.772391 0.071471
v -0.190050 0.787202 -0.028318
v -0.108687 0.697139 0.205095
v -0.177289 0.752780 0.152804
v -0.210416 0.846413 0.078098
v -0.191206 0.919164 -0.028029
v -0.083542 0.929559 -0.125133
v -0.031728 0.686146 0.213273
v -0.088610 0.752853 -0.125656
v -0.035427 0.677221 0.217420
v -0.007281 0.653316 0.184993
v 0.063182 0.686836 0.214531
v 0.021927 0.691436 0.209184
v 0.101321 0.686698 0.203948
v 0.139392 0.716813 0.184163
v 0.108792 0.732020 0.204020
v 0.164405 0.735111 0.154261
v 0.192225 0.797853 0.116693
v 0.178769 0.816463 0.160763
v 0.028618 0.656598 0.188329
v -0.000670 0.657007 0.180406
v 0.049169 0.672074 0.175084
v 0.093188 0.668770 0.182840
v 0.058121 0.672183 0.166337
v 0.107613 0.670454 0.163065
v 0.157270 0.699921 0.146675
v 0.108126 0.659140 0.130062
v 0.155476 0.688438 0.106668
v 0.200384 0.811846 0.073188
v 0.201737 0.890127 0.031720
v 0.180626 0.909904 0.118816
v 0.125284 0.659824 0.069170
v 0.148686 0.693070 0.033280
v 0.183506 0.730448 0.070541
v 0.189169 0.853741 -0.032208
v 0.144160 0.932489 -0.086115
v 0.156890 1.009245 0.107476
v 0.091871 0.658595 0.015406
v 0.101898 0.677449 -0.033952
v 0.164265 0.727464 -0.017494
v 0.082321 0.831998 -0.130789
v 0.030703 0.657135 -0.008490
v -0.003477 0.659621 -0.070644
v 0.072962 0.693778 -0.103126
v 0.067312 0.662391 0.201279
v 0.133718 0.693133 0.180486
v 0.186062 0.746888 0.115295
v 0.194441 0.788817 0.024471
v 0.149121 0.773134 -0.081532
v 0.017341 0.679223 0.173033
v 0.126704 1.043887 0.014102
v 0.185952 0.944561 0.076362
v 0.191240 0.847414 0.127575
v 0.152348 0.747514 0.185754
v 0.058969 0.699084 0.210524
v 0.103554 0.706482 0.204657
v 0.176637 0.774095 0.153404
v 0.202213 0.875751 0.088469
v 0.174328 0.971654 -0.005260
v 0.069493 1.019782 -0.089586
v 0.026476 0.682922 0.214965
v 0.064936 1.093529 0.094239
v 0.031384 0.664791 0.216489
v 0.008426 0.654283 0.188571
v -0.003477 1.074978 -0.016722
v -0.003476 0.651290 0.204921
v -0.003477 0.671812 0.217742
v -0.003477 0.679739 0.215162
v -0.065922 0.699084 0.210524
v -0.110508 0.706482 0.204657
v -0.159301 0.747514 0.185754
v -0.115672 0.732142 0.203897
v -0.183591 0.774095 0.153404
v -0.198194 0.847414 0.127575
v -0.185770 0.816406 0.160770
v -0.035665 0.656601 0.188345
v -0.004404 0.660879 0.197468
v -0.015416 0.653640 0.193056
v -0.025195 0.678569 0.172899
v -0.055996 0.672104 0.175064
v -0.100141 0.668770 0.182840
v -0.065196 0.671824 0.166531
v -0.114566 0.670454 0.163065
v -0.164223 0.699921 0.146675
v -0.115145 0.659132 0.130065
v -0.162429 0.688438 0.106668
v -0.209166 0.875751 0.088469
v -0.192905 0.944561 0.076362
v -0.187579 0.909946 0.118801
v -0.132251 0.659825 0.069155
v -0.155639 0.693070 0.033280
v -0.190459 0.730448 0.070541
v -0.181281 0.971654 -0.005260
v -0.133658 1.043887 0.014102
v -0.163829 1.009230 0.107498
v -0.098753 0.658614 0.015462
v -0.108852 0.677449 -0.033952
v -0.171218 0.727464 -0.017494
v -0.076446 1.019782 -0.089586
v -0.071894 1.093525 0.094245
v -0.037702 0.657162 -0.008449
v -0.079916 0.693778 -0.103126
v -0.038338 0.664791 0.216489
v -0.074265 0.662390 0.201279
v -0.108275 0.686698 0.203948
v -0.140672 0.693133 0.180486
v -0.171358 0.735111 0.154261
v -0.193016 0.746888 0.115295
v -0.207337 0.811846 0.073188
v -0.201394 0.788817 0.024471
v -0.196122 0.853741 -0.032208
v -0.156075 0.773134 -0.081532
v -0.070135 0.686836 0.214531
v -0.146345 0.716813 0.184163
v -0.199179 0.797853 0.116693
v -0.208690 0.890127 0.031720
v -0.151114 0.932489 -0.086115
v -0.089274 0.831998 -0.130789
v -0.003477 0.924169 -0.139543
v -0.028977 0.691463 0.209199
v -0.033429 0.682922 0.214965
v -0.003477 0.741067 -0.145427
v -0.007094 0.658594 0.181186
v -0.001685 0.650944 0.190931
v 0.056630 0.700534 0.182885
v 0.138831 0.775955 0.178582
v 0.159959 0.861259 0.124271
v -0.002366 0.671122 0.197196
v 0.040296 0.701520 0.185138
v 0.077894 0.682971 0.142284
v 0.107198 0.677481 0.097725
v 0.150247 0.947547 0.105171
v 0.098175 0.676238 0.047588
v 0.105844 1.041844 0.108742
v 0.056929 0.679506 0.008715
v -0.003505 0.681948 -0.008741
v 0.061728 0.678610 0.194198
v 0.059131 0.685373 0.199291
v 0.116293 0.711584 0.165564
v 0.111693 0.702661 0.164593
v 0.161360 0.775340 0.108400
v 0.154827 0.730461 0.107413
v 0.175115 0.845070 0.028202
v 0.153305 0.746644 0.033422
v 0.132899 0.847769 -0.068478
v 0.115172 0.728498 -0.050884
v -0.001489 0.679798 0.194028
v 0.115862 0.991439 -0.043224
v 0.169526 0.917537 0.048581
v 0.169508 0.826324 0.113213
v 0.126078 0.739816 0.167347
v 0.060386 0.684655 0.186684
v -0.003447 0.675307 0.188802
v -0.003494 1.081683 0.093979
v -0.003477 0.669347 0.198604
v -0.003477 0.667088 0.190942
v -0.063603 0.700640 0.182932
v -0.067340 0.684655 0.186684
v -0.133032 0.739816 0.167347
v -0.145771 0.775793 0.178759
v -0.176462 0.826324 0.113213
v -0.166904 0.861327 0.124206
v -0.066084 0.685376 0.199290
v -0.002963 0.672560 0.204062
v -0.003587 0.670867 0.187246
v -0.005764 0.678059 0.192786
v -0.047308 0.701667 0.184844
v -0.118646 0.702661 0.164593
v -0.084923 0.682984 0.142214
v -0.161781 0.730461 0.107413
v -0.114173 0.677527 0.097631
v -0.176479 0.917537 0.048581
v -0.157170 0.947496 0.105106
v -0.105075 0.676186 0.047479
v -0.160258 0.746644 0.033422
v -0.122815 0.991439 -0.043224
v -0.112763 1.041869 0.108737
v -0.063858 0.679514 0.008698
v -0.122126 0.728498 -0.050884
v -0.003477 1.003246 -0.079327
v -0.003477 0.701623 -0.101229
v -0.068681 0.678610 0.194198
v -0.123247 0.711584 0.165564
v -0.168314 0.775340 0.108400
v -0.182068 0.845070 0.028202
v -0.139852 0.847769 -0.068478
v -0.003477 0.821699 -0.121780
v 0.098159 0.719938 0.178973
v 0.154545 0.798877 0.146444
v 0.018010 0.680467 0.201687
v 0.077176 0.695648 0.176732
v 0.120544 0.700232 0.131935
v 0.168950 0.889219 0.093670
v 0.137211 0.710449 0.073171
v 0.141984 0.984213 0.045616
v 0.115129 0.707433 0.004881
v 0.058265 1.044349 0.001811
v 0.047163 0.691188 -0.052234
v 0.029227 0.673443 0.200264
v 0.088239 0.694868 0.183253
v 0.140772 0.725996 0.139665
v 0.169226 0.777660 0.071401
v 0.158295 0.792785 -0.018713
v 0.091502 0.698547 0.179958
v 0.146217 0.759921 0.142516
v 0.176365 0.847530 0.076368
v 0.159676 0.913602 -0.017852
v 0.067773 0.923466 -0.100159
v 0.026353 0.674333 0.188849
v 0.070243 0.758723 -0.101701
v 0.029677 0.668137 0.196134
v -0.007026 0.672928 0.198027
v -0.105113 0.719938 0.178973
v -0.161499 0.798877 0.146444
v -0.024890 0.680783 0.201472
v -0.084132 0.695648 0.176733
v -0.127497 0.700232 0.131935
v -0.175903 0.889219 0.093670
v -0.144164 0.710449 0.073171
v -0.148937 0.984213 0.045616
v -0.122082 0.707433 0.004881
v -0.065219 1.044349 0.001811
v -0.054116 0.691188 -0.052234
v -0.036181 0.673441 0.200261
v -0.095193 0.694868 0.183253
v -0.147725 0.725996 0.139665
v -0.176180 0.777660 0.071401
v -0.165248 0.792785 -0.018713
v -0.098455 0.698547 0.179958
v -0.153170 0.759921 0.142516
v -0.183318 0.847530 0.076368
v -0.166629 0.913602 -0.017852
v -0.074726 0.923466 -0.100159
v -0.033307 0.674333 0.188849
v -0.077196 0.758723 -0.101701
v -0.036630 0.668137 0.196134
v -0.000329 0.671170 0.198442
v 0.061376 0.679100 0.189235
v 0.023401 0.680668 0.186853
v 0.089511 0.692227 0.180471
v 0.120309 0.724183 0.166274
v 0.099976 0.735349 0.182557
v 0.141342 0.739767 0.140661
v 0.166044 0.802523 0.111104
v 0.156237 0.818333 0.153397
v 0.026824 0.674201 0.203383
v -0.007097 0.675900 0.196587
v 0.050610 0.691209 0.194318
v 0.086825 0.695061 0.184640
v 0.060419 0.695464 0.162833
v 0.098899 0.695224 0.156061
v 0.136709 0.715619 0.138347
v 0.095409 0.678191 0.120973
v 0.135712 0.706875 0.103848
v 0.173427 0.814850 0.071507
v 0.174901 0.886905 0.034548
v 0.158309 0.903272 0.109224
v 0.107437 0.676723 0.072655
v 0.129013 0.710794 0.039394
v 0.159037 0.741961 0.073216
v 0.164222 0.853947 -0.021430
v 0.125960 0.926333 -0.066896
v 0.134876 0.997385 0.107712
v 0.080835 0.677558 0.026075
v 0.089808 0.700640 -0.026571
v 0.142046 0.741229 -0.010051
v 0.072099 0.832040 -0.105609
v 0.027933 0.681171 -0.003770
v -0.003477 0.685835 -0.063480
v 0.061925 0.711267 -0.085495
v 0.061532 0.680997 0.197160
v 0.114895 0.706025 0.165722
v 0.160399 0.751428 0.107593
v 0.168205 0.794443 0.028782
v 0.129416 0.778951 -0.063744
v 0.017519 0.691320 0.193572
v 0.109564 1.023651 0.020039
v 0.160692 0.935395 0.072304
v 0.166660 0.843989 0.116502
v 0.132407 0.757014 0.169930
v 0.059464 0.690994 0.184585
v 0.094490 0.707935 0.179078
v 0.151995 0.780407 0.143840
v 0.175660 0.872542 0.083656
v 0.150382 0.960452 0.001032
v 0.061706 1.002554 -0.070065
v 0.028092 0.670997 0.190603
v 0.056131 1.070939 0.100396
v 0.029319 0.672218 0.198513
v 0.000615 0.673469 0.198470
v -0.003477 1.050213 -0.005532
v -0.003478 0.670018 0.199393
v -0.003477 0.664676 0.195344
v -0.003477 0.669893 0.189832
v -0.066417 0.690994 0.184585
v -0.101443 0.707935 0.179078
v -0.139360 0.757014 0.169930
v -0.106922 0.735353 0.182614
v -0.158949 0.780407 0.143840
v -0.173613 0.843989 0.116502
v -0.163155 0.818267 0.153409
v -0.033977 0.674241 0.203388
v -0.002899 0.679857 0.192963
v -0.009577 0.672466 0.192712
v -0.024140 0.691267 0.194183
v -0.057655 0.691195 0.194323
v -0.093778 0.695061 0.184640
v -0.067634 0.695626 0.162821
v -0.105852 0.695224 0.156061
v -0.143662 0.715619 0.138347
v -0.102407 0.678198 0.120904
v -0.142665 0.706875 0.103848
v -0.182613 0.872542 0.083656
v -0.167645 0.935395 0.072304
v -0.165241 0.903262 0.109158
v -0.114379 0.676673 0.072572
v -0.135967 0.710794 0.039394
v -0.165990 0.741961 0.073216
v -0.157335 0.960452 0.001032
v -0.116518 1.023651 0.020039
v -0.141789 0.997354 0.107664
v -0.087739 0.677554 0.026026
v -0.096762 0.700640 -0.026571
v -0.148999 0.741229 -0.010051
v -0.068660 1.002554 -0.070065
v -0.063082 1.070938 0.100394
v -0.034906 0.681197 -0.003780
v -0.068878 0.711267 -0.085495
v -0.036272 0.672218 0.198513
v -0.068485 0.680997 0.197160
v -0.096464 0.692227 0.180471
v -0.121849 0.706025 0.165722
v -0.148295 0.739767 0.140661
v -0.167352 0.751428 0.107593
v -0.180380 0.814850 0.071507
v -0.175159 0.794443 0.028782
v -0.171176 0.853947 -0.021430
v -0.136369 0.778951 -0.063744
v -0.068329 0.679100 0.189235
v -0.127263 0.724183 0.166274
v -0.172997 0.802523 0.111104
v -0.181854 0.886905 0.034548
v -0.132913 0.926333 -0.066896
v -0.079053 0.832040 -0.105609
v -0.003477 0.918032 -0.113069
v -0.030420 0.680699 0.186848
v -0.035045 0.670997 0.190603
v -0.003477 0.747070 -0.118922
v 0.001717 0.674650 0.194889
v -0.007743 0.672058 0.194278
v 0.055723 0.704794 0.194474
v 0.104069 0.734116 0.193402
v 0.149042 0.772060 0.183286
v 0.167417 0.817730 0.157634
v 0.017198 0.685788 0.182927
v 0.038910 0.693277 0.175471
v 0.058869 0.683292 0.164079
v 0.080183 0.671768 0.147144
v 0.101129 0.668026 0.125123
v 0.114720 0.667908 0.099696
v 0.170035 0.863993 0.130754
v 0.168932 0.906807 0.115129
v 0.115599 0.667535 0.071054
v 0.105506 0.667252 0.043400
v 0.161717 0.951487 0.108455
v 0.145804 1.003284 0.108755
v 0.085937 0.667484 0.021248
v 0.059639 0.668129 0.005014
v 0.114077 1.051128 0.108118
v 0.060466 1.082491 0.098452
v 0.029096 0.668890 -0.005202
v -0.003519 0.669269 -0.008908
v 0.022263 0.686966 0.197622
v -0.003434 0.681068 0.200020
v -0.003670 0.668059 0.186564
v 0.001781 0.672549 0.185563
v -0.111030 0.734125 0.193394
v -0.155893 0.771888 0.183369
v -0.174355 0.817666 0.157670
v -0.176992 0.864097 0.130707
v -0.024085 0.685574 0.182927
v -0.008282 0.672610 0.185614
v -0.066028 0.683278 0.163939
v -0.045530 0.693090 0.175574
v -0.108133 0.668021 0.125053
v -0.087231 0.671746 0.147050
v -0.175878 0.906848 0.115117
v -0.168679 0.951455 0.108457
v -0.122541 0.667535 0.070985
v -0.121692 0.667906 0.099631
v -0.152763 1.003271 0.108755
v -0.121017 1.051139 0.108117
v -0.092844 0.667484 0.021208
v -0.112396 0.667252 0.043294
v -0.067423 1.082489 0.098453
v -0.003491 1.093901 0.091398
v -0.036100 0.668894 -0.005189
v -0.066579 0.668131 0.005009
v -0.029332 0.687009 0.197609
v -0.062765 0.704843 0.194461
v -0.003806 0.668064 0.186508
v -0.004125 0.668006 0.186591
v 0.020865 1.038214 0.170443
v 0.022414 1.056929 0.127637
v 0.020865 1.077690 0.085785
v 0.021803 1.081819 0.186003
v 0.025754 1.097956 0.146768
v 0.021803 1.117638 0.109187
v 0.015961 1.126362 0.178339
v 0.021362 1.139496 0.166139
v 0.021399 1.139040 0.148616
v 0.022414 1.088160 0.090988
v 0.025754 1.068006 0.132802
v 0.022414 1.048929 0.175119
v -0.020097 1.038214 0.170443
v -0.021647 1.056929 0.127637
v -0.020097 1.077690 0.085785
v -0.021035 1.081819 0.186003
v -0.024986 1.097956 0.146768
v -0.021035 1.117638 0.109187
v -0.015194 1.126362 0.178339
v -0.020595 1.139496 0.166139
v -0.020631 1.139040 0.148616
v -0.021647 1.088160 0.090988
v -0.024986 1.068006 0.132802
v -0.021647 1.048929 0.175119
v 0.025894 1.074454 0.106389
v 0.027824 1.053235 0.052204
v 0.025894 1.034660 -0.002944
v 0.027062 1.126564 0.081688
v 0.031984 1.106221 0.032918
v 0.027062 1.090456 -0.017517
v 0.019787 1.159047 0.035706
v 0.026514 1.159868 0.013392
v 0.026560 1.144033 -0.001639
v 0.027824 1.048463 -0.007583
v 0.031984 1.067541 0.046997
v 0.027824 1.088010 0.101070
v -0.025127 1.074454 0.106389
v -0.027057 1.053235 0.052204
v -0.025127 1.034660 -0.002944
v -0.026295 1.126564 0.081688
v -0.031217 1.106221 0.032918
v -0.026295 1.090456 -0.017517
v -0.019020 1.159046 0.035706
v -0.025747 1.159868 0.013392
v -0.025792 1.144034 -0.001639
v -0.027057 1.048463 -0.007583
v -0.031217 1.067541 0.046997
v -0.027057 1.088010 0.101070
v 0.020184 1.056080 0.004776
v 0.021682 1.026220 -0.029111
v 0.020184 0.998034 -0.064401
v 0.021091 1.087529 -0.027073
v 0.024911 1.059746 -0.057242
v 0.021091 1.034859 -0.089842
v 0.015444 1.099014 -0.069232
v 0.020665 1.093690 -0.085725
v 0.020701 1.078151 -0.092484
v 0.021682 1.006869 -0.071449
v 0.024911 1.035272 -0.036706
v 0.021682 1.064555 -0.002702
v -0.019417 1.056080 0.004776
v -0.020915 1.026220 -0.029111
v -0.019417 0.998034 -0.064401
v -0.020323 1.087529 -0.027073
v -0.024143 1.059746 -0.057242
v -0.020323 1.034859 -0.089842
v -0.014676 1.099014 -0.069232
v -0.019897 1.093690 -0.085725
v -0.019933 1.078151 -0.092485
v -0.020915 1.006869 -0.071449
v -0.024143 1.035272 -0.036706
v -0.020915 1.064555 -0.002702
v -0.018837 0.150743 -0.142369
v -0.019990 0.189952 -0.127605
v -0.018550 0.229819 -0.114754
v -0.019559 0.168035 -0.180113
v -0.022735 0.203345 -0.165929
v -0.019298 0.239787 -0.155056
v -0.014555 0.200811 -0.203928
v -0.019013 0.216881 -0.204730
v -0.019004 0.227851 -0.193473
v -0.019834 0.233033 -0.124734
v -0.022770 0.193575 -0.137953
v -0.020119 0.154449 -0.152177
v 0.015416 0.150619 -0.142369
v 0.016854 0.189818 -0.127605
v 0.015703 0.229695 -0.114754
v 0.016263 0.167905 -0.180113
v 0.019695 0.203191 -0.165929
v 0.016524 0.239656 -0.155056
v 0.011498 0.200716 -0.203928
v 0.016072 0.216754 -0.204730
v 0.016142 0.227723 -0.193473
v 0.017011 0.232899 -0.124734
v 0.019660 0.193421 -0.137953
v 0.016725 0.154315 -0.152177
v -0.018959 0.126850 -0.257010
v -0.020106 0.128773 -0.216231
v -0.018703 0.132632 -0.175598
v -0.019199 0.167300 -0.256093
v -0.022324 0.168260 -0.219029
v -0.018967 0.172547 -0.182221
v -0.013957 0.201194 -0.235943
v -0.018237 0.208159 -0.221876
v -0.018311 0.202317 -0.207718
v -0.019836 0.142816 -0.176572
v -0.022691 0.139460 -0.216982
v -0.020090 0.137070 -0.257478
v 0.014416 0.126419 -0.257085
v 0.015794 0.128310 -0.216311
v 0.014672 0.132202 -0.175672
v 0.015704 0.166850 -0.256171
v 0.019018 0.167727 -0.219121
v 0.015936 0.172097 -0.182299
v 0.011428 0.200867 -0.235999
v 0.015949 0.207718 -0.221952
v 0.015934 0.201875 -0.207794
v 0.016064 0.142353 -0.176652
v 0.018651 0.138927 -0.217074
v 0.015809 0.136607 -0.257558
v 0.029619 0.143858 -0.341676
v 0.009388 0.132775 -0.307974
v -0.009028 0.123777 -0.272649
v 0.019819 0.181813 -0.331652
v -0.000177 0.170826 -0.302260
v -0.015248 0.163592 -0.269019
v 0.007336 0.207970 -0.304406
v -0.004403 0.209793 -0.293290
v -0.009673 0.199814 -0.282935
v -0.011860 0.133624 -0.271670
v 0.005094 0.142911 -0.307430
v 0.026547 0.153580 -0.340268
v 0.058380 0.146180 -0.324897
v 0.040324 0.135274 -0.289926
v 0.019732 0.126100 -0.255871
v 0.049897 0.184242 -0.314105
v 0.035449 0.173703 -0.281476
v 0.014829 0.166021 -0.251472
v 0.029211 0.209737 -0.291645
v 0.025056 0.212172 -0.276104
v 0.019837 0.202197 -0.265719
v 0.019076 0.136123 -0.253622
v 0.040720 0.145788 -0.286646
v 0.057484 0.156078 -0.322220
v 0.091981 0.210614 -0.386291
v 0.065702 0.181111 -0.371968
v 0.039946 0.152798 -0.354613
v 0.068048 0.237774 -0.365723
v 0.043350 0.210623 -0.354821
v 0.020832 0.185313 -0.336980
v 0.039664 0.245287 -0.337202
v 0.024620 0.239830 -0.332281
v 0.019433 0.225076 -0.330331
v 0.033992 0.160656 -0.350743
v 0.058444 0.189290 -0.368962
v 0.085704 0.218113 -0.382223
v 0.112535 0.207067 -0.359003
v 0.087811 0.177295 -0.342615
v 0.060500 0.149251 -0.327325
v 0.089542 0.234064 -0.337185
v 0.068811 0.206229 -0.321018
v 0.042327 0.181603 -0.308442
v 0.055297 0.242589 -0.316447
v 0.045673 0.236197 -0.304330
v 0.040523 0.221436 -0.302331
v 0.056101 0.156841 -0.321390
v 0.083904 0.184896 -0.335160
v 0.107813 0.214297 -0.352871
v 0.150605 0.279712 -0.393378
v 0.124398 0.246404 -0.391555
v 0.097772 0.213769 -0.386499
v 0.119180 0.301642 -0.376121
v 0.095168 0.271365 -0.376768
v 0.071241 0.241807 -0.369878
v 0.083363 0.302417 -0.355536
v 0.068051 0.295273 -0.355857
v 0.064030 0.279994 -0.357724
v 0.090171 0.220539 -0.383228
v 0.115729 0.253571 -0.389426
v 0.142675 0.286072 -0.390065
v 0.163655 0.272522 -0.362074
v 0.138435 0.238671 -0.357882
v 0.110822 0.206579 -0.355194
v 0.132827 0.294123 -0.343383
v 0.111334 0.262459 -0.337991
v 0.084888 0.234288 -0.337141
v 0.093289 0.296948 -0.331727
v 0.081418 0.287909 -0.323792
v 0.077420 0.272617 -0.325603
v 0.104208 0.212805 -0.349555
v 0.131894 0.244666 -0.350649
v 0.156713 0.278338 -0.356392
v 0.211985 0.330046 -0.386175
v 0.182554 0.305167 -0.388369
v 0.152173 0.281361 -0.387894
v 0.185358 0.356897 -0.380480
v 0.158956 0.334023 -0.384533
v 0.131086 0.312721 -0.382040
v 0.150099 0.366169 -0.371298
v 0.135605 0.362365 -0.374752
v 0.129593 0.349273 -0.376169
v 0.146219 0.289039 -0.387420
v 0.176013 0.313232 -0.389183
v 0.205659 0.337422 -0.385711
v 0.214842 0.325439 -0.355098
v 0.185627 0.300212 -0.354941
v 0.155030 0.276754 -0.356817
v 0.188345 0.352079 -0.347980
v 0.162494 0.328316 -0.346037
v 0.134074 0.307903 -0.349540
v 0.152272 0.362665 -0.347661
v 0.138531 0.357646 -0.342920
v 0.132524 0.344546 -0.344281
v 0.149292 0.284084 -0.353992
v 0.179551 0.307525 -0.350687
v 0.208731 0.332466 -0.352283
v 0.278234 0.359708 -0.372699
v 0.246557 0.343660 -0.380124
v 0.213774 0.329027 -0.385340
v 0.259979 0.390642 -0.373953
v 0.231837 0.375566 -0.382504
v 0.201490 0.362803 -0.385423
v 0.229143 0.407883 -0.373277
v 0.216047 0.407449 -0.379374
v 0.207833 0.396819 -0.381523
v 0.210252 0.337397 -0.386405
v 0.242861 0.352407 -0.382504
v 0.274311 0.367888 -0.373842
v 0.273566 0.357487 -0.343504
v 0.241536 0.341270 -0.348721
v 0.209106 0.326805 -0.356146
v 0.255097 0.388319 -0.343421
v 0.226055 0.372814 -0.346340
v 0.196608 0.360479 -0.354892
v 0.225593 0.406193 -0.351072
v 0.211266 0.405174 -0.349471
v 0.203044 0.394539 -0.351568
v 0.205231 0.335007 -0.355002
v 0.237078 0.349654 -0.346340
v 0.269290 0.365498 -0.342439
v 0.337916 0.360281 -0.355518
v 0.307659 0.359132 -0.364744
v 0.276870 0.359507 -0.372081
v 0.334848 0.391461 -0.356857
v 0.307822 0.389794 -0.366780
v 0.279457 0.390758 -0.371885
v 0.316722 0.416379 -0.357866
v 0.306703 0.420821 -0.364103
v 0.296523 0.415397 -0.366907
v 0.277216 0.367427 -0.372974
v 0.308106 0.367416 -0.366780
v 0.337882 0.368196 -0.356514
v 0.331143 0.360195 -0.330551
v 0.300374 0.359040 -0.337888
v 0.270097 0.359421 -0.347114
v 0.327765 0.391371 -0.330747
v 0.299433 0.389687 -0.335853
v 0.272374 0.390669 -0.345776
v 0.311570 0.416314 -0.338877
v 0.299765 0.420734 -0.338530
v 0.289574 0.415309 -0.341289
v 0.269931 0.367334 -0.346118
v 0.299717 0.367309 -0.335853
v 0.330597 0.368104 -0.329658
v 0.383715 0.346126 -0.338382
v 0.360349 0.354208 -0.346424
v 0.337002 0.363625 -0.352924
v 0.390674 0.370899 -0.339522
v 0.369637 0.377619 -0.348088
v 0.348289 0.386778 -0.352717
v 0.384239 0.395366 -0.340625
v 0.377984 0.401717 -0.345901
v 0.368618 0.400582 -0.348361
v 0.339639 0.369580 -0.353650
v 0.363188 0.360405 -0.348088
v 0.386061 0.352189 -0.339199
v 0.378146 0.348212 -0.317982
v 0.354359 0.356452 -0.324482
v 0.331434 0.365712 -0.332524
v 0.384850 0.373081 -0.318189
v 0.362738 0.380203 -0.322819
v 0.342465 0.388960 -0.331384
v 0.380003 0.396953 -0.325110
v 0.372280 0.403854 -0.325006
v 0.362904 0.402723 -0.327430
v 0.333649 0.371824 -0.331708
v 0.356290 0.362989 -0.322819
v 0.380070 0.354433 -0.317256
v 0.017685 0.983253 0.203724
v 0.018993 1.015023 0.180313
v 0.017685 1.047887 0.158466
v 0.018477 1.008580 0.233523
v 0.021814 1.036956 0.211638
v 0.018477 1.067227 0.192458
v 0.013542 1.044402 0.246731
v 0.018105 1.059163 0.243353
v 0.018136 1.066230 0.230341
v 0.018993 1.053349 0.166694
v 0.021814 1.020944 0.188771
v 0.018993 0.989116 0.211670
v -0.016917 0.983253 0.203724
v -0.018226 1.015023 0.180313
v -0.016917 1.047887 0.158466
v -0.017709 1.008580 0.233523
v -0.021047 1.036956 0.211638
v -0.017709 1.067227 0.192458
v -0.012775 1.044402 0.246731
v -0.017337 1.059163 0.243353
v -0.017368 1.066231 0.230342
v -0.018226 1.053349 0.166694
v -0.021047 1.020944 0.188771
v -0.018226 0.989116 0.211670
v 0.077764 0.795392 0.369443
v 0.083164 0.795392 0.354607
v 0.088564 0.795392 0.339771
v 0.077017 0.778671 0.367218
v 0.081789 0.778671 0.354107
v 0.086562 0.778671 0.340996
v 0.079091 0.764637 0.357930
v 0.080415 0.761950 0.353607
v 0.082180 0.764637 0.349444
v 0.088201 0.792358 0.339993
v 0.082915 0.792358 0.354517
v 0.077629 0.792358 0.369040
v 0.088633 0.794380 0.373399
v 0.094032 0.794380 0.358563
v 0.099432 0.794380 0.343727
v 0.087886 0.777659 0.371174
v 0.092658 0.777659 0.358063
v 0.097430 0.777659 0.344951
v 0.089960 0.763625 0.361886
v 0.091283 0.760938 0.357562
v 0.093048 0.763625 0.353399
v 0.099069 0.791346 0.343949
v 0.093783 0.791347 0.358472
v 0.088497 0.791347 0.372995
v 0.056861 0.792700 0.395597
v 0.067010 0.792700 0.383503
v 0.077158 0.792700 0.371408
v 0.058041 0.775915 0.394191
v 0.067010 0.775915 0.383503
v 0.075979 0.775915 0.372814
v 0.064107 0.761828 0.386962
v 0.067010 0.759130 0.383503
v 0.069913 0.761828 0.380044
v 0.076944 0.789655 0.371663
v 0.067010 0.789655 0.383503
v 0.057075 0.789655 0.395342
v 0.065755 0.792700 0.403060
v 0.075904 0.792700 0.390966
v 0.086052 0.792700 0.378871
v 0.066935 0.775915 0.401654
v 0.075904 0.775915 0.390966
v 0.084872 0.775915 0.380277
v 0.073001 0.761828 0.394425
v 0.075904 0.759130 0.390966
v 0.078806 0.761828 0.387506
v 0.085838 0.789655 0.379126
v 0.075904 0.789655 0.390966
v 0.065969 0.789655 0.402805
v 0.029092 0.788282 0.400467
v 0.044640 0.788282 0.397725
v 0.060189 0.788282 0.394984
v 0.030899 0.771497 0.400148
v 0.044640 0.771497 0.397725
v 0.058381 0.771497 0.395302
v 0.040193 0.757409 0.398509
v 0.044640 0.754712 0.397725
v 0.049087 0.757409 0.396941
v 0.059861 0.785237 0.395041
v 0.044640 0.785237 0.397725
v 0.029420 0.785237 0.400409
v 0.031108 0.788282 0.411901
v 0.046656 0.788282 0.409159
v 0.062205 0.788282 0.406417
v 0.032915 0.771497 0.411582
v 0.046656 0.771497 0.409159
v 0.060397 0.771497 0.406736
v 0.042209 0.757409 0.409943
v 0.046656 0.754712 0.409159
v 0.051103 0.757409 0.408375
v 0.061877 0.785237 0.406475
v 0.046656 0.785237 0.409159
v 0.031436 0.785237 0.411843
v -0.078557 0.795599 0.370604
v -0.081298 0.795599 0.355056
v -0.084040 0.795599 0.339507
v -0.077435 0.778878 0.368542
v -0.079858 0.778878 0.354802
v -0.082280 0.778878 0.341061
v -0.077864 0.764844 0.359035
v -0.078417 0.762157 0.354548
v -0.079433 0.764844 0.350141
v -0.083721 0.792565 0.339789
v -0.081037 0.792565 0.355009
v -0.078353 0.792565 0.370230
v -0.089947 0.794587 0.372612
v -0.092688 0.794587 0.357064
v -0.095430 0.794587 0.341516
v -0.088825 0.777866 0.370551
v -0.091248 0.777866 0.356810
v -0.093671 0.777866 0.343069
v -0.089254 0.763832 0.361044
v -0.089807 0.761145 0.356556
v -0.090823 0.763832 0.352150
v -0.095111 0.791553 0.341797
v -0.092427 0.791553 0.357018
v -0.089743 0.791553 0.372238
v -0.056312 0.792700 0.395801
v -0.065368 0.792700 0.382868
v -0.074423 0.792700 0.369935
v -0.057365 0.775915 0.394297
v -0.065368 0.775915 0.382868
v -0.073371 0.775915 0.371438
v -0.062778 0.761828 0.386567
v -0.065368 0.759130 0.382868
v -0.067958 0.761828 0.379169
v -0.074233 0.789655 0.370207
v -0.065368 0.789655 0.382868
v -0.056503 0.789655 0.395528
v -0.065822 0.792700 0.402460
v -0.074878 0.792700 0.389527
v -0.083934 0.792700 0.376594
v -0.066875 0.775915 0.400956
v -0.074878 0.775915 0.389527
v -0.082881 0.775915 0.378097
v -0.072288 0.761828 0.393226
v -0.074878 0.759130 0.389527
v -0.077468 0.761828 0.385828
v -0.083743 0.789655 0.376867
v -0.074878 0.789655 0.389527
v -0.066013 0.789655 0.402187
v -0.029695 0.788282 0.400467
v -0.045244 0.788282 0.397725
v -0.060792 0.788282 0.394984
v -0.031503 0.771497 0.400148
v -0.045244 0.771497 0.397725
v -0.058984 0.771497 0.395302
v -0.040796 0.757409 0.398509
v -0.045244 0.754712 0.397725
v -0.049691 0.757409 0.396941
v -0.060464 0.785237 0.395041
v -0.045244 0.785237 0.397725
v -0.030023 0.785237 0.400409
v -0.031711 0.788282 0.411901
v -0.047260 0.788282 0.409159
v -0.062808 0.788282 0.406417
v -0.033519 0.771497 0.411582
v -0.047260 0.771497 0.409159
v -0.061000 0.771497 0.406736
v -0.042812 0.757409 0.409943
v -0.047260 0.754712 0.409159
v -0.051707 0.757409 0.408375
v -0.062480 0.785237 0.406475
v -0.047260 0.785237 0.409159
v -0.032039 0.785237 0.411843
v -0.143466 0.000046 0.212074
v -0.142249 0.051198 0.211404
v -0.162268 0.000052 0.208162
v -0.156391 0.055418 0.206768
v -0.140963 0.038738 0.213940
v -0.159465 0.040312 0.209529
v -0.127908 0.055462 0.203926
v -0.122115 -0.000000 0.203190
v -0.144756 0.064714 0.197942
v -0.119987 0.040585 0.206832
v -0.175886 0.000046 0.201436
v -0.175062 0.041154 0.201751
v -0.164592 0.067271 0.187950
v -0.206741 0.039597 0.156852
v -0.198713 0.054746 0.162964
v -0.183946 0.063946 0.175049
v -0.198142 0.050670 0.177064
v -0.201766 0.038864 0.176651
v -0.189318 0.040534 0.190866
v -0.187134 0.054870 0.187622
v -0.172270 0.056829 0.198479
v -0.204055 0.000036 0.155881
v -0.199520 0.000026 0.177389
v -0.188125 0.000054 0.191988
v -0.051574 -0.000062 0.069609
v -0.050639 -0.000111 0.103487
v -0.100884 -0.000153 0.179133
v -0.106072 0.062284 0.187574
v -0.126852 0.073274 0.183375
v -0.095498 0.045813 0.186631
v -0.080429 -0.000185 0.153663
v -0.178819 -0.000166 0.097003
v -0.105036 -0.000105 0.039429
v -0.070135 0.000039 0.041692
v -0.151150 0.074284 0.058854
v -0.140074 -0.000103 0.051804
v -0.181794 0.073150 0.153791
v -0.198014 0.062574 0.138859
v -0.205231 0.044452 0.128705
v -0.196483 -0.000112 0.124174
v -0.154973 0.076337 0.171220
v -0.048031 0.078825 0.070518
v -0.051484 0.073384 0.115936
v -0.108812 0.079050 0.035107
v -0.070458 0.079086 0.039641
v -0.100721 0.024800 0.179410
v -0.050429 0.022264 0.104246
v -0.053794 0.022242 0.070008
v -0.072748 0.022240 0.045140
v -0.104728 0.022257 0.041021
v -0.142203 0.022269 0.055215
v -0.197550 0.021953 0.127616
v -0.202470 0.021896 0.156421
v -0.198117 0.021884 0.177448
v -0.186913 0.021881 0.191075
v -0.174686 0.021879 0.200454
v -0.161422 0.021887 0.207027
v -0.143896 0.021895 0.211122
v -0.123113 0.024727 0.202701
v -0.045660 0.143638 0.074241
v -0.078000 0.142995 0.163468
v -0.118174 0.142750 0.176712
v -0.049176 0.143334 0.125235
v -0.070619 0.143766 0.035637
v -0.115341 0.143584 0.028412
v -0.183522 0.142991 0.095786
v -0.178948 0.142775 0.138069
v -0.160157 0.143264 0.053139
v -0.154536 0.142605 0.166871
v -0.086937 0.086449 0.157006
v -0.109845 0.095361 0.169305
v -0.151518 0.097441 0.159274
v -0.179775 0.095846 0.126974
v -0.177125 0.087845 0.104186
v -0.145943 -0.000640 0.205655
v -0.161651 -0.000637 0.203019
v -0.130086 -0.000647 0.198012
v -0.173062 -0.000639 0.197498
v -0.194140 -0.000644 0.160941
v -0.192088 -0.000636 0.176796
v -0.183148 -0.000637 0.189431
v -0.064386 -0.000751 0.076013
v -0.061022 -0.000725 0.098969
v -0.109573 -0.000661 0.174089
v -0.090976 -0.000705 0.148113
v -0.169302 -0.000706 0.103188
v -0.106652 -0.000752 0.052293
v -0.078556 -0.000761 0.053333
v -0.132641 -0.000723 0.057957
v -0.186528 -0.000666 0.129958
v -0.161128 -0.000645 0.180046
v -0.144078 -0.000663 0.154301
v -0.126458 -0.000705 0.127762
v -0.168892 -0.000642 0.191301
v -0.095803 -0.000733 0.079052
v -0.142338 0.022460 0.213504
v -0.120246 0.023679 0.205340
v -0.161496 0.022578 0.208934
v -0.175739 0.022623 0.201832
v -0.206042 0.023707 0.155275
v -0.188875 0.023920 0.191787
v -0.201014 0.022517 0.177263
v -0.097029 0.023563 0.181161
v -0.049179 0.022853 0.068986
v -0.070434 0.024222 0.041133
v -0.045660 0.024132 0.105936
v -0.200243 0.022469 0.122370
v -0.144167 0.022761 0.049357
v -0.106024 0.024176 0.036440
v -0.097288 0.022527 0.181411
v -0.075960 0.022549 0.156666
v -0.045984 0.022732 0.106174
v -0.049144 0.024199 0.069000
v -0.070401 0.022867 0.041140
v -0.105899 0.022844 0.036472
v -0.145579 0.024136 0.051581
v -0.183557 0.022548 0.094633
v -0.201535 0.023657 0.125629
v -0.205559 0.022493 0.155289
v -0.201053 0.023797 0.177230
v -0.188814 0.022607 0.191857
v -0.175694 0.023946 0.201853
v -0.161329 0.023892 0.208993
v -0.142261 0.023791 0.213527
v -0.120078 0.022475 0.204589
v -0.100791 0.022030 0.178603
v -0.079651 0.024859 0.154566
v -0.049931 0.024968 0.104225
v -0.053668 0.024960 0.069947
v -0.072704 0.024937 0.045057
v -0.104697 0.024969 0.040814
v -0.140799 0.024908 0.051788
v -0.180019 0.024796 0.096952
v -0.196755 0.024722 0.124423
v -0.202421 0.024678 0.156923
v -0.198222 0.024649 0.177464
v -0.186889 0.024586 0.191066
v -0.174656 0.024559 0.200411
v -0.161424 0.024584 0.207027
v -0.143837 0.024652 0.211251
v -0.123278 0.021933 0.202902
v -0.056686 0.144414 0.080187
v -0.083731 0.143784 0.156104
v -0.118140 0.143494 0.168202
v -0.059421 0.144135 0.123149
v -0.078145 0.144513 0.047665
v -0.116106 0.144395 0.041245
v -0.174281 0.143754 0.097987
v -0.171086 0.143476 0.134486
v -0.153975 0.144105 0.061802
v -0.149962 0.143377 0.159782
v -0.068366 0.143953 0.085053
v -0.089459 0.143315 0.145869
v -0.117268 0.143075 0.156517
v -0.070297 0.143657 0.119024
v -0.085664 0.144072 0.059376
v -0.115878 0.143936 0.054074
v -0.162534 0.143283 0.098996
v -0.160656 0.143024 0.128792
v -0.145886 0.143626 0.070124
v -0.143538 0.142953 0.149830
v -0.068547 0.133508 0.086930
v -0.087869 0.125268 0.146178
v -0.117153 0.123182 0.154866
v -0.069482 0.129760 0.120309
v -0.086740 0.135018 0.061129
v -0.117527 0.133707 0.054891
v -0.163410 0.125582 0.097695
v -0.160764 0.122160 0.127181
v -0.147380 0.130089 0.069791
v -0.142282 0.122266 0.148054
v -0.070715 0.120687 0.093345
v -0.087144 0.119726 0.148570
v -0.114842 0.119311 0.156666
v -0.069867 0.120273 0.124798
v -0.090478 0.120922 0.068004
v -0.121729 0.120737 0.060498
v -0.165814 0.119716 0.098599
v -0.161770 0.119435 0.126932
v -0.150973 0.120332 0.072949
v -0.142477 0.119487 0.148310
v -0.066678 0.042996 0.076622
v -0.092067 0.042561 0.145091
v -0.112568 0.042098 0.151103
v -0.066845 0.042921 0.107522
v -0.085583 0.043086 0.062329
v -0.108136 0.042980 0.052257
v -0.161969 0.042488 0.102941
v -0.158737 0.042072 0.121772
v -0.137277 0.042932 0.065998
v -0.138500 0.041949 0.140612
v -0.075043 0.043845 0.080767
v -0.096741 0.043267 0.138672
v -0.113597 0.042894 0.143838
v -0.075019 0.043602 0.105653
v -0.087635 0.043769 0.064360
v -0.108657 0.043797 0.061007
v -0.153645 0.043226 0.104259
v -0.151169 0.042859 0.119947
v -0.132048 0.043580 0.071867
v -0.134765 0.042680 0.135335
v -0.084632 0.043845 0.085379
v -0.102398 0.043267 0.131320
v -0.114751 0.042893 0.135282
v -0.084450 0.043601 0.103310
v -0.093802 0.043769 0.073565
v -0.108998 0.043797 0.071053
v -0.144056 0.043226 0.106121
v -0.142398 0.042859 0.117681
v -0.125941 0.043580 0.078734
v -0.130375 0.042680 0.129075
v -0.123196 0.043246 0.118760
v -0.105492 0.043591 0.090835
v -0.076421 0.054989 0.166529
v -0.092951 0.068598 0.174146
v -0.119509 0.083731 0.177986
v -0.183417 0.084052 0.141860
v -0.192682 0.070050 0.118976
v -0.193216 0.055160 0.102793
v -0.153245 0.086216 0.163650
v -0.080965 0.022091 0.155196
v -0.076893 0.023697 0.157850
v -0.186293 0.023769 0.099570
v -0.182321 0.022042 0.102263
v -0.142834 0.010086 0.212983
v -0.120876 0.010105 0.204080
v -0.098755 0.010015 0.180451
v -0.077909 0.009947 0.155295
v -0.048016 0.010064 0.104788
v -0.049956 0.010222 0.069139
v -0.069977 0.010344 0.040970
v -0.105492 0.010189 0.037515
v -0.142186 0.010130 0.050222
v -0.181384 0.009960 0.095556
v -0.198638 0.009994 0.123064
v -0.205122 0.010170 0.155490
v -0.200514 0.010125 0.177357
v -0.188663 0.010237 0.192068
v -0.175966 0.010256 0.201820
v -0.161966 0.010219 0.208757
v -0.078973 0.126606 0.166752
v -0.117359 0.128424 0.178340
v -0.154911 0.128272 0.166800
v -0.181649 0.128773 0.137875
v -0.187091 0.127066 0.098987
v -0.162863 0.122052 0.055874
v -0.114830 0.122600 0.028906
v -0.069748 0.122898 0.034797
v -0.045017 0.122670 0.073633
v -0.048616 0.121961 0.127627
v 0.141023 0.000046 0.212074
v 0.139805 0.051198 0.211404
v 0.159824 0.000052 0.208162
v 0.153948 0.055418 0.206768
v 0.138519 0.038738 0.213940
v 0.157021 0.040312 0.209529
v 0.125464 0.055462 0.203926
v 0.119672 -0.000000 0.203190
v 0.142313 0.064714 0.197942
v 0.117544 0.040585 0.206832
v 0.173443 0.000046 0.201436
v 0.172618 0.041154 0.201751
v 0.162149 0.067271 0.187950
v 0.204298 0.039597 0.156852
v 0.196270 0.054746 0.162964
v 0.181502 0.063946 0.175049
v 0.195698 0.050670 0.177064
v 0.199322 0.038864 0.176651
v 0.186875 0.040534 0.190866
v 0.184691 0.054870 0.187622
v 0.169827 0.056829 0.198479
v 0.201612 0.000036 0.155881
v 0.197076 0.000026 0.177389
v 0.185682 0.000054 0.191988
v 0.049131 -0.000062 0.069609
v 0.048196 -0.000111 0.103487
v 0.098441 -0.000153 0.179133
v 0.103629 0.062284 0.187574
v 0.124409 0.073274 0.183375
v 0.093055 0.045813 0.186631
v 0.077986 -0.000185 0.153663
v 0.176376 -0.000166 0.097003
v 0.102593 -0.000105 0.039429
v 0.067692 0.000039 0.041692
v 0.148707 0.074284 0.058854
v 0.137631 -0.000103 0.051804
v 0.179351 0.073150 0.153791
v 0.195571 0.062574 0.138859
v 0.202788 0.044452 0.128705
v 0.194039 -0.000112 0.124174
v 0.152530 0.076337 0.171220
v 0.045588 0.078825 0.070518
v 0.049041 0.073384 0.115936
v 0.106369 0.079050 0.035107
v 0.068014 0.079086 0.039641
v 0.098278 0.024800 0.179410
v 0.047986 0.022264 0.104246
v 0.051351 0.022242 0.070008
v 0.070305 0.022240 0.045140
v 0.102285 0.022257 0.041021
v 0.139759 0.022269 0.055215
v 0.195107 0.021953 0.127616
v 0.200026 0.021896 0.156421
v 0.195674 0.021884 0.177448
v 0.184469 0.021881 0.191075
v 0.172243 0.021879 0.200454
v 0.158979 0.021887 0.207027
v 0.141453 0.021895 0.211122
v 0.120670 0.024727 0.202701
v 0.043217 0.143638 0.074241
v 0.075557 0.142995 0.163468
v 0.115731 0.142750 0.176712
v 0.046733 0.143334 0.125235
v 0.068176 0.143766 0.035637
v 0.112898 0.143584 0.028412
v 0.181079 0.142991 0.095786
v 0.176505 0.142775 0.138069
v 0.157714 0.143264 0.053139
v 0.152092 0.142605 0.166871
v 0.084494 0.086449 0.157006
v 0.107402 0.095361 0.169305
v 0.149075 0.097441 0.159274
v 0.177332 0.095846 0.126974
v 0.174682 0.087845 0.104186
v 0.143500 -0.000640 0.205655
v 0.159208 -0.000637 0.203019
v 0.127642 -0.000647 0.198012
v 0.170619 -0.000639 0.197498
v 0.191697 -0.000644 0.160941
v 0.189645 -0.000636 0.176796
v 0.180705 -0.000637 0.189431
v 0.061943 -0.000751 0.076013
v 0.058578 -0.000725 0.098969
v 0.107130 -0.000661 0.174089
v 0.088533 -0.000705 0.148113
v 0.166858 -0.000706 0.103188
v 0.104209 -0.000752 0.052293
v 0.076113 -0.000761 0.053333
v 0.130198 -0.000723 0.057957
v 0.184085 -0.000666 0.129958
v 0.158685 -0.000645 0.180046
v 0.141635 -0.000663 0.154301
v 0.124014 -0.000705 0.127762
v 0.166449 -0.000642 0.191301
v 0.093360 -0.000733 0.079052
v 0.139895 0.022460 0.213504
v 0.117803 0.023679 0.205340
v 0.159053 0.022578 0.208934
v 0.173296 0.022623 0.201832
v 0.203599 0.023707 0.155275
v 0.186432 0.023920 0.191787
v 0.198571 0.022517 0.177263
v 0.094586 0.023563 0.181161
v 0.046736 0.022853 0.068986
v 0.067990 0.024222 0.041133
v 0.043217 0.024132 0.105936
v 0.197800 0.022469 0.122370
v 0.141723 0.022761 0.049357
v 0.103581 0.024176 0.036440
v 0.094845 0.022527 0.181411
v 0.073517 0.022549 0.156666
v 0.043541 0.022732 0.106174
v 0.046701 0.024199 0.069000
v 0.067958 0.022867 0.041140
v 0.103456 0.022844 0.036472
v 0.143136 0.024136 0.051581
v 0.181114 0.022548 0.094633
v 0.199092 0.023657 0.125629
v 0.203116 0.022493 0.155289
v 0.198609 0.023797 0.177230
v 0.186370 0.022607 0.191857
v 0.173251 0.023946 0.201853
v 0.158886 0.023892 0.208993
v 0.139818 0.023791 0.213527
v 0.117635 0.022475 0.204589
v 0.098348 0.022030 0.178603
v 0.077208 0.024859 0.154566
v 0.047488 0.024968 0.104225
v 0.051225 0.024960 0.069947
v 0.070261 0.024937 0.045057
v 0.102254 0.024969 0.040814
v 0.138356 0.024908 0.051788
v 0.177576 0.024796 0.096952
v 0.194312 0.024722 0.124423
v 0.199978 0.024678 0.156923
v 0.195779 0.024649 0.177464
v 0.184446 0.024586 0.191066
v 0.172213 0.024559 0.200411
v 0.158981 0.024584 0.207027
v 0.141393 0.024652 0.211251
v 0.120835 0.021933 0.202902
v 0.054243 0.144414 0.080187
v 0.081287 0.143784 0.156104
v 0.115697 0.143494 0.168202
v 0.056978 0.144135 0.123149
v 0.075702 0.144513 0.047665
v 0.113662 0.144395 0.041245
v 0.171838 0.143754 0.097987
v 0.168642 0.143476 0.134486
v 0.151532 0.144105 0.061802
v 0.147519 0.143377 0.159782
v 0.065923 0.143953 0.085053
v 0.087016 0.143315 0.145869
v 0.114825 0.143075 0.156517
v 0.067854 0.143657 0.119024
v 0.083221 0.144072 0.059376
v 0.113434 0.143936 0.054074
v 0.160090 0.143283 0.098996
v 0.158213 0.143024 0.128792
v 0.143443 0.143626 0.070124
v 0.141095 0.142953 0.149830
v 0.066104 0.133508 0.086930
v 0.085426 0.125268 0.146178
v 0.114710 0.123182 0.154866
v 0.067038 0.129760 0.120309
v 0.084297 0.135018 0.061129
v 0.115084 0.133707 0.054891
v 0.160967 0.125582 0.097695
v 0.158320 0.122160 0.127181
v 0.144937 0.130089 0.069791
v 0.139838 0.122266 0.148054
v 0.068272 0.120687 0.093345
v 0.084701 0.119726 0.148570
v 0.112399 0.119311 0.156666
v 0.067424 0.120273 0.124798
v 0.088035 0.120922 0.068004
v 0.119285 0.120737 0.060498
v 0.163370 0.119716 0.098599
v 0.159327 0.119435 0.126932
v 0.148530 0.120332 0.072949
v 0.140034 0.119487 0.148310
v 0.064234 0.042996 0.076622
v 0.089624 0.042561 0.145091
v 0.110125 0.042098 0.151103
v 0.064402 0.042921 0.107522
v 0.083140 0.043086 0.062329
v 0.105693 0.042980 0.052257
v 0.159526 0.042488 0.102941
v 0.156294 0.042072 0.121772
v 0.134834 0.042932 0.065998
v 0.136056 0.041949 0.140612
v 0.072600 0.043845 0.080767
v 0.094298 0.043267 0.138672
v 0.111154 0.042894 0.143838
v 0.072576 0.043602 0.105653
v 0.085192 0.043769 0.064360
v 0.106214 0.043797 0.061007
v 0.151202 0.043226 0.104259
v 0.148726 0.042859 0.119947
v 0.129605 0.043580 0.071867
v 0.132321 0.042680 0.135335
v 0.082189 0.043845 0.085379
v 0.099955 0.043267 0.131320
v 0.112308 0.042893 0.135282
v 0.082007 0.043601 0.103310
v 0.091359 0.043769 0.073565
v 0.106555 0.043797 0.071053
v 0.141613 0.043226 0.106121
v 0.139955 0.042859 0.117681
v 0.123498 0.043580 0.078734
v 0.127932 0.042680 0.129075
v 0.120752 0.043246 0.118760
v 0.103049 0.043591 0.090835
v 0.073977 0.054989 0.166529
v 0.090508 0.068598 0.174146
v 0.117065 0.083731 0.177986
v 0.180974 0.084052 0.141860
v 0.190239 0.070050 0.118976
v 0.190773 0.055160 0.102793
v 0.150802 0.086216 0.163651
v 0.078521 0.022091 0.155196
v 0.074450 0.023697 0.157850
v 0.183850 0.023769 0.099570
v 0.179877 0.022042 0.102263
v 0.140391 0.010086 0.212983
v 0.118433 0.010105 0.204080
v 0.096312 0.010015 0.180451
v 0.075466 0.009947 0.155295
v 0.045573 0.010064 0.104788
v 0.047513 0.010222 0.069139
v 0.067534 0.010344 0.040970
v 0.103049 0.010189 0.037515
v 0.139743 0.010130 0.050222
v 0.178941 0.009960 0.095556
v 0.196195 0.009994 0.123064
v 0.202679 0.010170 0.155490
v 0.198071 0.010125 0.177357
v 0.186219 0.010237 0.192068
v 0.173523 0.010256 0.201820
v 0.159523 0.010219 0.208757
v 0.076530 0.126606 0.166752
v 0.114916 0.128424 0.178340
v 0.152467 0.128272 0.166800
v 0.179206 0.128773 0.137875
v 0.184648 0.127066 0.098987
v 0.160420 0.122052 0.055874
v 0.112387 0.122600 0.028906
v 0.067305 0.122898 0.034797
v 0.042574 0.122670 0.073633
v 0.046173 0.121961 0.127627
vn -0.5238 -0.2524 -0.8136
vn -0.5302 -0.4629 -0.7103
vn -0.6545 -0.4072 -0.6371
vn -0.6812 -0.2531 -0.6870
vn -0.5179 -0.0140 -0.8553
vn -0.6752 -0.0584 -0.7353
vn -0.3474 -0.0174 -0.9376
vn -0.3385 -0.2866 -0.8963
vn -0.3442 -0.5149 -0.7851
vn -0.4967 0.1052 -0.8615
vn -0.6448 0.0641 -0.7616
vn -0.4824 0.1378 -0.8651
vn -0.5963 0.1417 -0.7902
vn -0.3510 0.1371 -0.9263
vn -0.3573 0.1159 -0.9268
vn -0.1665 0.1106 -0.9798
vn -0.1653 0.1331 -0.9772
vn -0.0000 0.1261 -0.9920
vn -0.0000 0.1065 -0.9943
vn -0.1627 -0.0285 -0.9863
vn -0.0000 -0.0270 -0.9996
vn -0.1495 -0.3056 -0.9404
vn -0.0000 -0.3083 -0.9513
vn -0.1578 -0.5407 -0.8263
vn -0.0000 -0.5471 -0.8371
vn -0.4901 0.1555 -0.8577
vn -0.5834 0.1741 -0.7933
vn -0.5003 0.1599 -0.8509
vn -0.5958 0.1830 -0.7820
vn -0.3380 0.1364 -0.9312
vn -0.3407 0.1503 -0.9281
vn -0.5257 0.2004 -0.8267
vn -0.6293 0.2662 -0.7302
vn -0.5842 0.1642 -0.7948
vn -0.7125 0.2304 -0.6628
vn -0.7655 0.1403 -0.6279
vn -0.6197 0.1074 -0.7775
vn -0.3749 0.1173 -0.9196
vn -0.3541 0.1492 -0.9232
vn -0.1602 0.0801 -0.9838
vn -0.0000 0.0686 -0.9976
vn -0.0000 0.1066 -0.9943
vn -0.1651 0.1180 -0.9792
vn -0.1501 0.1196 -0.9814
vn -0.0000 0.1184 -0.9930
vn -0.3759 0.0727 -0.9238
vn -0.1678 0.0437 -0.9849
vn -0.1516 0.1472 -0.9774
vn -0.0000 0.1437 -0.9896
vn -0.5029 -0.2774 0.8186
vn -0.6865 -0.2676 0.6761
vn -0.6581 -0.4072 0.6333
vn -0.4970 -0.4906 0.7157
vn -0.2595 -0.3129 0.9137
vn -0.2586 -0.5687 0.7808
vn -0.2634 -0.1062 0.9588
vn -0.5058 -0.1035 0.8565
vn -0.6939 -0.1275 0.7087
vn -0.0000 -0.5909 0.8067
vn -0.0000 -0.3282 0.9446
vn -0.0000 -0.1122 0.9937
vn -0.0000 0.1596 0.9872
vn -0.2543 0.1606 0.9537
vn -0.2672 0.0280 0.9632
vn -0.0000 0.0237 0.9997
vn -0.4923 0.0251 0.8701
vn -0.4710 0.1634 0.8669
vn -0.6961 0.0077 0.7179
vn -0.6739 0.1674 0.7196
vn -0.4607 0.2886 0.8394
vn -0.6538 0.2808 0.7027
vn -0.2430 0.2999 0.9225
vn -0.2275 0.3833 0.8952
vn -0.4412 0.3688 0.8181
vn -0.6234 0.3504 0.6989
vn -0.0000 0.3061 0.9520
vn -0.0000 0.3891 0.9212
vn -0.0000 0.3533 0.9355
vn -0.0000 0.1901 0.9818
vn -0.2249 0.2060 0.9524
vn -0.2090 0.3610 0.9088
vn -0.2126 0.4216 0.8815
vn -0.0000 0.4249 0.9053
vn -0.4505 0.2419 0.8594
vn -0.4182 0.3808 0.8247
vn -0.6241 0.2917 0.7248
vn -0.5645 0.3949 0.7248
vn -0.5792 0.3899 0.7159
vn -0.4161 0.4100 0.8116
vn -0.5727 -0.5977 -0.5610
vn -0.7125 -0.4740 -0.5174
vn -0.3725 -0.6856 -0.6254
vn -0.1652 -0.7288 -0.6645
vn -0.0000 -0.7425 -0.6699
vn -0.0000 -0.8891 -0.4577
vn -0.1625 -0.8753 -0.4554
vn 0.0309 -0.5708 -0.8205
vn -0.2403 -0.7797 0.5781
vn -0.0000 -0.8172 0.5764
vn -0.5246 -0.6259 0.5771
vn -0.7143 -0.4728 0.5160
vn -0.8343 0.3266 -0.4441
vn -0.6408 0.4535 -0.6195
vn -0.5473 0.0960 -0.8314
vn -0.5325 0.2209 -0.8171
vn -0.7445 0.1330 -0.6542
vn -0.7987 0.0186 -0.6015
vn -0.8136 -0.1329 -0.5661
vn -0.9039 -0.1567 -0.3981
vn -0.9271 -0.0164 -0.3744
vn -0.8922 0.1143 -0.4369
vn -0.7933 -0.3036 -0.5277
vn -0.9769 0.0186 -0.2129
vn -0.9950 0.0253 -0.0967
vn -0.9936 0.0491 -0.1020
vn -0.9657 0.0864 -0.2448
vn -0.9660 -0.0888 -0.2427
vn -0.7592 0.2664 0.5939
vn -0.8278 0.1584 0.5382
vn -0.8371 0.1802 0.5165
vn -0.7713 0.3446 0.5351
vn -0.6722 0.1643 0.7219
vn -0.9486 0.1857 0.2562
vn -0.8854 0.3611 0.2926
vn -0.9829 0.0234 0.1825
vn -0.9760 0.0899 0.1983
vn -0.9968 0.0580 0.0547
vn -0.9984 0.0287 0.0478
vn -0.9745 -0.0761 0.2111
vn -0.9124 -0.1571 0.3780
vn -0.9385 -0.0122 0.3451
vn -0.9195 0.1281 0.3716
vn -0.7987 -0.3078 0.5171
vn -0.8311 -0.1626 0.5319
vn -0.8479 -0.1757 0.5003
vn -0.8485 -0.0046 0.5292
vn -0.3892 0.8474 -0.3611
vn -0.5161 0.8167 -0.2582
vn -0.5970 -0.1850 -0.7806
vn -0.6862 0.6655 -0.2938
vn -0.9023 0.3655 -0.2285
vn -0.5629 0.2723 0.7803
vn -0.4896 0.3755 0.7869
vn -0.7029 0.6893 -0.1756
vn -0.5009 -0.5679 -0.6531
vn -0.9479 0.3185 0.0034
vn -0.7130 0.7011 -0.0005
vn -0.6428 0.6799 0.3529
vn -0.9648 0.1837 -0.1880
vn -0.9825 0.1864 -0.0010
vn -0.3441 -0.6532 -0.6745
vn -0.9983 -0.0326 0.0490
vn -0.7691 0.4154 -0.4857
vn -0.6501 0.1412 -0.7466
vn -0.9436 -0.2372 -0.2311
vn 0.1768 0.6248 0.7605
vn 0.8323 0.4881 0.2628
vn 0.0685 0.1852 0.9803
vn -0.1274 0.3540 0.9265
vn 0.7036 0.3817 -0.5995
vn 0.8295 0.2556 -0.4966
vn -0.3955 -0.6348 -0.6638
vn 0.1313 -0.7347 -0.6656
vn 0.2508 -0.5180 -0.8177
vn -0.1770 -0.6889 -0.7029
vn -0.7798 -0.4430 -0.4423
vn -0.6305 -0.6994 -0.3366
vn -0.1172 -0.4725 -0.8735
vn -0.5530 -0.6841 -0.4756
vn -0.8188 -0.5662 0.0950
vn -0.7483 -0.6531 0.1165
vn -0.8134 -0.3485 0.4657
vn -0.6862 -0.4556 0.5671
vn -0.7110 -0.1261 0.6918
vn -0.5533 -0.2772 0.7855
vn -0.5906 0.0477 0.8055
vn -0.4398 -0.1448 0.8863
vn -0.4464 0.2309 0.8646
vn -0.3282 0.0001 0.9446
vn -0.2344 0.4613 0.8557
vn -0.1616 0.2260 0.9606
vn 0.0552 0.6972 0.7148
vn 0.0939 0.4991 0.8614
vn 0.2014 0.5597 0.8039
vn 0.2383 0.8594 0.4525
vn 0.2733 0.3571 0.8932
vn 0.2067 0.8573 0.4714
vn 0.1589 0.9430 -0.2924
vn 0.5646 0.7739 -0.2868
vn 0.9263 0.2271 -0.3005
vn 0.5934 0.2377 -0.7690
vn 0.1291 0.4514 -0.8829
vn 0.1653 -0.2161 -0.9623
vn 0.3716 -0.0927 -0.9237
vn 0.4434 -0.0816 -0.8926
vn 0.6253 -0.1393 -0.7678
vn 0.8683 -0.0117 -0.4959
vn 0.8271 -0.2322 -0.5119
vn 0.5750 -0.2413 -0.7818
vn 0.4617 -0.1136 -0.8798
vn 0.4773 -0.3602 -0.8015
vn 0.4343 -0.1307 -0.8912
vn 0.2673 -0.2292 -0.9360
vn 0.5497 -0.1332 -0.8247
vn 0.3920 -0.1463 -0.9083
vn -0.0626 -0.4306 -0.9004
vn 0.3642 0.1480 -0.9195
vn -0.1094 -0.3630 -0.9254
vn -0.5474 -0.6944 -0.4671
vn -0.4947 -0.7655 -0.4114
vn -0.7300 -0.6636 0.1638
vn -0.5879 -0.7679 0.2544
vn -0.6241 -0.4530 0.6366
vn -0.4156 -0.5241 0.7434
vn -0.4716 -0.3054 0.8272
vn -0.2462 -0.4300 0.8686
vn -0.3421 -0.1835 0.9216
vn -0.1817 -0.2599 0.9484
vn -0.2084 -0.0780 0.9749
vn -0.0954 -0.1263 0.9874
vn -0.0790 0.0851 0.9932
vn 0.0078 -0.0480 0.9988
vn 0.2055 0.4018 0.8924
vn 0.2995 0.4601 0.8358
vn 0.3748 0.3954 0.8385
vn 0.4149 0.8970 0.1523
vn 0.9409 -0.0816 -0.3287
vn 0.3805 0.7340 -0.5625
vn 0.4659 -0.2965 -0.8336
vn 0.3140 0.1362 -0.9396
vn 0.5092 -0.2379 -0.8271
vn 0.3060 -0.0869 -0.9480
vn 0.5382 -0.2031 -0.8180
vn 0.4405 -0.0767 -0.8945
vn 0.3438 0.2297 -0.9105
vn 0.1992 0.2239 -0.9540
vn -0.2619 -0.4367 -0.8606
vn -0.4402 -0.8340 -0.3325
vn -0.5392 -0.2485 0.8047
vn 0.4081 0.8829 -0.2321
vn 0.4255 0.7893 0.4427
vn 0.6519 0.6956 -0.3019
vn 0.7003 0.5963 0.3923
vn 0.9316 0.2813 -0.2302
vn 0.9657 0.0979 0.2407
vn 0.8884 -0.4591 -0.0095
vn 0.8338 -0.1116 -0.5407
vn 0.4768 -0.8371 -0.2683
vn 0.5281 -0.5174 -0.6734
vn 0.4191 0.2979 -0.8576
vn 0.1103 -0.3882 -0.9150
vn -0.1362 -0.2801 -0.9503
vn 0.2031 0.4353 -0.8771
vn -0.0899 -0.9047 -0.4164
vn -0.3671 -0.8308 -0.4184
vn -0.3539 -0.8898 0.2881
vn -0.0527 -0.9637 0.2617
vn -0.1106 -0.5775 0.8088
vn 0.1970 -0.6030 0.7730
vn 0.3025 0.1658 0.9386
vn 0.5269 0.0483 0.8485
vn 0.7809 -0.1573 0.6045
vn 0.6322 -0.6195 0.4654
vn 0.3680 -0.9131 0.1757
vn -0.3119 -0.8645 0.3940
vn -0.0075 -0.3484 0.9373
vn 0.2344 -0.5081 0.8288
vn -0.0719 -0.9346 0.3483
vn 0.6146 -0.6197 0.4881
vn 0.3012 -0.9287 0.2165
vn 0.8444 -0.5352 -0.0228
vn 0.3698 -0.8938 -0.2538
vn 0.7652 -0.2175 -0.6059
vn 0.3983 -0.5969 -0.6965
vn 0.3278 0.1927 -0.9249
vn -0.0360 -0.4590 -0.8877
vn 0.6610 0.6325 -0.4038
vn 0.9289 0.2045 -0.3089
vn 0.7423 0.5897 0.3182
vn 0.9791 0.0492 0.1972
vn 0.5708 0.1210 0.8121
vn 0.7958 -0.1499 0.5867
vn 0.3039 0.3808 0.8733
vn 0.3944 0.8535 0.3405
vn -0.8966 0.3566 0.2625
vn -0.4286 -0.7428 0.5144
vn -0.5183 -0.8273 -0.2168
vn -0.2095 -0.8193 0.5336
vn -0.2942 -0.9349 -0.1987
vn 0.1929 -0.9071 0.3742
vn 0.2562 -0.9582 -0.1277
vn 0.7878 -0.6133 0.0560
vn 0.5528 -0.5726 0.6054
vn 0.9796 0.0046 0.2007
vn 0.7697 -0.0990 0.6307
vn 0.1304 -0.2924 0.9474
vn 0.5042 0.2817 0.8163
vn 0.3077 0.4908 0.8152
vn -0.0312 -0.1030 0.9942
vn 0.7618 0.5939 0.2589
vn 0.5521 0.8039 0.2212
vn 0.5388 0.6530 -0.5322
vn 0.7390 0.4788 -0.4739
vn 0.2484 0.0684 -0.9662
vn 0.3807 -0.0408 -0.9238
vn -0.2455 -0.5978 -0.7631
vn -0.0594 -0.6276 -0.7762
vn 0.3003 -0.7273 -0.6171
vn 0.7183 -0.3799 -0.5829
vn 0.9369 0.0817 -0.3398
vn 0.3723 0.8761 -0.3065
vn -0.1938 -0.9143 -0.3556
vn 0.2262 -0.8321 -0.5063
vn 0.1573 -0.9466 0.2813
vn 0.2463 -0.4457 0.8606
vn 0.4479 -0.5241 0.7244
vn 0.1806 -0.9632 0.1993
vn 0.7202 -0.5716 0.3932
vn 0.5865 -0.8088 -0.0434
vn 0.8780 -0.3825 -0.2877
vn 0.9345 -0.1561 0.3199
vn 0.8579 0.2475 -0.4502
vn 0.9425 0.3191 0.0999
vn 0.5971 0.1671 0.7846
vn 0.6025 0.7207 0.3429
vn 0.4492 0.8011 -0.3956
vn 0.2155 0.3474 -0.9126
vn 0.5468 0.0610 -0.8350
vn 0.4840 -0.4268 -0.7639
vn 0.0602 -0.3347 -0.9404
vn 0.3502 -0.7917 -0.5006
vn 0.0406 -0.8776 -0.4777
vn 0.4760 -0.6584 -0.5831
vn 0.7250 -0.4578 -0.5145
vn -0.2993 0.5660 0.7681
vn -0.5843 0.4543 0.6725
vn -0.7738 0.3414 0.5335
vn -0.9173 0.1951 0.3472
vn 0.2484 -0.7713 -0.5860
vn -0.1309 -0.9398 -0.3156
vn -0.1147 -0.9710 -0.2096
vn 0.3623 -0.8598 -0.3597
vn -0.0000 -1.0000 -0.0010
vn -0.1070 -0.9943 -0.0016
vn -0.0000 -0.9730 -0.2309
vn -0.0131 -0.5854 0.8107
vn 0.2740 -0.7452 0.6080
vn -0.1360 -0.9184 0.3716
vn -0.3754 -0.4593 -0.8050
vn -0.6427 -0.3014 -0.7044
vn -0.8431 -0.1766 -0.5079
vn -0.9978 -0.0315 0.0577
vn -0.6441 -0.3121 0.6984
vn -0.3568 -0.4658 0.8097
vn -0.9171 -0.1498 0.3695
vn -0.7323 -0.1709 0.6592
vn -0.9457 -0.0811 0.3147
vn 0.0563 -0.3139 0.9478
vn 0.4060 -0.3005 0.8630
vn 0.3855 -0.3021 0.8719
vn 0.0269 -0.3154 0.9486
vn -0.2943 -0.3204 0.9004
vn -0.3226 -0.3214 0.8903
vn -0.6330 -0.3130 0.7080
vn -0.6729 -0.3145 0.6695
vn -0.8533 -0.2831 0.4379
vn -0.8757 -0.2813 0.3924
vn -0.9506 -0.2687 0.1553
vn -0.9522 -0.2684 0.1455
vn -0.9047 -0.1536 -0.3974
vn -0.8629 -0.2809 -0.4202
vn -0.9482 -0.2680 -0.1707
vn -0.9759 -0.1327 -0.1735
vn -0.6570 -0.3125 -0.6861
vn -0.7189 -0.1630 -0.6757
vn -0.3555 -0.2038 -0.9122
vn -0.3066 -0.3194 -0.8966
vn -0.2763 -0.3183 -0.9068
vn 0.0462 -0.3143 -0.9482
vn 0.0766 -0.3128 -0.9467
vn 0.4017 -0.3021 -0.8645
vn 0.4234 -0.3006 -0.8546
vn -0.5810 -0.1206 -0.8049
vn -0.7638 0.6336 -0.1230
vn -0.6835 0.7053 0.1880
vn -0.5525 0.6766 0.4869
vn -0.3464 0.5626 0.7506
vn -0.5343 0.5377 0.6522
vn 0.7173 0.5415 -0.4385
vn 0.9254 -0.1050 -0.3641
vn 0.7479 -0.5106 -0.4241
vn 0.2531 -0.7659 -0.5910
vn -0.3352 -0.5627 -0.7556
vn -0.9924 -0.0381 -0.1173
vn 0.3776 -0.2601 -0.8887
vn 0.0178 -0.2323 -0.9725
vn -0.9296 -0.0804 -0.3596
vn -0.9875 -0.0427 -0.1519
vn -0.9952 -0.0381 0.0898
vn -0.9820 -0.1358 0.1309
vn -0.3754 -0.2135 0.9019
vn -0.0144 -0.2508 0.9679
vn 0.3664 -0.2697 0.8905
vn 0.6477 -0.3072 0.6972
vn 0.6993 -0.2841 0.6559
vn 0.6900 -0.2849 0.6654
vn 0.8936 -0.2709 0.3579
vn 0.8906 -0.2712 0.3651
vn 0.9639 -0.2659 0.0103
vn 0.9639 -0.2661 0.0089
vn 0.4030 -0.9152 -0.0068
vn 0.9230 -0.3847 -0.0014
vn 0.8557 -0.3603 -0.3715
vn 0.6593 -0.3067 -0.6865
vn 0.3473 -0.8776 0.3305
vn -0.1115 -0.9728 0.2030
vn 0.8446 -0.3777 0.3795
vn 0.8967 -0.2719 -0.3494
vn 0.7003 -0.2860 -0.6540
vn -0.0000 -0.9728 0.2315
vn -0.0000 -0.9425 -0.3341
vn -0.0000 -0.9178 0.3971
vn -0.9466 -0.2684 -0.1785
vn -0.0000 0.0368 -0.9993
vn -0.0000 0.0984 0.9951
vn -0.2283 0.1122 0.9671
vn -0.4693 0.1399 0.8719
vn -0.8989 0.1718 -0.4031
vn 0.5238 -0.2524 -0.8136
vn 0.6812 -0.2531 -0.6870
vn 0.6545 -0.4072 -0.6371
vn 0.5302 -0.4629 -0.7103
vn 0.5179 -0.0140 -0.8553
vn 0.6752 -0.0584 -0.7353
vn 0.3385 -0.2866 -0.8963
vn 0.3474 -0.0174 -0.9376
vn 0.3442 -0.5149 -0.7851
vn 0.4967 0.1052 -0.8615
vn 0.6448 0.0641 -0.7616
vn 0.4824 0.1378 -0.8651
vn 0.5963 0.1417 -0.7902
vn 0.3573 0.1159 -0.9268
vn 0.3510 0.1371 -0.9263
vn 0.1665 0.1106 -0.9798
vn 0.1653 0.1331 -0.9772
vn 0.1627 -0.0285 -0.9863
vn 0.1495 -0.3056 -0.9404
vn 0.1578 -0.5407 -0.8263
vn 0.4901 0.1555 -0.8577
vn 0.5834 0.1741 -0.7933
vn 0.5003 0.1599 -0.8509
vn 0.5956 0.1828 -0.7822
vn 0.3407 0.1503 -0.9281
vn 0.3380 0.1364 -0.9312
vn 0.5257 0.2004 -0.8267
vn 0.6289 0.2661 -0.7305
vn 0.7655 0.1403 -0.6279
vn 0.7123 0.2304 -0.6629
vn 0.5842 0.1642 -0.7948
vn 0.6197 0.1074 -0.7775
vn 0.3541 0.1492 -0.9232
vn 0.3749 0.1173 -0.9196
vn 0.1602 0.0801 -0.9838
vn 0.1651 0.1180 -0.9792
vn 0.1501 0.1196 -0.9814
vn 0.3759 0.0727 -0.9238
vn 0.1678 0.0437 -0.9849
vn 0.1516 0.1472 -0.9774
vn 0.5029 -0.2774 0.8186
vn 0.4970 -0.4906 0.7157
vn 0.6581 -0.4072 0.6333
vn 0.6865 -0.2676 0.6761
vn 0.2595 -0.3129 0.9137
vn 0.2586 -0.5687 0.7808
vn 0.5058 -0.1035 0.8565
vn 0.2634 -0.1062 0.9588
vn 0.6939 -0.1275 0.7087
vn 0.2672 0.0280 0.9632
vn 0.2543 0.1606 0.9537
vn 0.4923 0.0251 0.8701
vn 0.4710 0.1634 0.8669
vn 0.6961 0.0077 0.7179
vn 0.6739 0.1674 0.7196
vn 0.4607 0.2886 0.8394
vn 0.6538 0.2808 0.7027
vn 0.2430 0.2999 0.9225
vn 0.4412 0.3688 0.8181
vn 0.2275 0.3833 0.8952
vn 0.6234 0.3504 0.6989
vn 0.2090 0.3610 0.9088
vn 0.2249 0.2060 0.9524
vn 0.2126 0.4216 0.8815
vn 0.4505 0.2419 0.8594
vn 0.4182 0.3808 0.8247
vn 0.6241 0.2917 0.7248
vn 0.5645 0.3949 0.7248
vn 0.4161 0.4100 0.8116
vn 0.5792 0.3899 0.7159
vn 0.5727 -0.5977 -0.5610
vn 0.7125 -0.4740 -0.5174
vn 0.3725 -0.6856 -0.6254
vn 0.1652 -0.7288 -0.6645
vn 0.1625 -0.8753 -0.4554
vn -0.0309 -0.5708 -0.8205
vn 0.2403 -0.7797 0.5781
vn 0.5246 -0.6259 0.5771
vn 0.7143 -0.4728 0.5160
vn 0.8342 0.3268 -0.4442
vn 0.6407 0.4532 -0.6198
vn 0.5322 0.2203 -0.8174
vn 0.5473 0.0960 -0.8314
vn 0.7445 0.1330 -0.6542
vn 0.7987 0.0186 -0.6015
vn 0.8136 -0.1329 -0.5661
vn 0.9271 -0.0164 -0.3744
vn 0.9039 -0.1567 -0.3981
vn 0.8922 0.1143 -0.4369
vn 0.7933 -0.3036 -0.5277
vn 0.9936 0.0491 -0.1020
vn 0.9950 0.0253 -0.0967
vn 0.9769 0.0186 -0.2129
vn 0.9657 0.0864 -0.2448
vn 0.9660 -0.0888 -0.2427
vn 0.7592 0.2664 0.5939
vn 0.8278 0.1584 0.5382
vn 0.8371 0.1802 0.5165
vn 0.6722 0.1643 0.7219
vn 0.7713 0.3446 0.5351
vn 0.8854 0.3611 0.2926
vn 0.9486 0.1857 0.2562
vn 0.9829 0.0234 0.1825
vn 0.9984 0.0287 0.0478
vn 0.9968 0.0580 0.0547
vn 0.9760 0.0899 0.1983
vn 0.9385 -0.0122 0.3451
vn 0.9124 -0.1571 0.3780
vn 0.9745 -0.0761 0.2111
vn 0.9195 0.1281 0.3716
vn 0.7987 -0.3078 0.5171
vn 0.8311 -0.1626 0.5319
vn 0.8479 -0.1757 0.5003
vn 0.8485 -0.0046 0.5292
vn 0.3892 0.8474 -0.3611
vn 0.5161 0.8167 -0.2582
vn 0.5970 -0.1850 -0.7806
vn 0.6862 0.6656 -0.2935
vn 0.9023 0.3656 -0.2284
vn 0.5629 0.2723 0.7803
vn 0.4896 0.3755 0.7869
vn 0.7029 0.6893 -0.1756
vn 0.5009 -0.5679 -0.6531
vn 0.7130 0.7011 -0.0005
vn 0.9479 0.3185 0.0034
vn 0.6428 0.6799 0.3529
vn 0.9648 0.1837 -0.1880
vn 0.9825 0.1864 -0.0010
vn 0.3441 -0.6532 -0.6745
vn 0.6501 0.1408 -0.7467
vn 0.7693 0.4153 -0.4856
vn 0.9983 -0.0326 0.0490
vn 0.9436 -0.2372 -0.2311
vn -0.1768 0.6248 0.7605
vn 0.1274 0.3540 0.9265
vn -0.0685 0.1852 0.9803
vn -0.8323 0.4881 0.2628
vn -0.8295 0.2556 -0.4966
vn -0.7036 0.3817 -0.5995
vn 0.3955 -0.6348 -0.6638
vn 0.1770 -0.6889 -0.7029
vn -0.2508 -0.5180 -0.8177
vn -0.1313 -0.7347 -0.6656
vn 0.7798 -0.4430 -0.4423
vn 0.6305 -0.6994 -0.3366
vn 0.5530 -0.6841 -0.4756
vn 0.1172 -0.4725 -0.8735
vn 0.8188 -0.5662 0.0950
vn 0.7483 -0.6531 0.1165
vn 0.8134 -0.3485 0.4657
vn 0.6862 -0.4556 0.5671
vn 0.7110 -0.1261 0.6918
vn 0.5533 -0.2772 0.7855
vn 0.5906 0.0477 0.8055
vn 0.4398 -0.1448 0.8863
vn 0.4464 0.2309 0.8646
vn 0.3282 0.0001 0.9446
vn 0.2344 0.4613 0.8557
vn 0.1616 0.2260 0.9606
vn -0.0552 0.6972 0.7148
vn -0.0939 0.4991 0.8614
vn -0.2383 0.8594 0.4525
vn -0.2014 0.5597 0.8039
vn -0.2067 0.8573 0.4714
vn -0.2733 0.3571 0.8932
vn -0.5646 0.7739 -0.2868
vn -0.1589 0.9430 -0.2924
vn -0.9263 0.2271 -0.3005
vn -0.5934 0.2377 -0.7690
vn -0.1291 0.4514 -0.8829
vn -0.3716 -0.0927 -0.9237
vn -0.1653 -0.2161 -0.9623
vn -0.6253 -0.1393 -0.7678
vn -0.4434 -0.0816 -0.8926
vn -0.8683 -0.0117 -0.4959
vn -0.8271 -0.2322 -0.5119
vn -0.5750 -0.2413 -0.7818
vn -0.4617 -0.1136 -0.8798
vn -0.4773 -0.3602 -0.8015
vn -0.4343 -0.1307 -0.8912
vn -0.2673 -0.2292 -0.9360
vn -0.3920 -0.1463 -0.9083
vn -0.5497 -0.1332 -0.8247
vn 0.0626 -0.4306 -0.9004
vn 0.1094 -0.3630 -0.9254
vn -0.3642 0.1480 -0.9195
vn 0.5474 -0.6944 -0.4671
vn 0.4947 -0.7655 -0.4114
vn 0.7300 -0.6636 0.1638
vn 0.5879 -0.7679 0.2544
vn 0.6241 -0.4530 0.6366
vn 0.4156 -0.5241 0.7434
vn 0.4716 -0.3054 0.8272
vn 0.2462 -0.4300 0.8686
vn 0.3421 -0.1835 0.9216
vn 0.1817 -0.2599 0.9484
vn 0.2084 -0.0780 0.9749
vn 0.0954 -0.1263 0.9874
vn 0.0790 0.0851 0.9932
vn -0.0078 -0.0480 0.9988
vn -0.2055 0.4018 0.8924
vn -0.2995 0.4601 0.8358
vn -0.3748 0.3954 0.8385
vn -0.4149 0.8970 0.1523
vn -0.9409 -0.0816 -0.3287
vn -0.3805 0.7340 -0.5625
vn -0.4659 -0.2965 -0.8336
vn -0.3140 0.1362 -0.9396
vn -0.5092 -0.2379 -0.8271
vn -0.3060 -0.0869 -0.9480
vn -0.5382 -0.2031 -0.8180
vn -0.4405 -0.0767 -0.8945
vn -0.3438 0.2297 -0.9105
vn 0.2619 -0.4367 -0.8606
vn -0.1992 0.2239 -0.9540
vn 0.5392 -0.2485 0.8047
vn 0.4402 -0.8340 -0.3325
vn -0.4081 0.8829 -0.2321
vn -0.4255 0.7893 0.4427
vn -0.6519 0.6956 -0.3019
vn -0.7003 0.5963 0.3923
vn -0.9316 0.2813 -0.2302
vn -0.9657 0.0979 0.2407
vn -0.8338 -0.1116 -0.5407
vn -0.8884 -0.4591 -0.0095
vn -0.5281 -0.5174 -0.6734
vn -0.4768 -0.8371 -0.2683
vn -0.4191 0.2979 -0.8576
vn -0.1103 -0.3882 -0.9150
vn -0.2031 0.4353 -0.8771
vn 0.1362 -0.2801 -0.9503
vn 0.3671 -0.8308 -0.4184
vn 0.0899 -0.9047 -0.4164
vn 0.3539 -0.8898 0.2881
vn 0.0527 -0.9637 0.2617
vn 0.1106 -0.5775 0.8088
vn -0.1970 -0.6030 0.7730
vn -0.3025 0.1658 0.9386
vn -0.5269 0.0483 0.8485
vn -0.7809 -0.1573 0.6045
vn -0.6322 -0.6195 0.4654
vn -0.3680 -0.9131 0.1757
vn 0.3119 -0.8645 0.3940
vn 0.0075 -0.3484 0.9373
vn -0.2344 -0.5081 0.8288
vn 0.0719 -0.9346 0.3483
vn -0.6146 -0.6197 0.4881
vn -0.3012 -0.9287 0.2165
vn -0.8444 -0.5352 -0.0228
vn -0.3698 -0.8938 -0.2538
vn -0.7652 -0.2175 -0.6059
vn -0.3983 -0.5969 -0.6965
vn -0.3278 0.1927 -0.9249
vn 0.0360 -0.4590 -0.8877
vn -0.9289 0.2045 -0.3089
vn -0.6610 0.6325 -0.4038
vn -0.9791 0.0492 0.1972
vn -0.7423 0.5897 0.3182
vn -0.7958 -0.1499 0.5867
vn -0.5708 0.1210 0.8121
vn -0.3039 0.3808 0.8733
vn -0.3944 0.8535 0.3405
vn 0.8966 0.3566 0.2625
vn 0.4286 -0.7428 0.5144
vn 0.5183 -0.8273 -0.2168
vn 0.2095 -0.8193 0.5336
vn 0.2942 -0.9349 -0.1987
vn -0.1929 -0.9071 0.3742
vn -0.2562 -0.9582 -0.1277
vn -0.5528 -0.5726 0.6054
vn -0.7878 -0.6133 0.0560
vn -0.7697 -0.0990 0.6307
vn -0.9796 0.0046 0.2007
vn -0.1304 -0.2924 0.9474
vn -0.5042 0.2817 0.8163
vn 0.0312 -0.1030 0.9942
vn -0.3077 0.4908 0.8152
vn -0.5521 0.8039 0.2212
vn -0.7618 0.5939 0.2589
vn -0.5388 0.6530 -0.5322
vn -0.7390 0.4788 -0.4739
vn -0.2484 0.0684 -0.9662
vn -0.3807 -0.0408 -0.9238
vn 0.2455 -0.5978 -0.7631
vn 0.0594 -0.6276 -0.7762
vn -0.3003 -0.7273 -0.6171
vn -0.7183 -0.3799 -0.5829
vn -0.9369 0.0817 -0.3398
vn -0.3723 0.8761 -0.3065
vn 0.1938 -0.9143 -0.3556
vn -0.1573 -0.9466 0.2813
vn -0.2262 -0.8321 -0.5063
vn -0.2463 -0.4457 0.8606
vn -0.4479 -0.5241 0.7244
vn -0.1806 -0.9632 0.1993
vn -0.7202 -0.5716 0.3932
vn -0.5865 -0.8088 -0.0434
vn -0.9345 -0.1561 0.3199
vn -0.8780 -0.3825 -0.2877
vn -0.9425 0.3191 0.0999
vn -0.8579 0.2475 -0.4502
vn -0.5971 0.1671 0.7846
vn -0.6025 0.7207 0.3429
vn -0.4492 0.8011 -0.3956
vn -0.2155 0.3474 -0.9126
vn -0.5468 0.0610 -0.8350
vn -0.0602 -0.3347 -0.9404
vn -0.4840 -0.4268 -0.7639
vn -0.0406 -0.8776 -0.4777
vn -0.3502 -0.7917 -0.5006
vn -0.7250 -0.4578 -0.5145
vn -0.4760 -0.6584 -0.5831
vn 0.2993 0.5660 0.7681
vn 0.5843 0.4543 0.6725
vn 0.7738 0.3414 0.5335
vn 0.9173 0.1951 0.3472
vn -0.2484 -0.7713 -0.5860
vn -0.3623 -0.8598 -0.3597
vn 0.1147 -0.9710 -0.2096
vn 0.1309 -0.9398 -0.3156
vn 0.1070 -0.9943 -0.0016
vn -0.2740 -0.7452 0.6080
vn 0.0131 -0.5854 0.8107
vn 0.1360 -0.9184 0.3716
vn 0.3754 -0.4593 -0.8050
vn 0.6427 -0.3014 -0.7044
vn 0.8431 -0.1766 -0.5079
vn 0.9978 -0.0315 0.0577
vn 0.6441 -0.3121 0.6984
vn 0.3568 -0.4658 0.8097
vn 0.9154 -0.1499 0.3736
vn 0.9457 -0.0811 0.3147
vn 0.7290 -0.1709 0.6628
vn -0.0642 -0.3133 0.9475
vn -0.0328 -0.3150 0.9485
vn -0.3890 -0.3017 0.8704
vn -0.4107 -0.3000 0.8610
vn 0.2860 -0.3199 0.9033
vn 0.3165 -0.3211 0.8926
vn 0.6185 -0.3121 0.7212
vn 0.6625 -0.3140 0.6801
vn 0.8444 -0.2835 0.4545
vn 0.8699 -0.2818 0.4049
vn 0.9501 -0.2688 0.1585
vn 0.9518 -0.2685 0.1480
vn 0.9028 -0.1538 -0.4015
vn 0.9757 -0.1327 -0.1741
vn 0.9478 -0.2681 -0.1728
vn 0.8571 -0.2815 -0.4316
vn 0.6462 -0.3121 -0.6964
vn 0.7156 -0.1631 -0.6792
vn 0.3533 -0.2037 -0.9131
vn 0.2999 -0.3191 -0.8990
vn 0.2672 -0.3178 -0.9097
vn -0.0849 -0.3121 -0.9462
vn -0.0524 -0.3139 -0.9480
vn -0.4286 -0.3001 -0.8522
vn -0.4056 -0.3017 -0.8628
vn 0.5810 -0.1206 -0.8049
vn 0.7638 0.6336 -0.1228
vn 0.6835 0.7053 0.1880
vn 0.5525 0.6766 0.4869
vn 0.5343 0.5377 0.6522
vn 0.3464 0.5626 0.7506
vn -0.7173 0.5415 -0.4385
vn -0.9254 -0.1050 -0.3641
vn -0.7479 -0.5106 -0.4241
vn -0.2531 -0.7659 -0.5910
vn 0.3352 -0.5627 -0.7556
vn 0.9924 -0.0381 -0.1173
vn -0.0199 -0.2321 -0.9725
vn -0.3790 -0.2600 -0.8881
vn 0.9296 -0.0804 -0.3596
vn 0.9875 -0.0427 -0.1519
vn 0.9819 -0.1358 0.1318
vn 0.9952 -0.0381 0.0898
vn 0.3734 -0.2134 0.9028
vn 0.0124 -0.2507 0.9680
vn -0.6482 -0.3071 0.6968
vn -0.3677 -0.2695 0.8900
vn -0.6913 -0.2847 0.6641
vn -0.7010 -0.2839 0.6542
vn -0.8909 -0.2712 0.3642
vn -0.8941 -0.2709 0.3568
vn -0.9639 -0.2661 0.0092
vn -0.9640 -0.2658 0.0107
vn -0.8559 -0.3603 -0.3710
vn -0.9230 -0.3847 -0.0013
vn -0.4030 -0.9152 -0.0068
vn -0.6599 -0.3067 -0.6859
vn -0.3473 -0.8776 0.3305
vn 0.1115 -0.9728 0.2030
vn -0.8447 -0.3777 0.3792
vn -0.8973 -0.2718 -0.3480
vn -0.7022 -0.2858 -0.6521
vn 0.9461 -0.2685 -0.1812
vn 0.2283 0.1122 0.9671
vn 0.4693 0.1399 0.8719
vn 0.8989 0.1718 -0.4031
vn -0.8412 -0.2827 -0.4609
vn -0.6146 -0.3112 -0.7249
vn 0.9007 -0.2714 -0.3392
vn 0.7123 -0.2850 -0.6414
vn 0.8327 -0.2832 -0.4759
vn 0.6001 -0.3103 -0.7372
vn -0.9015 -0.2713 -0.3372
vn -0.7147 -0.2847 -0.6389
vn 0.6407 0.4674 -0.6092
vn 0.5195 0.6162 -0.5919
vn 0.6816 0.6801 -0.2699
vn 0.7947 0.5327 -0.2908
vn 0.3611 0.7561 -0.5459
vn 0.5335 0.8148 -0.2270
vn 0.6379 0.7609 0.1186
vn 0.7623 0.6421 0.0814
vn 0.8639 0.5006 0.0558
vn 0.7503 0.5055 0.4261
vn 0.8388 0.3755 0.3942
vn 0.6602 0.5974 0.4552
vn 0.5877 0.3367 0.7357
vn 0.6371 0.2789 0.7186
vn 0.7135 0.1642 0.6811
vn 0.4263 -0.0116 0.9045
vn 0.4943 -0.1061 0.8628
vn 0.4193 0.0091 0.9078
vn 0.1802 -0.3274 0.9275
vn 0.1505 -0.3162 0.9367
vn 0.2146 -0.3904 0.8953
vn -0.1355 -0.5745 0.8072
vn -0.0708 -0.6316 0.7721
vn -0.0819 -0.6083 0.7895
vn -0.3153 -0.7884 0.5283
vn -0.3759 -0.7454 0.5505
vn -0.3085 -0.7929 0.5255
vn -0.5411 -0.8126 0.2166
vn -0.4697 -0.8591 0.2034
vn -0.4891 -0.8506 0.1932
vn -0.5856 -0.7928 -0.1691
vn -0.6147 -0.7747 -0.1483
vn -0.5374 -0.8298 -0.1508
vn -0.5904 -0.6330 -0.5008
vn -0.5054 -0.7053 -0.4971
vn -0.5948 -0.6189 -0.5130
vn -0.5096 -0.3447 -0.7884
vn -0.4638 -0.3984 -0.7913
vn -0.3687 -0.4943 -0.7872
vn -0.2489 -0.1032 -0.9630
vn -0.1422 -0.2212 -0.9648
vn -0.3379 -0.0130 -0.9411
vn -0.1071 0.3177 -0.9421
vn 0.0197 0.1995 -0.9797
vn 0.1369 0.0641 -0.9885
vn 0.2901 0.4518 -0.8436
vn 0.4129 0.3071 -0.8574
vn 0.1386 0.5859 -0.7984
vn 0.1913 0.8581 -0.4765
vn 0.3742 0.9129 -0.1631
vn 0.0046 0.9242 -0.3820
vn 0.1975 0.9774 -0.0753
vn 0.3568 0.9004 0.2488
vn 0.5059 0.8449 0.1735
vn 0.5686 0.6559 0.4964
vn 0.4620 0.6940 0.5521
vn 0.4912 0.3759 0.7858
vn 0.5452 0.3607 0.7567
vn 0.4299 -0.0027 0.9029
vn 0.4330 -0.0115 0.9013
vn 0.2947 -0.3956 0.8699
vn 0.2403 -0.3679 0.8983
vn 0.0144 -0.6662 0.7457
vn 0.1041 -0.7061 0.7004
vn -0.1051 -0.8955 0.4324
vn -0.2058 -0.8516 0.4820
vn -0.3909 -0.9075 0.1535
vn -0.3036 -0.9464 0.1099
vn -0.4680 -0.8548 -0.2242
vn -0.5207 -0.8309 -0.1962
vn -0.5773 -0.6274 -0.5226
vn -0.5725 -0.6290 -0.5259
vn -0.5961 -0.2954 -0.7466
vn -0.5463 -0.3179 -0.7749
vn -0.4270 0.0469 -0.9030
vn -0.5300 0.0887 -0.8433
vn -0.3878 0.4561 -0.8010
vn -0.2400 0.4015 -0.8839
vn -0.0223 0.6833 -0.7298
vn -0.1992 0.7455 -0.6361
vn -0.1813 0.9456 -0.2701
vn 0.0189 0.9994 0.0278
vn -0.3045 0.9343 -0.1854
vn -0.1025 0.9890 0.1068
vn 0.0883 0.9076 0.4103
vn 0.2027 0.9191 0.3379
vn 0.3460 0.7038 0.6204
vn 0.2428 0.6897 0.6822
vn 0.3309 0.3546 0.8745
vn 0.4215 0.3720 0.8270
vn 0.4110 -0.0269 0.9112
vn 0.3332 -0.0413 0.9419
vn 0.2473 -0.4222 0.8721
vn 0.3133 -0.4167 0.8534
vn 0.1507 -0.7274 0.6695
vn 0.0956 -0.7215 0.6858
vn -0.0966 -0.9006 0.4237
vn -0.0489 -0.9149 0.4006
vn -0.2557 -0.9628 0.0877
vn -0.3007 -0.9457 0.1235
vn -0.4940 -0.8514 -0.1763
vn -0.4458 -0.8656 -0.2279
vn -0.5888 -0.6315 -0.5045
vn -0.6472 -0.6241 -0.4377
vn -0.7331 -0.2904 -0.6150
vn -0.6589 -0.2891 -0.6945
vn -0.6392 0.1025 -0.7622
vn -0.7314 0.0952 -0.6753
vn -0.6450 0.4621 -0.6087
vn -0.5368 0.4734 -0.6984
vn -0.3746 0.7652 -0.5236
vn -0.4931 0.7533 -0.4351
vn 0.8889 0.3406 -0.3063
vn 0.7511 0.2738 -0.6008
vn 0.9484 0.3164 0.0206
vn 0.9933 0.1140 -0.0194
vn 0.9614 -0.0020 -0.2750
vn 0.8501 -0.0731 -0.5216
vn 0.9234 0.1892 0.3340
vn 0.8077 -0.0106 0.5896
vn 0.8798 -0.2860 0.3797
vn 0.9785 -0.1104 0.1744
vn 0.6048 -0.2535 0.7549
vn 0.3408 -0.5112 0.7890
vn 0.4533 -0.6098 0.6501
vn 0.7032 -0.4831 0.5216
vn 0.0787 -0.7357 0.6727
vn -0.1371 -0.8832 0.4485
vn 0.1632 -0.9470 0.2768
vn 0.3380 -0.8161 0.4687
vn -0.2925 -0.9428 0.1599
vn -0.3652 -0.9154 -0.1690
vn -0.1672 -0.9687 -0.1833
vn 0.0220 -0.9989 0.0406
vn -0.3269 -0.8058 -0.4938
vn -0.1935 -0.6193 -0.7609
vn 0.1281 -0.7570 -0.6407
vn 0.0017 -0.9075 -0.4201
vn 0.0141 -0.3689 -0.9294
vn 0.2742 -0.0965 -0.9568
vn 0.4059 -0.2552 -0.8776
vn 0.2986 -0.5411 -0.7862
vn 0.5395 0.1280 -0.8322
vn 0.6661 -0.1917 -0.7208
vn 0.9169 -0.3834 -0.1112
vn 0.8078 -0.4944 -0.3210
vn 0.8137 -0.5794 0.0472
vn 0.6922 -0.7033 -0.1619
vn 0.6497 -0.7318 0.2057
vn 0.5236 -0.8520 0.0059
vn 0.3545 -0.9151 -0.1923
vn 0.5126 -0.7763 -0.3668
vn 0.6336 -0.5708 -0.5222
vn -0.2410 0.9513 0.1922
vn -0.0485 0.8740 0.4834
vn -0.4378 0.8955 -0.0806
vn -0.6784 0.7194 0.1491
vn -0.5001 0.7774 0.3816
vn -0.2340 0.7975 0.5561
vn -0.6128 0.7231 -0.3187
vn -0.7537 0.4411 -0.4872
vn -0.8606 0.4034 -0.3110
vn -0.8176 0.5719 -0.0668
vn -0.8383 0.0867 -0.5382
vn -0.8382 -0.2706 -0.4736
vn -0.9694 -0.1892 -0.1565
vn -0.9690 0.1150 -0.2187
vn -0.7518 -0.5801 -0.3134
vn -0.5992 -0.7972 -0.0740
vn -0.7085 -0.7040 0.0483
vn -0.8880 -0.4588 -0.0324
vn -0.4200 -0.8827 0.2107
vn -0.2347 -0.8397 0.4898
vn -0.5010 -0.6399 0.5827
vn -0.6494 -0.6828 0.3348
vn -0.0523 -0.6791 0.7322
vn 0.0989 -0.4001 0.9111
vn -0.0899 -0.3531 0.9313
vn -0.3354 -0.5058 0.7948
vn 0.1731 -0.0371 0.9842
vn 0.1661 0.3363 0.9270
vn -0.2077 0.2823 0.9366
vn -0.1844 -0.0428 0.9819
vn 0.0913 0.6568 0.7485
vn -0.2615 0.5636 0.7835
vn -0.9557 0.2322 0.1807
vn -0.8480 0.3358 0.4101
vn -0.9589 -0.0398 0.2808
vn -0.8509 0.0578 0.5222
vn -0.8814 -0.3140 0.3530
vn -0.7720 -0.2343 0.5908
vn -0.5869 -0.1375 0.7979
vn -0.6575 0.1549 0.7374
vn -0.6616 0.4293 0.6148
vn -0.6628 0.4264 -0.6155
vn -0.8845 0.4636 0.0522
vn -0.6499 0.7531 0.1024
vn -0.3794 0.7388 -0.5570
vn -0.7266 0.1313 0.6744
vn -0.6004 0.3527 0.7177
vn -0.2338 -0.4067 0.8831
vn -0.2025 -0.3003 0.9321
vn 0.2836 -0.8041 0.5225
vn 0.3137 -0.7862 0.5324
vn 0.5120 -0.8448 -0.1558
vn 0.5922 -0.7806 -0.1999
vn 0.3360 -0.5137 -0.7895
vn 0.4923 -0.3189 -0.8099
vn -0.1638 0.0274 -0.9861
vn 0.0827 0.3147 -0.9456
vn -0.3324 0.9089 0.2520
vn 0.0201 0.9285 -0.3708
vn -0.4822 0.4024 0.7782
vn -0.3079 -0.3655 0.8784
vn 0.1049 -0.8947 0.4341
vn 0.4826 -0.8395 -0.2498
vn 0.6022 -0.2637 -0.7535
vn 0.4004 0.4676 -0.7881
vn -0.0572 0.8997 0.4327
vn 0.3383 0.9268 -0.1629
vn -0.2999 0.3504 0.8873
vn -0.2241 -0.4145 0.8820
vn 0.1149 -0.8935 0.4340
vn 0.5139 -0.8419 -0.1649
vn 0.7541 -0.2856 -0.5914
vn 0.6747 0.4530 -0.5826
vn -0.8520 -0.1438 -0.5035
vn -0.9931 -0.0990 -0.0623
vn -0.8800 -0.3305 0.3410
vn -0.5466 -0.6790 0.4900
vn -0.2200 -0.9456 0.2398
vn -0.0546 -0.9788 -0.1972
vn -0.1861 -0.7662 -0.6150
vn -0.5127 -0.3971 -0.7612
vn -0.6921 -0.7030 -0.1637
vn 0.4200 0.6770 0.6044
vn 0.7064 0.6828 0.1867
vn 0.9257 0.3554 -0.1292
vn 0.9787 -0.1704 -0.1148
vn 0.8062 -0.5648 0.1763
vn 0.5505 -0.5818 0.5987
vn 0.3035 -0.2676 0.9145
vn 0.2680 0.2735 0.9238
vn 0.8490 0.0570 0.5253
vn 0.1094 -0.4985 0.8599
vn -0.0023 -0.4921 0.8705
vn -0.0024 -0.8038 0.5949
vn 0.0849 -0.8056 0.5864
vn 0.3233 0.2614 0.9095
vn 0.7956 0.5673 0.2127
vn 0.6570 0.6562 0.3712
vn 0.1005 0.7997 0.5919
vn -0.0120 0.8961 -0.4437
vn 0.0001 0.8993 -0.4374
vn 0.0002 0.7771 0.6293
vn 0.0575 0.7798 0.6234
vn 0.7956 -0.1334 0.5909
vn 0.9948 -0.0986 -0.0246
vn 0.8497 0.5196 -0.0898
vn 0.8148 0.5473 0.1911
vn 0.7167 -0.6360 0.2861
vn 0.2546 -0.7959 0.5493
vn 0.1308 -0.9914 0.0073
vn 0.6960 -0.6617 -0.2789
vn 0.3139 -0.4919 0.8121
vn 0.7931 -0.3781 0.4774
vn 0.3745 -0.2506 0.8927
vn 0.9628 -0.1445 -0.2282
vn 0.4234 0.0008 0.9059
vn 0.0948 0.2229 0.9702
vn 0.0993 -0.1492 0.9838
vn 0.0001 0.2190 0.9757
vn 0.1830 0.8653 -0.4666
vn -0.0004 -0.9968 0.0804
vn 0.0053 -0.9965 0.0836
vn 0.1047 -0.3170 0.9426
vn 0.5992 0.7814 -0.1742
vn 0.0002 -0.1523 0.9883
vn -0.0007 -0.3140 0.9494
vn -0.1193 -0.5074 0.8534
vn -0.0956 -0.8068 0.5831
vn -0.3368 0.2676 0.9027
vn -0.1272 0.8096 0.5730
vn -0.6927 0.6297 0.3516
vn -0.7983 0.5724 0.1873
vn 0.0118 0.8965 -0.4429
vn -0.0568 0.7801 0.6230
vn -0.8341 -0.0932 0.5437
vn -0.8091 0.5781 0.1059
vn -0.7783 0.5954 -0.1996
vn -0.9909 0.0219 -0.1328
vn -0.7550 -0.6125 0.2341
vn -0.6980 -0.6298 -0.3408
vn -0.1370 -0.9906 0.0013
vn -0.2792 -0.7975 0.5348
vn -0.3363 -0.5041 0.7955
vn -0.3978 -0.2496 0.8829
vn -0.8342 -0.3474 0.4284
vn -0.9491 -0.0492 -0.3111
vn -0.4493 0.0102 0.8933
vn -0.1005 -0.1508 0.9834
vn -0.0947 0.2243 0.9699
vn -0.2127 0.8653 -0.4539
vn -0.0087 -0.9962 0.0861
vn -0.1094 -0.3256 0.9392
vn -0.6384 0.7551 -0.1491
vn 0.3768 0.2276 -0.8979
vn 0.5085 0.5369 -0.6732
vn -0.1968 -0.5388 -0.8191
vn 0.1001 -0.2630 -0.9596
vn 0.2347 0.2694 -0.9340
vn 0.0016 -0.5322 -0.8466
vn -0.1398 -0.5321 -0.8350
vn -0.3031 0.6286 -0.7162
vn -0.2312 0.3106 -0.9220
vn -0.0410 -0.2531 -0.9666
vn 0.2284 -0.5459 -0.8061
vn -0.1298 0.3185 -0.9390
vn 0.1501 -0.5366 -0.8304
vn 0.0025 0.7998 -0.6003
vn 0.0023 0.4847 -0.8747
vn -0.1087 0.4923 -0.8636
vn -0.0852 0.8017 -0.5916
vn 0.6922 -0.1734 -0.7005
vn 0.0014 0.1237 -0.9923
vn -0.3207 -0.2522 -0.9130
vn -0.1062 -0.7926 -0.6004
vn -0.0002 -0.7780 -0.6282
vn -0.0000 -0.4705 -0.8824
vn -0.0398 -0.4457 -0.8943
vn -0.0564 -0.7808 -0.6222
vn -0.5995 0.7141 -0.3614
vn -0.9949 0.0932 0.0389
vn -0.7943 0.1298 -0.5935
vn -0.2122 0.4800 -0.8512
vn -0.0969 0.9953 -0.0061
vn -0.2287 0.7932 -0.5644
vn -0.7163 0.6319 -0.2959
vn -0.6911 0.6643 0.2848
vn -0.7881 0.3734 -0.4893
vn -0.2963 0.4877 -0.8212
vn -0.3683 0.2487 -0.8958
vn -0.9645 0.1092 0.2406
vn -0.4213 -0.0010 -0.9069
vn -0.0944 0.1545 -0.9835
vn -0.0917 -0.2147 -0.9724
vn -0.0001 -0.2100 -0.9777
vn 0.2064 -0.3609 -0.9095
vn 0.0004 0.9975 -0.0707
vn -0.0031 0.9972 -0.0745
vn -0.1016 0.3189 -0.9423
vn 0.6971 -0.3858 -0.6044
vn -0.0002 0.1556 -0.9878
vn 0.0006 0.3136 -0.9495
vn 0.0960 0.8030 -0.5881
vn 0.1184 0.5016 -0.8570
vn -0.6042 -0.2156 -0.7671
vn 0.1286 -0.8022 -0.5830
vn 0.3363 -0.2609 -0.9049
vn 0.0466 0.1364 -0.9896
vn 0.0389 -0.4441 -0.8952
vn 0.0559 -0.7814 -0.6215
vn 0.7522 0.6028 -0.2664
vn 0.3028 0.4458 -0.8423
vn 0.8334 0.0910 -0.5451
vn 0.9879 -0.0269 0.1526
vn 0.1010 0.9949 -0.0027
vn 0.6931 0.6315 0.3476
vn 0.7559 0.6077 -0.2433
vn 0.2505 0.7957 -0.5515
vn 0.3911 0.2476 -0.8864
vn 0.3149 0.5021 -0.8055
vn 0.8288 0.3445 -0.4409
vn 0.9460 0.0099 0.3240
vn 0.4467 -0.0096 -0.8947
vn 0.0947 0.1562 -0.9832
vn 0.0912 -0.2162 -0.9721
vn -0.1870 -0.3515 -0.9173
vn 0.0065 0.9970 -0.0771
vn 0.1058 0.3280 -0.9387
vn -0.6606 -0.3918 -0.6403
vn -0.6443 0.6878 -0.3343
vn -0.9088 0.3211 -0.2665
vn -0.6534 0.6890 -0.3136
vn -0.2319 0.8771 -0.4207
vn -0.9401 0.3219 -0.1123
vn -0.0666 0.8771 -0.4757
vn 0.0004 0.8750 -0.4841
vn 0.9728 0.1865 -0.1376
vn 0.7876 0.5857 -0.1915
vn 0.2506 0.8800 -0.4035
vn 0.7013 0.6648 -0.2574
vn 0.9746 0.2232 -0.0175
vn 0.0726 0.8778 -0.4735
vn 0.5026 -0.8373 0.2152
vn 0.1977 -0.9677 0.1563
vn 0.1988 -0.9785 0.0551
vn 0.5112 -0.8488 0.1351
vn -0.0000 -0.9903 0.1390
vn -0.0000 -0.9995 0.0327
vn -0.0000 -0.9924 -0.1233
vn 0.2105 -0.9698 -0.1231
vn 0.5263 -0.8455 -0.0906
vn 0.4538 -0.7400 -0.4965
vn 0.5012 -0.7927 -0.3472
vn 0.2306 -0.9178 -0.3232
vn 0.2689 -0.8120 -0.5180
vn -0.0000 -0.9517 -0.3071
vn -0.0000 -0.8554 -0.5179
vn 0.5442 0.6479 -0.5330
vn 0.3242 0.7477 -0.5795
vn 0.3199 0.8968 -0.3058
vn 0.6215 0.7090 -0.3332
vn -0.0000 0.8011 -0.5985
vn -0.0000 0.9540 -0.2998
vn -0.0000 0.9966 0.0821
vn 0.3484 0.9354 0.0614
vn 0.6941 0.7167 0.0675
vn 0.4978 -0.6613 0.5611
vn 0.6027 -0.3813 0.7009
vn 0.2340 -0.4766 0.8474
vn 0.2735 -0.7557 0.5950
vn 0.5596 -0.2741 0.7821
vn 0.2124 -0.3919 0.8951
vn -0.0000 -0.4111 0.9116
vn -0.0000 -0.4961 0.8683
vn -0.0000 -0.7914 0.6113
vn 0.7734 -0.5889 0.2347
vn 0.7666 -0.5731 0.2898
vn 0.8074 -0.5888 -0.0388
vn 0.9778 -0.2073 0.0321
vn 0.8857 -0.3197 0.3366
vn 0.8932 -0.2680 0.3612
vn 0.5914 -0.5400 -0.5989
vn 0.7555 -0.5478 -0.3594
vn 0.7010 -0.2519 -0.6672
vn 0.9081 -0.2069 -0.3641
vn 0.7175 0.3745 0.5874
vn 0.7677 0.5126 0.3846
vn 0.5669 0.5754 0.5895
vn 0.5322 0.4186 0.7359
vn 0.5288 0.7067 0.4700
vn 0.4148 0.6362 0.6505
vn 0.3934 0.5527 0.7347
vn 0.3539 0.3816 0.8539
vn 0.9679 0.2343 -0.0905
vn 0.8967 0.2532 -0.3631
vn 0.8249 0.4346 -0.3615
vn 0.9079 0.4164 -0.0481
vn 0.7119 0.3002 -0.6349
vn 0.6504 0.4561 -0.6075
vn 0.3236 -0.6059 -0.7268
vn -0.0000 -0.6506 -0.7594
vn -0.0000 -0.3626 -0.9319
vn 0.3670 -0.3268 -0.8709
vn 0.5931 -0.7133 0.3734
vn 0.7328 -0.3058 0.6079
vn 0.3956 -0.4276 0.8128
vn 0.3465 -0.7814 0.5189
vn 0.7583 -0.0584 0.6493
vn 0.4230 -0.2508 0.8707
vn -0.0000 -0.2712 0.9625
vn -0.0000 -0.4802 0.8771
vn -0.0000 -0.8132 0.5819
vn 0.8436 0.0322 0.5360
vn 0.8077 0.1627 0.5667
vn 0.8809 -0.0632 0.4691
vn 0.9361 -0.0431 0.3490
vn 0.8196 0.4185 0.3913
vn 0.9094 0.0826 0.4076
vn 0.9224 0.1705 -0.3467
vn 0.7409 0.1853 -0.6456
vn 0.9834 0.1499 -0.1025
vn 0.9840 0.1572 -0.0843
vn 0.9291 0.1508 -0.3377
vn 0.7450 0.0977 -0.6599
vn 0.8509 0.2575 0.4579
vn 0.9065 0.3522 0.2326
vn 0.9079 0.1703 0.3830
vn 0.9643 0.2157 0.1538
vn 0.9310 0.1075 0.3488
vn 0.9834 0.1361 0.1200
vn 0.9238 0.0775 0.3751
vn 0.9806 0.1290 0.1474
vn 0.2699 0.3016 0.9144
vn 0.4331 0.1337 0.8914
vn 0.4331 0.1038 0.8954
vn 0.3289 0.3703 0.8687
vn 0.5208 0.2613 0.8127
vn 0.6396 0.2103 0.7394
vn 0.5543 0.0430 0.8312
vn 0.5027 -0.0648 0.8620
vn 0.4411 0.5017 0.7442
vn 0.6328 0.4047 0.6602
vn 0.5752 0.6831 0.4500
vn 0.6990 0.4961 0.5151
vn 0.7339 0.4386 0.5186
vn 0.7080 0.3445 0.6164
vn 0.7267 0.6185 0.2989
vn 0.7135 0.5367 0.4505
vn 0.7016 0.4949 0.5127
vn 0.6642 0.5202 0.5369
vn 0.7062 0.5090 0.4922
vn 0.7018 0.3349 0.6287
vn 0.7327 0.1116 0.6713
vn 0.6517 0.2231 0.7249
vn 0.6421 0.4324 0.6331
vn 0.8159 0.0458 0.5763
vn 0.7797 0.0300 0.6255
vn 0.8932 0.0550 0.4463
vn 0.7369 0.0373 0.6750
vn 0.6931 0.0399 0.7197
vn 0.6963 0.1226 0.7072
vn 0.7697 0.1245 0.6262
vn 0.5918 0.1305 0.7954
vn 0.4733 -0.0614 0.8788
vn 0.5442 0.0335 0.8383
vn 0.6495 0.1098 0.7524
vn 0.4888 0.1212 0.8639
vn 0.4746 -0.1026 0.8742
vn 0.9918 0.1137 -0.0587
vn 0.9345 0.0725 -0.3484
vn 0.7365 -0.0153 -0.6763
vn 0.3856 -0.1022 -0.9170
vn 0.4045 0.0253 -0.9142
vn -0.0000 -0.1328 -0.9911
vn -0.0000 -0.0085 -1.0000
vn 0.9702 0.1049 0.2185
vn 0.8129 0.0950 0.5746
vn 0.7250 0.1002 0.6814
vn 0.1850 0.4361 0.8807
vn 0.1504 0.3807 0.9124
vn -0.0000 0.4437 0.8962
vn -0.0000 0.4028 0.9153
vn -0.0000 0.4421 0.8970
vn 0.1701 0.4273 0.8880
vn 0.2608 0.6714 0.6937
vn 0.2221 0.5449 0.8086
vn -0.0000 0.6928 0.7211
vn -0.0000 0.5505 0.8348
vn 0.3223 0.8288 0.4574
vn -0.0000 0.8742 0.4855
vn -0.0000 0.7633 0.6460
vn 0.2880 0.7510 0.5942
vn 0.2281 0.5451 0.8068
vn -0.0000 0.5542 0.8324
vn 0.3700 0.5231 -0.7678
vn 0.4057 0.3410 -0.8480
vn -0.0000 0.3585 -0.9335
vn -0.0000 0.5626 -0.8268
vn 0.4151 0.1687 -0.8940
vn -0.0000 0.1569 -0.9876
vn 0.7709 0.3214 0.5499
vn 0.5980 0.4778 0.6436
vn 0.7376 0.0463 0.6736
vn 0.8428 0.0166 0.5380
vn 0.3274 0.5168 0.7910
vn 0.2720 0.0438 0.9613
vn 0.4204 -0.4275 0.8003
vn 0.6790 -0.3880 0.6233
vn 0.8126 -0.2514 0.5258
vn 0.5022 0.7653 0.4025
vn 0.5166 0.8419 0.1561
vn 0.2676 0.9473 0.1762
vn 0.3190 0.8132 0.4868
vn 0.4519 0.8833 -0.1252
vn 0.2567 0.9509 -0.1727
vn -0.0000 0.9823 -0.1871
vn -0.0000 0.9828 0.1844
vn -0.0000 0.8453 0.5343
vn 0.6426 -0.7131 0.2802
vn 0.8544 -0.3184 0.4107
vn 0.6505 -0.7487 0.1276
vn 0.8927 -0.3638 0.2660
vn 0.9252 -0.1767 0.3357
vn 0.8726 -0.1138 0.4749
vn 0.7402 -0.6463 0.1855
vn 0.9365 -0.1399 0.3217
vn 0.8056 -0.5813 0.1146
vn 0.9813 -0.0023 0.1926
vn 0.9592 0.2304 0.1636
vn 0.9520 0.0918 0.2920
vn 0.7384 0.3618 0.5691
vn 0.8344 0.1884 0.5180
vn 0.9289 0.2989 0.2185
vn 0.8469 0.5113 0.1461
vn 0.8960 0.4361 0.0831
vn 0.6891 0.7206 -0.0772
vn 0.3038 -0.9321 0.1970
vn -0.0000 -0.9815 0.1916
vn -0.0000 -1.0000 0.0081
vn 0.2983 -0.9538 0.0367
vn 0.2006 -0.9544 0.2210
vn -0.0000 -0.9756 0.2196
vn 0.5159 -0.8267 0.2248
vn 0.5353 -0.8146 0.2235
vn 0.2025 -0.9468 0.2503
vn -0.0000 -0.9664 0.2569
vn 0.8004 -0.5548 0.2271
vn 0.9472 -0.2182 0.2351
vn 0.9699 -0.1857 0.1573
vn 0.8292 -0.5272 0.1856
vn 0.9601 0.1801 0.2138
vn 0.8580 0.4877 0.1615
vn 0.8791 0.4690 0.0846
vn 0.9739 0.1915 0.1219
vn 0.7304 0.6705 0.1298
vn 0.5454 0.8189 0.1787
vn 0.5316 0.8416 0.0957
vn 0.7447 0.6642 0.0651
vn 0.3001 0.9109 0.2833
vn -0.0000 0.9408 0.3388
vn -0.0000 0.9808 0.1950
vn 0.2852 0.9448 0.1613
vn -0.0000 0.3151 0.9491
vn 0.4565 0.3505 0.8178
vn 0.3944 0.5667 0.7234
vn -0.0000 0.5883 0.8086
vn 0.6390 0.5884 0.4954
vn 0.7212 0.6800 0.1324
vn 0.5571 0.8001 -0.2222
vn 0.2995 0.9124 -0.2789
vn 0.2732 0.8664 -0.4181
vn -0.0000 0.9476 -0.3194
vn -0.0000 0.8875 -0.4608
vn 0.5691 -0.8014 0.1843
vn 0.6078 -0.7798 0.1502
vn 0.2655 -0.9614 0.0726
vn 0.2274 -0.9616 0.1534
vn -0.0000 -0.9995 0.0314
vn -0.0000 -0.9914 0.1311
vn 0.9107 -0.3679 0.1877
vn 0.9255 -0.2739 0.2616
vn 0.8681 -0.4373 0.2348
vn 0.8547 -0.4790 0.2002
vn 0.9171 0.3883 0.0902
vn 0.9403 0.3195 0.1172
vn 0.9847 0.0814 0.1539
vn 0.9809 0.1385 0.1363
vn 0.8548 -0.4995 0.1408
vn 0.5423 0.8350 0.0936
vn 0.5763 0.8170 0.0177
vn 0.8389 0.5416 0.0542
vn 0.7953 0.6035 0.0575
vn -0.0000 0.9807 0.1956
vn -0.0000 0.9987 0.0502
vn 0.2857 0.9577 0.0349
vn 0.2726 0.9481 0.1636
vn 0.5255 0.1135 0.8432
vn 0.4817 0.0807 0.8726
vn 0.4975 0.0630 0.8652
vn 0.2973 -0.3088 0.9035
vn 0.1494 0.0615 0.9869
vn 0.2606 0.3835 0.8860
vn 0.5007 0.1096 0.8587
vn 0.3775 0.1619 0.9117
vn 0.5751 0.0015 0.8181
vn 0.5610 -0.2288 0.7955
vn -0.0000 0.0110 0.9999
vn 0.3058 0.0133 0.9520
vn 0.3636 -0.1041 0.9257
vn 0.5558 0.0824 0.8272
vn 0.5422 0.0147 0.8401
vn 0.4562 -0.0005 0.8899
vn 0.4825 0.3495 0.8031
vn -0.0652 0.0300 0.9974
vn 0.1301 0.5926 0.7949
vn 0.2017 -0.5406 0.8167
vn 0.5915 -0.5163 0.6193
vn 0.7505 -0.1790 0.6362
vn 0.7545 0.0080 0.6563
vn 0.7130 0.2652 0.6491
vn 0.4862 0.6036 0.6319
vn 0.2131 -0.9766 -0.0279
vn 0.2629 -0.9623 -0.0699
vn -0.0000 -0.9998 0.0177
vn -0.0000 -0.9719 -0.2356
vn 0.1457 -0.9551 -0.2580
vn 0.1198 -0.9633 -0.2401
vn 0.2558 -0.9648 -0.0615
vn 0.3040 -0.9527 -0.0023
vn 0.0662 -0.9883 -0.1375
vn 0.1126 -0.9934 -0.0238
vn 0.3814 -0.9194 0.0960
vn 0.4035 -0.9022 0.1521
vn 0.2396 -0.9666 0.0906
vn 0.3280 -0.9329 0.1488
vn 0.5462 -0.8101 0.2132
vn 0.2063 -0.9517 0.2273
vn -0.0000 -0.9738 0.2274
vn 0.9686 -0.1805 0.1710
vn 0.8421 -0.5047 0.1901
vn 0.8966 0.4346 0.0852
vn 0.9763 0.1714 0.1320
vn 0.5366 0.8385 0.0948
vn 0.7691 0.6363 0.0610
vn -0.0000 0.9807 0.1953
vn 0.2784 0.9466 0.1625
vn -0.5026 -0.8373 0.2152
vn -0.5112 -0.8488 0.1351
vn -0.1988 -0.9785 0.0551
vn -0.1976 -0.9677 0.1563
vn -0.5263 -0.8455 -0.0906
vn -0.2105 -0.9698 -0.1231
vn -0.4538 -0.7400 -0.4965
vn -0.2689 -0.8120 -0.5180
vn -0.2306 -0.9178 -0.3232
vn -0.5012 -0.7927 -0.3472
vn -0.5442 0.6479 -0.5330
vn -0.6215 0.7090 -0.3332
vn -0.3199 0.8968 -0.3058
vn -0.3242 0.7477 -0.5795
vn -0.6941 0.7167 0.0675
vn -0.3484 0.9354 0.0614
vn -0.4978 -0.6613 0.5611
vn -0.2735 -0.7557 0.5950
vn -0.2340 -0.4766 0.8474
vn -0.6027 -0.3813 0.7009
vn -0.2124 -0.3919 0.8951
vn -0.5596 -0.2741 0.7821
vn -0.7666 -0.5731 0.2898
vn -0.7734 -0.5889 0.2347
vn -0.8932 -0.2680 0.3612
vn -0.8857 -0.3197 0.3366
vn -0.9778 -0.2073 0.0321
vn -0.8074 -0.5888 -0.0388
vn -0.7555 -0.5478 -0.3594
vn -0.5914 -0.5400 -0.5989
vn -0.9081 -0.2069 -0.3641
vn -0.7010 -0.2519 -0.6672
vn -0.7175 0.3745 0.5874
vn -0.5322 0.4186 0.7359
vn -0.5669 0.5754 0.5895
vn -0.7677 0.5126 0.3846
vn -0.3539 0.3816 0.8539
vn -0.3934 0.5527 0.7347
vn -0.4148 0.6362 0.6505
vn -0.5288 0.7067 0.4700
vn -0.9679 0.2343 -0.0905
vn -0.9079 0.4164 -0.0481
vn -0.8249 0.4346 -0.3615
vn -0.8967 0.2532 -0.3631
vn -0.6504 0.4561 -0.6075
vn -0.7119 0.3002 -0.6349
vn -0.3236 -0.6059 -0.7268
vn -0.3670 -0.3268 -0.8709
vn -0.5931 -0.7133 0.3734
vn -0.3465 -0.7814 0.5189
vn -0.3956 -0.4276 0.8128
vn -0.7328 -0.3058 0.6079
vn -0.4230 -0.2508 0.8707
vn -0.7583 -0.0584 0.6493
vn -0.8436 0.0322 0.5360
vn -0.9361 -0.0431 0.3490
vn -0.8809 -0.0632 0.4691
vn -0.8077 0.1627 0.5667
vn -0.9094 0.0826 0.4076
vn -0.8196 0.4185 0.3913
vn -0.7409 0.1853 -0.6456
vn -0.9224 0.1705 -0.3467
vn -0.7450 0.0977 -0.6599
vn -0.9291 0.1508 -0.3377
vn -0.9840 0.1572 -0.0843
vn -0.9834 0.1499 -0.1025
vn -0.9065 0.3522 0.2326
vn -0.8509 0.2575 0.4579
vn -0.9643 0.2157 0.1538
vn -0.9079 0.1703 0.3830
vn -0.9834 0.1361 0.1200
vn -0.9310 0.1075 0.3488
vn -0.9806 0.1290 0.1474
vn -0.9238 0.0775 0.3751
vn -0.4331 0.1038 0.8954
vn -0.4331 0.1337 0.8914
vn -0.2699 0.3016 0.9144
vn -0.5027 -0.0648 0.8620
vn -0.5543 0.0430 0.8312
vn -0.6396 0.2103 0.7394
vn -0.5208 0.2613 0.8127
vn -0.3289 0.3703 0.8687
vn -0.6328 0.4047 0.6602
vn -0.4411 0.5017 0.7442
vn -0.7080 0.3445 0.6164
vn -0.7339 0.4386 0.5186
vn -0.6990 0.4961 0.5151
vn -0.5752 0.6831 0.4500
vn -0.7135 0.5367 0.4505
vn -0.7267 0.6185 0.2989
vn -0.7062 0.5090 0.4922
vn -0.6642 0.5202 0.5369
vn -0.7016 0.4949 0.5127
vn -0.7018 0.3349 0.6287
vn -0.6421 0.4324 0.6331
vn -0.6517 0.2231 0.7249
vn -0.7327 0.1116 0.6713
vn -0.8932 0.0550 0.4463
vn -0.7797 0.0300 0.6255
vn -0.8159 0.0458 0.5763
vn -0.6931 0.0399 0.7197
vn -0.7369 0.0373 0.6750
vn -0.7697 0.1245 0.6262
vn -0.6963 0.1226 0.7072
vn -0.6495 0.1098 0.7524
vn -0.5442 0.0335 0.8383
vn -0.4733 -0.0614 0.8788
vn -0.5918 0.1305 0.7954
vn -0.4888 0.1212 0.8639
vn -0.4746 -0.1026 0.8742
vn -0.9345 0.0725 -0.3484
vn -0.9918 0.1137 -0.0587
vn -0.7365 -0.0153 -0.6763
vn -0.4045 0.0253 -0.9142
vn -0.3856 -0.1022 -0.9170
vn -0.9702 0.1049 0.2185
vn -0.8129 0.0950 0.5746
vn -0.7250 0.1002 0.6814
vn -0.1504 0.3807 0.9124
vn -0.1850 0.4361 0.8807
vn -0.1701 0.4273 0.8880
vn -0.2221 0.5449 0.8086
vn -0.2608 0.6714 0.6937
vn -0.3223 0.8288 0.4574
vn -0.2281 0.5451 0.8068
vn -0.2880 0.7510 0.5942
vn -0.3700 0.5231 -0.7678
vn -0.4057 0.3410 -0.8480
vn -0.4151 0.1687 -0.8940
vn -0.7709 0.3214 0.5499
vn -0.8428 0.0166 0.5380
vn -0.7376 0.0463 0.6736
vn -0.5980 0.4778 0.6436
vn -0.8126 -0.2514 0.5258
vn -0.6790 -0.3880 0.6233
vn -0.4204 -0.4275 0.8003
vn -0.2720 0.0438 0.9613
vn -0.3274 0.5168 0.7910
vn -0.5022 0.7653 0.4025
vn -0.3190 0.8132 0.4868
vn -0.2677 0.9473 0.1762
vn -0.5166 0.8419 0.1561
vn -0.2567 0.9509 -0.1727
vn -0.4519 0.8832 -0.1252
vn -0.8544 -0.3184 0.4107
vn -0.6426 -0.7131 0.2802
vn -0.8726 -0.1138 0.4749
vn -0.9252 -0.1767 0.3357
vn -0.8927 -0.3638 0.2660
vn -0.6505 -0.7487 0.1276
vn -0.9365 -0.1399 0.3217
vn -0.7402 -0.6463 0.1855
vn -0.9520 0.0918 0.2920
vn -0.9592 0.2304 0.1636
vn -0.9813 -0.0023 0.1926
vn -0.8056 -0.5813 0.1146
vn -0.7384 0.3618 0.5691
vn -0.8469 0.5113 0.1461
vn -0.9289 0.2989 0.2185
vn -0.8344 0.1884 0.5180
vn -0.6891 0.7206 -0.0772
vn -0.8960 0.4361 0.0831
vn -0.3038 -0.9321 0.1970
vn -0.2983 -0.9538 0.0367
vn -0.2006 -0.9544 0.2210
vn -0.2025 -0.9468 0.2503
vn -0.5353 -0.8146 0.2235
vn -0.5159 -0.8267 0.2248
vn -0.8004 -0.5548 0.2271
vn -0.8292 -0.5272 0.1856
vn -0.9699 -0.1857 0.1573
vn -0.9472 -0.2182 0.2351
vn -0.9601 0.1801 0.2138
vn -0.9739 0.1915 0.1219
vn -0.8791 0.4690 0.0846
vn -0.8580 0.4877 0.1615
vn -0.7304 0.6705 0.1298
vn -0.7447 0.6642 0.0651
vn -0.5316 0.8416 0.0957
vn -0.5454 0.8189 0.1787
vn -0.3001 0.9109 0.2833
vn -0.2852 0.9448 0.1613
vn -0.3944 0.5667 0.7234
vn -0.4565 0.3505 0.8178
vn -0.6390 0.5884 0.4954
vn -0.7212 0.6800 0.1324
vn -0.5571 0.8001 -0.2222
vn -0.2732 0.8664 -0.4181
vn -0.2995 0.9124 -0.2789
vn -0.5691 -0.8014 0.1843
vn -0.2274 -0.9616 0.1534
vn -0.2655 -0.9614 0.0726
vn -0.6078 -0.7798 0.1502
vn -0.9107 -0.3679 0.1877
vn -0.8547 -0.4790 0.2002
vn -0.8681 -0.4373 0.2348
vn -0.9255 -0.2739 0.2616
vn -0.9171 0.3883 0.0902
vn -0.9809 0.1385 0.1363
vn -0.9847 0.0814 0.1539
vn -0.9403 0.3195 0.1172
vn -0.8548 -0.4995 0.1408
vn -0.5423 0.8350 0.0936
vn -0.7953 0.6035 0.0575
vn -0.8389 0.5416 0.0542
vn -0.5763 0.8170 0.0177
vn -0.2726 0.9481 0.1636
vn -0.2857 0.9577 0.0349
vn -0.4817 0.0807 0.8726
vn -0.5255 0.1135 0.8432
vn -0.2606 0.3835 0.8860
vn -0.1494 0.0615 0.9869
vn -0.2973 -0.3088 0.9035
vn -0.4975 0.0630 0.8652
vn -0.5007 0.1096 0.8587
vn -0.5610 -0.2288 0.7955
vn -0.5751 0.0015 0.8181
vn -0.3775 0.1619 0.9117
vn -0.3058 0.0133 0.9520
vn -0.5422 0.0147 0.8401
vn -0.5558 0.0824 0.8272
vn -0.3636 -0.1041 0.9257
vn -0.4562 -0.0005 0.8899
vn -0.4825 0.3495 0.8031
vn -0.1301 0.5926 0.7949
vn 0.0652 0.0300 0.9974
vn -0.2017 -0.5406 0.8167
vn -0.5915 -0.5163 0.6193
vn -0.7505 -0.1790 0.6362
vn -0.7545 0.0080 0.6563
vn -0.7130 0.2652 0.6491
vn -0.4862 0.6036 0.6319
vn -0.2629 -0.9623 -0.0699
vn -0.2131 -0.9766 -0.0279
vn -0.1198 -0.9633 -0.2401
vn -0.1457 -0.9551 -0.2580
vn -0.3040 -0.9527 -0.0023
vn -0.2558 -0.9648 -0.0615
vn -0.1126 -0.9934 -0.0238
vn -0.0662 -0.9883 -0.1375
vn -0.4035 -0.9022 0.1521
vn -0.3814 -0.9194 0.0960
vn -0.3280 -0.9329 0.1488
vn -0.2396 -0.9666 0.0906
vn -0.2063 -0.9517 0.2273
vn -0.5462 -0.8101 0.2132
vn -0.8421 -0.5047 0.1901
vn -0.9686 -0.1805 0.1710
vn -0.9763 0.1714 0.1320
vn -0.8966 0.4346 0.0852
vn -0.7691 0.6363 0.0610
vn -0.5366 0.8385 0.0948
vn -0.2784 0.9466 0.1625
vn 0.0059 -0.1433 0.9897
vn 0.2216 -0.1934 0.9558
vn 0.2655 0.1051 0.9584
vn -0.0325 0.0774 0.9965
vn 0.4534 -0.2231 0.8630
vn 0.4866 0.0848 0.8695
vn 0.4795 0.3276 0.8141
vn 0.2488 0.3382 0.9076
vn -0.0582 0.3222 0.9449
vn 0.6571 -0.2354 0.7161
vn 0.6801 0.0651 0.7302
vn 0.8060 -0.2203 0.5493
vn 0.8642 -0.0090 0.5030
vn 0.8704 0.2327 0.4339
vn 0.6805 0.2966 0.6700
vn 0.2233 0.5520 0.8034
vn -0.0768 0.5469 0.8337
vn 0.4427 0.5501 0.7081
vn 0.3588 0.7779 0.5159
vn 0.1303 0.7732 0.6206
vn -0.0756 0.7193 0.6906
vn 0.6379 0.5121 0.5752
vn 0.8199 0.4605 0.3402
vn 0.7245 0.6422 0.2503
vn 0.5658 0.7313 0.3809
vn -0.3896 -0.4834 0.7840
vn -0.0909 -0.6994 0.7089
vn 0.0340 -0.5512 0.8337
vn -0.2516 -0.3704 0.8941
vn 0.2356 -0.7897 0.5664
vn 0.3337 -0.6154 0.7141
vn 0.5395 -0.7602 0.3620
vn 0.6005 -0.6058 0.5220
vn 0.7908 -0.5971 0.1344
vn 0.8275 -0.4744 0.3003
vn 0.9476 -0.3142 -0.0578
vn 0.9685 -0.2036 0.1433
vn 0.9797 0.0235 -0.1991
vn 0.9937 0.1060 0.0350
vn 0.8834 0.3654 -0.2935
vn 0.9108 0.4071 -0.0684
vn 0.6706 0.6754 -0.3068
vn 0.7176 0.6888 -0.1030
vn 0.3828 0.8989 -0.2133
vn 0.4594 0.8882 0.0039
vn 0.0669 0.9964 -0.0529
vn 0.1840 0.9690 0.1647
vn -0.2476 0.9596 0.1336
vn -0.1071 0.9428 0.3156
vn -0.5098 0.7891 0.3427
vn -0.3615 0.7928 0.4908
vn -0.6556 0.5136 0.5535
vn -0.4751 0.5406 0.6943
vn -0.6772 0.1831 0.7126
vn -0.4761 0.2476 0.8438
vn -0.5914 -0.1659 0.7891
vn -0.4174 -0.0700 0.9060
vn -0.0059 -0.1433 0.9897
vn 0.0325 0.0774 0.9965
vn -0.2655 0.1051 0.9584
vn -0.2216 -0.1934 0.9558
vn -0.4866 0.0848 0.8695
vn -0.4534 -0.2231 0.8630
vn -0.4795 0.3276 0.8141
vn -0.2488 0.3382 0.9076
vn 0.0582 0.3222 0.9449
vn -0.6801 0.0651 0.7302
vn -0.6571 -0.2354 0.7161
vn -0.8642 -0.0090 0.5030
vn -0.8060 -0.2203 0.5493
vn -0.8704 0.2327 0.4339
vn -0.6805 0.2966 0.6700
vn 0.0768 0.5469 0.8337
vn -0.2233 0.5520 0.8034
vn -0.4427 0.5501 0.7081
vn -0.3588 0.7779 0.5159
vn -0.1303 0.7732 0.6206
vn 0.0756 0.7193 0.6906
vn -0.6379 0.5121 0.5752
vn -0.8199 0.4605 0.3402
vn -0.7245 0.6422 0.2503
vn -0.5658 0.7313 0.3809
vn 0.3896 -0.4834 0.7840
vn 0.2516 -0.3704 0.8941
vn -0.0340 -0.5512 0.8337
vn 0.0909 -0.6994 0.7089
vn -0.3337 -0.6154 0.7141
vn -0.2356 -0.7897 0.5664
vn -0.6005 -0.6058 0.5220
vn -0.5395 -0.7602 0.3620
vn -0.8275 -0.4744 0.3003
vn -0.7908 -0.5971 0.1344
vn -0.9685 -0.2036 0.1433
vn -0.9476 -0.3142 -0.0578
vn -0.9937 0.1060 0.0350
vn -0.9797 0.0235 -0.1991
vn -0.9108 0.4071 -0.0684
vn -0.8834 0.3654 -0.2935
vn -0.7176 0.6888 -0.1030
vn -0.6706 0.6754 -0.3068
vn -0.4594 0.8882 0.0039
vn -0.3828 0.8989 -0.2133
vn -0.1840 0.9690 0.1647
vn -0.0669 0.9964 -0.0529
vn 0.1071 0.9428 0.3156
vn 0.2476 0.9596 0.1336
vn 0.3615 0.7928 0.4908
vn 0.5098 0.7891 0.3427
vn 0.4751 0.5406 0.6943
vn 0.6556 0.5136 0.5535
vn 0.4761 0.2476 0.8438
vn 0.6772 0.1831 0.7126
vn 0.4174 -0.0700 0.9060
vn 0.5914 -0.1659 0.7891
vn -0.6206 0.1459 -0.7704
vn -0.5970 0.1421 -0.7896
vn -0.4829 0.1386 -0.8647
vn -0.5318 0.1659 -0.8305
vn -0.3511 0.1383 -0.9261
vn -0.4654 0.2331 -0.8539
vn 0.0005 0.1259 -0.9920
vn -0.0165 0.3786 -0.9254
vn -0.2584 0.3262 -0.9093
vn -0.1654 0.1337 -0.9771
vn -0.5843 0.1738 -0.7927
vn -0.4896 0.1556 -0.8580
vn -0.5988 0.1855 -0.7791
vn -0.4999 0.1601 -0.8511
vn -0.3379 0.1363 -0.9313
vn -0.3403 0.1504 -0.9282
vn -0.6359 0.2669 -0.7241
vn -0.5249 0.2002 -0.8273
vn -0.3052 0.8207 -0.4830
vn -0.2274 0.7738 -0.5912
vn -0.3541 0.1494 -0.9232
vn -0.0948 0.7733 -0.6269
vn -0.0000 0.7533 -0.6577
vn -0.1662 0.1182 -0.9790
vn -0.1505 0.1197 -0.9813
vn -0.0000 0.1435 -0.9896
vn -0.1520 0.1471 -0.9774
vn -0.0000 0.1603 0.9871
vn -0.2544 0.1614 0.9536
vn -0.2631 0.1325 0.9556
vn -0.0000 0.1254 0.9921
vn -0.4716 0.1638 0.8664
vn -0.4797 0.1407 0.8661
vn -0.6740 0.1681 0.7193
vn -0.6814 0.1478 0.7168
vn -0.4608 0.2882 0.8394
vn -0.6557 0.2816 0.7006
vn -0.2429 0.2995 0.9227
vn -0.2275 0.3829 0.8953
vn -0.4411 0.3685 0.8183
vn -0.6277 0.3516 0.6945
vn -0.0000 0.3056 0.9521
vn -0.0000 0.3888 0.9213
vn -0.0000 0.3535 0.9354
vn -0.0000 0.6905 0.7233
vn 0.1069 0.8816 0.4598
vn -0.2091 0.3611 0.9088
vn -0.2126 0.4215 0.8815
vn -0.0000 0.4249 0.9052
vn -0.2164 0.8812 0.4203
vn -0.4176 0.3805 0.8251
vn -0.2389 0.9025 0.3583
vn -0.5656 0.3947 0.7241
vn -0.5841 0.3898 0.7119
vn -0.4160 0.4098 0.8118
vn -0.3166 0.8978 -0.3061
vn -0.3137 0.8685 -0.3837
vn -0.6730 0.4327 -0.5999
vn -0.5799 0.1191 -0.8059
vn -0.5779 0.2318 -0.7825
vn -0.7479 0.1371 -0.6495
vn -0.7809 0.1446 -0.6077
vn -0.9161 0.1429 -0.3747
vn -0.9020 0.1511 -0.4045
vn -0.9718 0.1342 -0.1940
vn -0.9870 0.1338 -0.0890
vn -0.9583 0.2771 -0.0692
vn -0.9597 0.2208 -0.1740
vn -0.8427 0.5177 0.1475
vn -0.8350 0.1665 0.5244
vn -0.9785 0.2061 0.0061
vn -0.9899 0.1353 0.0432
vn -0.9761 0.1384 0.1675
vn -0.9733 0.1737 0.1498
vn -0.9311 0.1466 0.3340
vn -0.9261 0.1615 0.3409
vn -0.8403 0.1491 0.5212
vn -0.1137 0.9450 -0.3066
vn -0.5199 0.7970 -0.3075
vn -0.6266 -0.1062 -0.7721
vn -0.7195 0.6282 -0.2959
vn -0.2576 0.9145 -0.3121
vn -0.5496 0.2825 0.7862
vn -0.4966 0.3806 0.7801
vn -0.6523 0.7337 -0.1905
vn -0.5365 -0.4017 -0.7421
vn -0.2424 0.9246 0.2937
vn -0.2320 0.9721 -0.0344
vn -0.7382 0.6746 0.0011
vn -0.6656 0.6602 0.3481
vn -0.0510 0.7816 -0.6217
vn -0.9607 -0.2514 -0.1176
vn -0.9898 -0.0683 0.1251
vn -0.9615 0.1874 -0.2010
vn -0.8929 0.0076 -0.4503
vn 0.2310 0.7302 0.6430
vn 0.8099 0.5624 0.1664
vn 0.9364 0.1284 0.3265
vn 0.3363 0.3038 0.8914
vn 0.6070 0.4889 -0.6264
vn 0.7620 0.2969 -0.5755
vn 0.0385 -0.6372 -0.7697
vn 0.2022 -0.7665 -0.6096
vn -0.2230 -0.8430 -0.4896
vn -0.5117 -0.6463 -0.5660
vn -0.8587 -0.4205 -0.2928
vn -0.6239 -0.7551 -0.2013
vn 0.2888 0.7017 0.6513
vn 0.7909 0.5569 0.2538
vn 0.9137 0.3498 -0.2071
vn 0.8744 0.3274 -0.3579
vn 0.8027 0.1387 -0.5801
vn 0.9105 -0.0228 -0.4129
vn 0.8018 -0.3039 -0.5145
vn 0.6746 0.0216 -0.7378
vn -0.1293 0.5860 0.7999
vn -0.1990 0.6573 0.7268
vn -0.4399 0.3993 0.8044
vn -0.5171 0.4944 0.6987
vn -0.6510 0.1957 0.7334
vn -0.7358 0.3345 0.5888
vn -0.8006 -0.0286 0.5985
vn -0.8951 0.1667 0.4134
vn -0.5227 -0.0651 -0.8500
vn -0.6080 0.2029 -0.7676
vn -0.6992 0.4594 -0.5477
vn -0.7093 0.6720 -0.2129
vn -0.6450 0.7558 0.1129
vn -0.5221 0.7373 0.4287
vn -0.3264 0.5944 0.7350
vn -0.5488 0.5314 0.6453
vn -0.1340 0.3501 0.9271
vn 0.9784 0.0528 -0.1998
vn 0.8920 0.0829 -0.4444
vn 0.5667 -0.0380 -0.8231
vn 0.6633 -0.3213 -0.6759
vn 0.7671 -0.1104 -0.6319
vn 0.8663 -0.2265 -0.4451
vn 0.8187 -0.4570 -0.3477
vn 0.4552 -0.6950 -0.5566
vn -0.1619 -0.5388 -0.8268
vn 0.2282 0.7398 0.6329
vn -0.8026 -0.2014 -0.5615
vn -0.9150 0.3789 0.1386
vn -0.7780 0.4752 0.4110
vn -0.5779 0.4955 0.6484
vn -0.2669 0.4620 0.8458
vn 0.4553 0.6358 -0.6233
vn 0.3700 -0.6812 -0.6317
vn -0.0308 -0.7369 -0.6753
vn -0.5222 -0.5380 -0.6617
vn -0.2344 0.9146 0.3294
vn 0.6247 0.1481 -0.7667
vn 0.5337 0.1735 -0.8277
vn 0.4826 0.1384 -0.8648
vn 0.5969 0.1421 -0.7896
vn 0.3504 0.1377 -0.9264
vn 0.4751 0.2492 -0.8439
vn 0.1656 0.1330 -0.9772
vn 0.2583 0.3421 -0.9034
vn 0.4896 0.1556 -0.8580
vn 0.5843 0.1738 -0.7927
vn 0.4999 0.1601 -0.8511
vn 0.5989 0.1855 -0.7791
vn 0.3379 0.1363 -0.9313
vn 0.3403 0.1504 -0.9282
vn 0.5249 0.2002 -0.8273
vn 0.6359 0.2669 -0.7241
vn 0.3052 0.8207 -0.4830
vn 0.3541 0.1494 -0.9232
vn 0.2274 0.7738 -0.5912
vn 0.0948 0.7733 -0.6269
vn 0.1662 0.1182 -0.9790
vn 0.1505 0.1197 -0.9813
vn 0.1520 0.1471 -0.9774
vn 0.2631 0.1325 0.9556
vn 0.2544 0.1614 0.9536
vn 0.4797 0.1407 0.8661
vn 0.4716 0.1638 0.8664
vn 0.6814 0.1478 0.7168
vn 0.6740 0.1681 0.7193
vn 0.6555 0.2816 0.7007
vn 0.4608 0.2882 0.8394
vn 0.2429 0.2995 0.9227
vn 0.2275 0.3829 0.8953
vn 0.4411 0.3685 0.8183
vn 0.6275 0.3516 0.6947
vn 0.2091 0.3611 0.9088
vn -0.1069 0.8816 0.4598
vn 0.2126 0.4215 0.8815
vn 0.4176 0.3805 0.8251
vn 0.2164 0.8812 0.4203
vn 0.5656 0.3947 0.7241
vn 0.2389 0.9025 0.3583
vn 0.4160 0.4098 0.8118
vn 0.5840 0.3899 0.7120
vn 0.3167 0.8978 -0.3061
vn 0.6718 0.4331 -0.6010
vn 0.3137 0.8685 -0.3837
vn 0.5765 0.2313 -0.7837
vn 0.5795 0.1180 -0.8064
vn 0.7478 0.1370 -0.6496
vn 0.7808 0.1445 -0.6079
vn 0.9161 0.1429 -0.3747
vn 0.9021 0.1513 -0.4042
vn 0.9718 0.1342 -0.1940
vn 0.9589 0.2280 -0.1688
vn 0.9687 0.2331 -0.0850
vn 0.9870 0.1338 -0.0890
vn 0.8348 0.1663 0.5249
vn 0.8476 0.5026 0.1701
vn 0.9823 0.1865 0.0157
vn 0.9729 0.1670 0.1597
vn 0.9761 0.1384 0.1675
vn 0.9899 0.1353 0.0432
vn 0.9311 0.1466 0.3340
vn 0.9260 0.1608 0.3415
vn 0.8403 0.1491 0.5212
vn 0.2108 0.9271 -0.3098
vn 0.5323 0.8030 -0.2682
vn 0.6275 -0.1047 -0.7715
vn 0.7184 0.6293 -0.2966
vn 0.2576 0.9145 -0.3121
vn 0.5557 0.2857 0.7807
vn 0.4997 0.3808 0.7780
vn 0.6655 0.7241 -0.1812
vn 0.5343 -0.3817 -0.7542
vn 0.2424 0.9246 0.2937
vn 0.6658 0.6599 0.3482
vn 0.7376 0.6752 0.0010
vn 0.2320 0.9721 -0.0344
vn 0.0016 0.9288 -0.3705
vn 0.9640 -0.1844 -0.1913
vn 0.8685 0.0550 -0.4926
vn 0.9393 0.2353 -0.2497
vn 0.9975 0.0017 0.0702
vn -0.2306 0.7230 0.6513
vn -0.3280 0.3117 0.8918
vn -0.9476 0.1592 0.2771
vn -0.8099 0.5607 0.1722
vn -0.7696 0.3455 -0.5370
vn -0.5905 0.5026 -0.6314
vn 0.1897 -0.8668 -0.4611
vn -0.2234 -0.7882 -0.5735
vn -0.0087 -0.6726 -0.7399
vn 0.5212 -0.5844 -0.6219
vn 0.8542 -0.3581 -0.3769
vn 0.5879 -0.7893 -0.1768
vn -0.8188 0.4900 0.2990
vn -0.3215 0.6320 0.7051
vn -0.8785 0.3202 -0.3546
vn -0.9345 0.3083 -0.1780
vn -0.8130 0.1221 -0.5693
vn -0.7188 -0.0539 -0.6931
vn -0.8073 -0.3425 -0.4806
vn -0.9248 -0.0652 -0.3747
vn 0.0992 0.5191 0.8490
vn 0.2241 0.6586 0.7183
vn 0.4196 0.3372 0.8427
vn 0.5287 0.5260 0.6662
vn 0.6323 0.1402 0.7620
vn 0.7408 0.3886 0.5479
vn 0.7784 -0.0769 0.6230
vn 0.9017 0.2301 0.3660
vn 0.6211 0.1863 -0.7612
vn 0.5413 -0.0757 -0.8374
vn 0.7267 0.6536 -0.2116
vn 0.7136 0.4400 -0.5452
vn 0.6644 0.7386 0.1146
vn 0.5431 0.7217 0.4292
vn 0.5502 0.5311 0.6444
vn 0.3500 0.5889 0.7285
vn 0.1497 0.3555 0.9226
vn -0.9710 0.0702 -0.2285
vn -0.8889 0.0940 -0.4483
vn -0.8236 -0.1136 -0.5557
vn -0.7044 -0.4347 -0.5611
vn -0.6312 -0.2148 -0.7453
vn -0.8589 -0.3336 -0.3886
vn -0.9153 -0.0847 -0.3939
vn -0.5350 -0.6381 -0.5537
vn 0.1668 -0.5475 -0.8200
vn -0.1568 0.7301 0.6651
vn 0.7727 -0.1402 -0.6191
vn 0.9020 0.4225 0.0889
vn 0.7760 0.5121 0.3682
vn 0.5808 0.5305 0.6174
vn 0.2642 0.4808 0.8361
vn -0.3970 0.6526 -0.6453
vn -0.4254 -0.6970 -0.5772
vn -0.0325 -0.7356 -0.6767
vn 0.4728 -0.4991 -0.7262
vn 0.2344 0.9147 0.3294
vn -0.3906 0.1809 -0.9026
vn -0.2647 0.0737 -0.9615
vn -0.6625 -0.7456 0.0720
vn -0.7273 -0.6755 0.1210
vn -0.4085 0.2823 -0.8680
vn -0.7577 -0.6476 0.0811
vn 0.4127 -0.6776 0.6087
vn 0.9333 0.3527 -0.0669
vn 0.8271 0.5581 0.0667
vn 0.3511 -0.4791 0.8045
vn 0.3529 -0.8799 0.3181
vn 0.9431 0.1035 -0.3161
vn 0.0880 -0.9952 0.0422
vn 0.7556 -0.1892 -0.6271
vn -0.0146 -0.0941 -0.9955
vn -0.5721 -0.8201 -0.0107
vn 0.6575 -0.7502 0.0704
vn 0.2632 0.0718 -0.9621
vn 0.3899 0.1798 -0.9031
vn 0.7228 -0.6809 0.1184
vn 0.4085 0.2822 -0.8680
vn 0.7552 -0.6506 0.0796
vn -0.8272 0.5579 0.0665
vn -0.9335 0.3520 -0.0676
vn -0.4140 -0.6779 0.6075
vn -0.3532 -0.4808 0.8026
vn -0.9432 0.1036 -0.3157
vn -0.3529 -0.8793 0.3199
vn -0.7571 -0.1888 -0.6254
vn -0.0907 -0.9948 0.0464
vn 0.5673 -0.8234 -0.0104
vn 0.0124 -0.0957 -0.9953
vn -0.6477 0.1442 -0.7482
vn -0.6323 -0.0251 -0.7743
vn -0.0268 0.4244 -0.9051
vn -0.3787 0.3109 -0.8717
vn -0.2686 -0.0660 0.9610
vn -0.0000 -0.0647 0.9979
vn -0.4895 -0.0682 0.8693
vn -0.6915 -0.0696 0.7191
vn -0.6423 -0.0645 -0.7637
vn -0.8018 -0.0670 -0.5938
vn -0.9820 -0.0664 -0.1766
vn -0.9935 -0.0692 -0.0907
vn -0.9337 -0.0729 -0.3505
vn -0.9966 -0.0699 0.0442
vn -0.9851 -0.0676 0.1579
vn -0.9428 -0.0738 0.3251
vn -0.8491 -0.0710 0.5235
vn 0.6570 0.0039 -0.7538
vn 0.7289 0.0534 -0.6826
vn 0.3673 0.3317 -0.8690
vn 0.2686 -0.0660 0.9610
vn 0.4895 -0.0682 0.8693
vn 0.6915 -0.0696 0.7191
vn 0.8017 -0.0669 -0.5940
vn 0.6281 -0.0798 -0.7740
vn 0.9935 -0.0692 -0.0907
vn 0.9820 -0.0664 -0.1766
vn 0.9337 -0.0729 -0.3505
vn 0.9851 -0.0676 0.1579
vn 0.9966 -0.0699 0.0442
vn 0.8491 -0.0710 0.5235
vn 0.9428 -0.0738 0.3251
vn -0.3815 -0.7108 -0.5909
vn -0.2189 -0.9070 -0.3597
vn 0.0369 -0.5039 -0.8630
vn -0.1895 -0.5725 -0.7977
vn -0.1266 -0.8728 0.4713
vn -0.0000 -0.8733 0.4872
vn -0.2240 -0.8864 0.4050
vn -0.3235 -0.8814 0.3442
vn -0.3081 -0.8708 -0.3830
vn -0.3737 -0.8813 -0.2891
vn -0.4288 -0.9015 -0.0579
vn -0.4466 -0.8938 -0.0406
vn -0.4495 -0.8793 -0.1572
vn -0.4430 -0.8964 0.0180
vn -0.4368 -0.8978 0.0557
vn -0.4328 -0.8911 0.1363
vn -0.3808 -0.8935 0.2382
vn -0.0193 -0.8710 -0.4909
vn 0.4508 -0.6893 -0.5671
vn 0.2380 -0.5912 -0.7706
vn 0.1266 -0.8728 0.4713
vn 0.2240 -0.8864 0.4050
vn 0.3235 -0.8814 0.3442
vn 0.3737 -0.8813 -0.2892
vn 0.2101 -0.8757 -0.4348
vn 0.4466 -0.8938 -0.0406
vn 0.4288 -0.9015 -0.0579
vn 0.4495 -0.8793 -0.1572
vn 0.4368 -0.8978 0.0557
vn 0.4430 -0.8964 0.0180
vn 0.3808 -0.8935 0.2382
vn 0.4328 -0.8911 0.1363
vn -0.4960 0.7927 -0.3544
vn -0.5788 0.7851 -0.2205
vn -0.6001 -0.4924 -0.6305
vn -0.4352 -0.7580 -0.4858
vn -0.3852 0.8477 -0.3648
vn -0.0804 0.9337 -0.3490
vn 0.0098 -0.2485 -0.9686
vn -0.2983 -0.3511 -0.8876
vn -0.0000 0.6797 0.7335
vn -0.1941 0.6761 0.7108
vn -0.1967 -0.6765 0.7097
vn -0.0000 -0.6805 0.7327
vn -0.3538 0.6860 0.6358
vn -0.3566 -0.6855 0.6347
vn -0.5104 0.6744 0.5336
vn -0.5108 -0.6735 0.5343
vn -0.5866 0.6832 -0.4350
vn -0.4675 0.6817 -0.5628
vn -0.4668 -0.6787 -0.5670
vn -0.5847 -0.6826 -0.4384
vn -0.7191 0.6917 -0.0670
vn -0.6919 0.7081 -0.1410
vn -0.7065 -0.6987 -0.1129
vn -0.7200 -0.6909 -0.0653
vn -0.6941 0.6656 -0.2744
vn -0.6918 -0.6772 -0.2506
vn -0.7043 0.6991 0.1236
vn -0.7201 0.6932 0.0319
vn -0.7202 -0.6931 0.0312
vn -0.7145 -0.6918 0.1046
vn -0.6206 0.6856 0.3805
vn -0.6935 0.6766 0.2475
vn -0.6911 -0.6853 0.2298
vn -0.6191 -0.6850 0.3839
vn 0.6514 0.7555 -0.0698
vn 0.6795 0.7321 -0.0474
vn 0.3096 -0.7463 -0.5892
vn 0.6990 -0.4221 -0.5773
vn 0.2969 0.8608 -0.4133
vn 0.3419 -0.3436 -0.8746
vn 0.1941 0.6761 0.7108
vn 0.1967 -0.6765 0.7097
vn 0.3538 0.6860 0.6358
vn 0.3566 -0.6855 0.6347
vn 0.5104 0.6744 0.5336
vn 0.5108 -0.6735 0.5343
vn 0.5436 0.6453 -0.5368
vn 0.5866 0.6832 -0.4350
vn 0.5847 -0.6826 -0.4384
vn 0.3842 -0.6950 -0.6077
vn 0.6919 0.7081 -0.1410
vn 0.7191 0.6917 -0.0670
vn 0.7200 -0.6909 -0.0653
vn 0.7065 -0.6987 -0.1129
vn 0.6941 0.6656 -0.2744
vn 0.6918 -0.6772 -0.2506
vn 0.7201 0.6932 0.0319
vn 0.7043 0.6991 0.1236
vn 0.7145 -0.6918 0.1046
vn 0.7202 -0.6931 0.0312
vn 0.6935 0.6766 0.2475
vn 0.6206 0.6856 0.3805
vn 0.6191 -0.6850 0.3839
vn 0.6911 -0.6853 0.2298
vn 0.3613 -0.2413 -0.9007
vn -0.3246 -0.9428 -0.0763
vn -0.7880 0.2392 0.5673
vn -0.3391 0.2842 0.8968
vn 0.3208 0.9467 -0.0300
vn -0.0721 0.9903 -0.1186
vn -0.9902 0.1096 0.0864
vn -0.2619 0.8220 -0.5057
vn -0.9240 -0.3795 0.0464
vn -0.4536 0.4138 -0.7893
vn -0.0651 0.0917 0.9937
vn 0.5139 0.8551 0.0693
vn 0.1377 -0.1295 0.9820
vn 0.6302 0.7687 0.1088
vn 0.2601 -0.3140 0.9131
vn 0.7217 0.6840 0.1063
vn -0.6940 -0.5063 -0.5120
vn -0.5046 -0.6537 -0.5639
vn -0.3744 -0.8207 0.4317
vn -0.3854 -0.8057 0.4498
vn -0.4043 -0.7918 0.4577
vn 0.0156 -0.8204 0.5715
vn 0.8616 -0.3492 0.3684
vn 0.0051 -0.7442 0.6680
vn -0.0761 -0.8803 0.4683
vn 0.8045 -0.5870 0.0905
vn -0.2139 -0.8968 0.3873
vn -0.4163 -0.8125 0.4080
vn 0.3198 -0.9446 -0.0743
vn -0.3638 -0.2420 -0.8995
vn -0.3183 0.9475 -0.0307
vn 0.3400 0.2828 0.8969
vn 0.7881 0.2386 0.5675
vn 0.0753 0.9898 -0.1205
vn 0.9907 0.1046 0.0871
vn 0.2627 0.8211 -0.5067
vn 0.4538 0.4139 -0.7892
vn 0.9236 -0.3805 0.0460
vn -0.5119 0.8562 0.0692
vn 0.0639 0.0898 0.9939
vn -0.1404 -0.1317 0.9813
vn -0.6291 0.7696 0.1090
vn -0.2631 -0.3163 0.9115
vn -0.7213 0.6844 0.1064
vn 0.3949 -0.8378 0.3769
vn 0.4955 -0.6255 -0.6027
vn 0.6877 -0.4746 -0.5494
vn 0.4236 -0.8141 0.3972
vn 0.4607 -0.7909 0.4027
vn -0.8877 -0.3071 0.3430
vn -0.1046 -0.8077 0.5803
vn -0.0882 -0.7085 0.7002
vn -0.8349 -0.5466 0.0649
vn -0.0144 -0.8905 0.4548
vn 0.1345 -0.9251 0.3550
vn 0.4119 -0.8405 0.3520
vn -0.3938 -0.8507 0.3481
vn -0.6005 -0.6389 0.4807
vn -0.4351 -0.5519 0.7114
vn -0.5518 -0.7606 0.3422
vn -0.5162 -0.7410 0.4295
vn -0.2785 -0.5515 0.7863
vn -0.1242 -0.6163 0.7777
vn -0.0356 -0.6833 0.7293
vn -0.4367 -0.4849 -0.7577
vn 0.3506 -0.8881 0.2973
vn 0.4480 -0.4047 0.7972
vn 0.6767 -0.5059 0.5349
vn 0.6608 -0.6810 0.3156
vn 0.5950 -0.7095 0.3775
vn 0.2415 -0.4339 0.8680
vn 0.0625 -0.5317 0.8446
vn -0.0391 -0.6255 0.7793
vn 0.4611 -0.2316 -0.8566
vn 0.4831 -0.1388 0.8645
vn 0.5957 -0.1424 0.7905
vn 0.6191 -0.1485 0.7711
vn 0.5292 -0.1660 0.8321
vn 0.4653 -0.2289 0.8551
vn 0.3523 -0.1387 0.9255
vn 0.2597 -0.3261 0.9090
vn 0.0171 -0.3836 0.9233
vn 0.0003 -0.1288 0.9917
vn 0.1660 -0.1353 0.9768
vn 0.4904 -0.1555 0.8575
vn 0.5829 -0.1742 0.7936
vn 0.5005 -0.1599 0.8508
vn 0.5976 -0.1850 0.7801
vn 0.3409 -0.1503 0.9280
vn 0.3380 -0.1365 0.9312
vn 0.5261 -0.2006 0.8264
vn 0.6354 -0.2673 0.7244
vn 0.3541 -0.1491 0.9232
vn 0.2612 0.6272 0.7337
vn 0.4499 0.5550 0.6997
vn -0.0000 -0.1066 0.9943
vn -0.0000 0.6555 0.7552
vn 0.1051 0.6340 0.7661
vn 0.1645 -0.1178 0.9793
vn 0.1498 -0.1195 0.9815
vn -0.0000 -0.1184 0.9930
vn 0.1513 -0.1473 0.9774
vn -0.0000 -0.1437 0.9896
vn 0.2635 -0.1351 -0.9551
vn 0.2549 -0.1616 -0.9534
vn -0.0000 -0.1608 -0.9870
vn -0.0000 -0.1277 -0.9918
vn 0.4787 -0.1434 -0.8662
vn 0.4713 -0.1642 -0.8665
vn 0.6812 -0.1508 -0.7164
vn 0.6737 -0.1677 -0.7198
vn 0.4606 -0.2887 -0.8393
vn 0.6527 -0.2804 -0.7038
vn 0.2431 -0.3001 -0.9224
vn 0.4413 -0.3689 -0.8180
vn 0.2275 -0.3834 -0.8951
vn 0.6213 -0.3499 -0.7011
vn -0.0000 -0.3064 -0.9519
vn -0.0000 -0.3893 -0.9211
vn 0.4193 0.5184 -0.7453
vn -0.0000 0.2629 -0.9648
vn -0.0000 -0.3530 -0.9356
vn 0.2090 -0.3609 -0.9089
vn -0.0000 -0.4249 -0.9053
vn 0.2125 -0.4216 -0.8815
vn 0.3643 0.4579 -0.8109
vn 0.4185 -0.3809 -0.8244
vn 0.5861 0.3633 -0.7242
vn 0.5639 -0.3951 -0.7252
vn 0.4162 -0.4102 -0.8115
vn 0.5769 -0.3900 -0.7177
vn 0.6128 0.4704 0.6350
vn 0.8559 0.3227 0.4042
vn 0.6748 -0.4324 0.5980
vn 0.5844 -0.1171 0.8030
vn 0.5729 -0.2270 0.7875
vn 0.7417 -0.1323 0.6576
vn 0.7793 -0.1475 0.6091
vn 0.8897 -0.1024 0.4449
vn 0.9165 -0.1463 0.3723
vn 0.9909 0.0323 0.1309
vn 0.9866 -0.1367 0.0894
vn 0.9722 -0.1365 0.1901
vn 0.9639 -0.0505 0.2613
vn 0.5933 -0.1615 -0.7886
vn 0.8217 -0.1538 -0.5488
vn 0.9759 -0.1411 -0.1664
vn 0.9894 -0.1384 -0.0433
vn 0.9964 0.0637 -0.0562
vn 0.9755 -0.0035 -0.2201
vn 0.9160 -0.0997 -0.3887
vn 0.9309 -0.1500 -0.3330
vn 0.8408 -0.1522 -0.5196
vn 0.0777 0.9176 0.3898
vn 0.2786 0.6595 0.6982
vn 0.6404 0.1530 0.7527
vn 0.9830 0.1750 0.0556
vn 0.7160 -0.6334 0.2933
vn 0.5345 -0.2718 -0.8003
vn 0.4916 -0.3722 -0.7873
vn 0.1759 0.5683 -0.8038
vn 0.5316 0.5972 0.6006
vn 0.7390 -0.6737 -0.0011
vn 0.9192 0.3900 -0.0553
vn 0.9692 0.2125 -0.1243
vn 0.6642 -0.6611 -0.3490
vn 0.4037 0.7762 0.4844
vn 0.9619 -0.1851 0.2010
vn 0.9896 0.0674 -0.1271
vn 0.9620 0.2481 0.1141
vn 0.8935 -0.0017 0.4491
vn -0.8910 -0.0440 -0.4518
vn -0.7718 -0.6238 -0.1233
vn -0.2134 -0.7533 -0.6221
vn -0.3008 -0.3220 -0.8977
vn -0.8967 -0.0280 0.4418
vn -0.8667 0.1833 0.4639
vn 0.2126 0.8411 0.4973
vn -0.2135 0.7645 0.6082
vn -0.0700 0.6311 0.7726
vn 0.5038 0.6449 0.5747
vn 0.8687 0.4070 0.2824
vn 0.6209 0.7583 0.1987
vn -0.8228 -0.5092 -0.2525
vn -0.2958 -0.6709 -0.6800
vn -0.9269 -0.3095 0.2123
vn -0.8457 -0.3788 0.3758
vn -0.8031 0.3079 0.5102
vn -0.9129 0.0379 0.4064
vn -0.7977 -0.1658 0.5798
vn -0.6783 -0.0275 0.7343
vn 0.1190 -0.5665 -0.8154
vn 0.2040 -0.6717 -0.7122
vn 0.4353 -0.3890 -0.8119
vn 0.5164 -0.4990 -0.6960
vn 0.6474 -0.1907 -0.7379
vn 0.7328 -0.3389 -0.5900
vn 0.7961 0.0292 -0.6044
vn 0.8903 -0.1739 -0.4209
vn 0.6034 -0.1997 0.7720
vn 0.5245 0.0630 0.8491
vn 0.6967 -0.4593 0.5511
vn 0.7073 -0.6747 0.2107
vn 0.6444 -0.7564 -0.1124
vn 0.5220 -0.7370 -0.4292
vn 0.3256 -0.5933 -0.7362
vn 0.5490 -0.5285 -0.6475
vn 0.1397 -0.3451 -0.9281
vn -0.9727 -0.0237 0.2309
vn -0.8893 -0.0754 0.4510
vn -0.6829 0.2657 0.6805
vn -0.5795 0.0746 0.8115
vn -0.7589 0.0998 0.6435
vn -0.4630 0.8089 0.3625
vn -0.6779 0.6630 0.3176
vn -0.1932 0.8082 0.5562
vn 0.2417 0.5557 0.7955
vn -0.1206 -0.1502 -0.9813
vn 0.8081 0.1878 0.5583
vn 0.9131 -0.3808 -0.1460
vn 0.7760 -0.4755 -0.4145
vn 0.5775 -0.4976 -0.6472
vn 0.2672 -0.4693 -0.8417
vn -0.9213 0.3561 -0.1564
vn -0.3797 0.6454 0.6628
vn -0.0094 0.7628 0.6466
vn 0.4989 0.5625 0.6593
vn 0.8364 0.2771 -0.4729
vn -0.4832 -0.1388 0.8644
vn -0.5333 -0.1756 0.8275
vn -0.6242 -0.1514 0.7664
vn -0.5957 -0.1424 0.7905
vn -0.3527 -0.1390 0.9254
vn -0.4749 -0.2500 0.8438
vn -0.2608 -0.3483 0.9004
vn -0.1659 -0.1356 0.9768
vn -0.4904 -0.1555 0.8575
vn -0.5829 -0.1742 0.7936
vn -0.5005 -0.1599 0.8508
vn -0.5976 -0.1850 0.7802
vn -0.3380 -0.1365 0.9312
vn -0.3409 -0.1503 0.9280
vn -0.5261 -0.2006 0.8264
vn -0.6354 -0.2673 0.7244
vn -0.3541 -0.1491 0.9232
vn -0.4499 0.5550 0.6997
vn -0.2612 0.6272 0.7337
vn -0.1645 -0.1178 0.9793
vn -0.1051 0.6340 0.7661
vn -0.1498 -0.1195 0.9815
vn -0.1513 -0.1473 0.9774
vn -0.2635 -0.1351 -0.9551
vn -0.2549 -0.1616 -0.9534
vn -0.4787 -0.1434 -0.8662
vn -0.4713 -0.1642 -0.8665
vn -0.6812 -0.1508 -0.7164
vn -0.6737 -0.1677 -0.7197
vn -0.4606 -0.2887 -0.8393
vn -0.6528 -0.2805 -0.7037
vn -0.2431 -0.3001 -0.9224
vn -0.2275 -0.3834 -0.8951
vn -0.4413 -0.3689 -0.8180
vn -0.6214 -0.3499 -0.7010
vn -0.4193 0.5184 -0.7453
vn -0.2090 -0.3609 -0.9089
vn -0.2125 -0.4216 -0.8815
vn -0.3643 0.4579 -0.8109
vn -0.4185 -0.3809 -0.8244
vn -0.5861 0.3633 -0.7242
vn -0.5639 -0.3951 -0.7252
vn -0.4162 -0.4102 -0.8115
vn -0.5769 -0.3899 -0.7177
vn -0.6734 -0.4329 0.5993
vn -0.8559 0.3227 0.4042
vn -0.6128 0.4704 0.6350
vn -0.5837 -0.1154 0.8037
vn -0.5710 -0.2265 0.7891
vn -0.7417 -0.1323 0.6575
vn -0.7794 -0.1475 0.6090
vn -0.9165 -0.1463 0.3723
vn -0.8897 -0.1024 0.4450
vn -0.9907 0.0353 0.1317
vn -0.9636 -0.0492 0.2628
vn -0.9722 -0.1365 0.1901
vn -0.9866 -0.1367 0.0894
vn -0.5976 -0.1626 -0.7852
vn -0.8218 -0.1540 -0.5485
vn -0.9759 -0.1411 -0.1664
vn -0.9758 -0.0065 -0.2187
vn -0.9963 0.0619 -0.0601
vn -0.9894 -0.1384 -0.0433
vn -0.9309 -0.1500 -0.3330
vn -0.9161 -0.1005 -0.3882
vn -0.8408 -0.1522 -0.5196
vn -0.2874 0.6911 0.6631
vn -0.0896 0.9173 0.3881
vn -0.6427 0.1519 0.7509
vn -0.7145 -0.6348 0.2942
vn -0.9830 0.1750 0.0556
vn -0.5381 -0.2728 -0.7975
vn -0.4945 -0.3728 -0.7852
vn -0.1846 0.5675 -0.8024
vn -0.5284 0.5989 0.6017
vn -0.7381 -0.6746 -0.0010
vn -0.6643 -0.6609 -0.3492
vn -0.9692 0.2125 -0.1244
vn -0.9192 0.3900 -0.0554
vn -0.3736 0.7835 0.4964
vn -0.9394 -0.2349 0.2498
vn -0.8680 -0.0533 0.4936
vn -0.9654 0.1771 0.1916
vn -0.9976 -0.0069 -0.0684
vn 0.8654 -0.0365 -0.4997
vn 0.2788 -0.3226 -0.9046
vn 0.2048 -0.7401 -0.6405
vn 0.7734 -0.6196 -0.1341
vn 0.8986 -0.0180 0.4385
vn 0.8940 0.1503 0.4221
vn 0.0493 0.6698 0.7409
vn 0.2418 0.7833 0.5728
vn -0.1747 0.8668 0.4671
vn -0.5188 0.5744 0.6332
vn -0.5794 0.7966 0.1726
vn -0.8645 0.3414 0.3689
vn 0.8549 -0.4248 -0.2978
vn 0.3390 -0.5843 -0.7373
vn 0.9507 -0.2548 0.1770
vn 0.8512 -0.3674 0.3747
vn 0.8083 0.3520 0.4719
vn 0.7260 0.0436 0.6864
vn 0.8051 -0.1481 0.5743
vn 0.9285 0.0865 0.3612
vn -0.0809 -0.4866 -0.8699
vn -0.2291 -0.6707 -0.7054
vn -0.4120 -0.3189 -0.8535
vn -0.5275 -0.5344 -0.6605
vn -0.6266 -0.1296 -0.7685
vn -0.7378 -0.3963 -0.5465
vn -0.7717 0.0826 -0.6307
vn -0.8971 -0.2403 -0.3709
vn -0.6185 -0.1815 0.7645
vn -0.5450 0.0741 0.8351
vn -0.7128 -0.4388 0.5472
vn -0.7264 -0.6549 0.2083
vn -0.6651 -0.7379 -0.1150
vn -0.5441 -0.7203 -0.4303
vn -0.3501 -0.5874 -0.7296
vn -0.5505 -0.5282 -0.6465
vn -0.1527 -0.3502 -0.9241
vn 0.9723 -0.0140 0.2333
vn 0.8907 -0.0725 0.4488
vn 0.7129 0.4125 0.5671
vn 0.8100 0.1147 0.5751
vn 0.6431 0.2128 0.7356
vn 0.4925 0.7838 0.3783
vn 0.7282 0.6117 0.3091
vn 0.2171 0.8044 0.5530
vn -0.2680 0.5602 0.7838
vn 0.1037 -0.1521 -0.9829
vn -0.7800 0.1186 0.6145
vn -0.9000 -0.4252 -0.0962
vn -0.7738 -0.5126 -0.3720
vn -0.5793 -0.5315 -0.6180
vn -0.2640 -0.4859 -0.8332
vn 0.9019 0.3689 -0.2247
vn 0.4166 0.7049 0.5741
vn 0.0572 0.7489 0.6602
vn -0.4631 0.5192 0.7183
vn -0.8364 0.2771 -0.4729
vn 0.1895 -0.0402 0.9811
vn 0.5361 0.8335 -0.1337
vn 0.6007 0.7930 -0.1018
vn 0.2863 -0.1461 0.9469
vn 0.6488 0.7573 -0.0746
vn 0.3672 -0.2165 0.9046
vn -0.3417 0.5882 -0.7330
vn -0.3161 0.7710 -0.5528
vn -0.8615 -0.4968 0.1049
vn -0.8058 -0.5914 0.0306
vn -0.1999 0.9243 -0.3251
vn -0.9211 -0.3338 0.2002
vn 0.1783 0.9760 -0.1254
vn -0.8994 -0.0545 0.4337
vn -0.0627 0.1017 0.9928
vn 0.5207 0.8386 -0.1599
vn -0.6000 0.7935 -0.1019
vn -0.5345 0.8345 -0.1338
vn -0.1930 -0.0424 0.9803
vn -0.2907 -0.1512 0.9448
vn -0.6491 0.7570 -0.0746
vn -0.3691 -0.2226 0.9023
vn 0.8618 -0.4963 0.1046
vn 0.3161 0.7715 -0.5521
vn 0.3417 0.5882 -0.7330
vn 0.8038 -0.5942 0.0280
vn 0.9214 -0.3306 0.2043
vn 0.2004 0.9241 -0.3254
vn 0.8977 -0.0566 0.4370
vn -0.1762 0.9762 -0.1268
vn -0.5189 0.8397 -0.1600
vn 0.0610 0.1008 0.9930
vn 0.6305 0.0272 0.7757
vn 0.6518 -0.1346 0.7463
vn 0.3766 -0.3061 0.8744
vn 0.0249 -0.4199 0.9072
vn -0.0000 0.0676 -0.9977
vn 0.2693 0.0689 -0.9606
vn 0.4889 0.0713 -0.8694
vn 0.6915 0.0728 -0.7187
vn 0.8006 0.0700 0.5951
vn 0.6429 0.0662 0.7630
vn 0.9932 0.0724 0.0912
vn 0.9826 0.0697 0.1722
vn 0.9345 0.0759 0.3477
vn 0.9851 0.0711 -0.1566
vn 0.9963 0.0731 -0.0446
vn 0.8494 0.0743 -0.5224
vn 0.9428 0.0771 -0.3242
vn -0.7277 -0.0528 0.6838
vn -0.6580 0.0002 0.7530
vn -0.3636 -0.3300 0.8711
vn -0.2693 0.0689 -0.9606
vn -0.4889 0.0713 -0.8694
vn -0.6915 0.0728 -0.7187
vn -0.6310 0.0807 0.7715
vn -0.8007 0.0701 0.5950
vn -0.9826 0.0697 0.1722
vn -0.9932 0.0724 0.0912
vn -0.9345 0.0759 0.3477
vn -0.9963 0.0731 -0.0446
vn -0.9851 0.0711 -0.1566
vn -0.9428 0.0771 -0.3242
vn -0.8494 0.0743 -0.5224
vn 0.6172 -0.4895 0.6160
vn 0.6169 -0.6758 0.4034
vn 0.4175 -0.8058 0.4200
vn 0.0846 -0.8002 0.5937
vn -0.0000 -0.4636 -0.8860
vn 0.2315 -0.4615 -0.8564
vn 0.4348 -0.4394 -0.7860
vn 0.6189 -0.4406 -0.6503
vn 0.7151 -0.4477 0.5369
vn 0.5632 -0.4656 0.6826
vn 0.8995 -0.4288 0.0842
vn 0.8957 -0.4115 0.1682
vn 0.8272 -0.4595 0.3234
vn 0.8972 -0.4155 -0.1496
vn 0.9040 -0.4256 -0.0396
vn 0.7721 -0.4239 -0.4735
vn 0.8488 -0.4367 -0.2979
vn -0.7832 -0.5312 0.3232
vn -0.7820 -0.4019 0.4765
vn -0.2879 -0.8176 0.4986
vn -0.2315 -0.4615 -0.8564
vn -0.4348 -0.4394 -0.7860
vn -0.6189 -0.4406 -0.6503
vn -0.6055 -0.5077 0.6129
vn -0.7151 -0.4477 0.5369
vn -0.8957 -0.4115 0.1682
vn -0.8995 -0.4288 0.0842
vn -0.8272 -0.4595 0.3234
vn -0.9040 -0.4256 -0.0396
vn -0.8972 -0.4155 -0.1496
vn -0.8488 -0.4367 -0.2979
vn -0.7721 -0.4239 -0.4735
vn 0.4701 -0.8689 0.1552
vn 0.5941 0.5532 0.5840
vn 0.5848 0.5914 0.5552
vn 0.5552 -0.7007 0.4482
vn 0.0988 -0.9460 0.3087
vn -0.0409 0.4113 0.9106
vn 0.2579 0.4181 0.8710
vn 0.3348 -0.9301 0.1513
vn 0.1766 -0.7412 -0.6477
vn 0.1805 0.7409 -0.6470
vn -0.0000 0.7359 -0.6771
vn -0.0000 -0.7364 -0.6765
vn 0.3320 -0.7290 -0.5985
vn 0.3351 0.7293 -0.5965
vn 0.4619 -0.7441 -0.4826
vn 0.4612 0.7447 -0.4823
vn 0.4352 -0.7352 0.5196
vn 0.4363 0.7330 0.5219
vn 0.5434 0.7326 0.4100
vn 0.5468 -0.7322 0.4061
vn 0.6952 -0.7051 0.1395
vn 0.6931 0.7130 0.1056
vn 0.6867 0.7242 0.0624
vn 0.6873 -0.7235 0.0646
vn 0.6108 -0.7524 0.2466
vn 0.6312 0.7438 0.2201
vn 0.6916 -0.7216 -0.0310
vn 0.6915 0.7217 -0.0301
vn 0.6856 0.7214 -0.0974
vn 0.6879 -0.7156 -0.1215
vn 0.6338 -0.7388 -0.2291
vn 0.6473 0.7323 -0.2115
vn 0.5810 0.7299 -0.3600
vn 0.5839 -0.7295 -0.3563
vn -0.7024 -0.6364 0.3186
vn -0.5955 0.5663 0.5699
vn -0.5395 0.6484 0.5371
vn -0.5117 -0.8572 0.0579
vn -0.1772 -0.9620 0.2080
vn -0.3327 0.4616 0.8223
vn -0.1805 0.7409 -0.6470
vn -0.1766 -0.7412 -0.6477
vn -0.3351 0.7293 -0.5965
vn -0.3320 -0.7290 -0.5985
vn -0.4612 0.7447 -0.4823
vn -0.4619 -0.7441 -0.4826
vn -0.5468 -0.7322 0.4061
vn -0.5434 0.7326 0.4100
vn -0.3861 0.6928 0.6090
vn -0.4961 -0.7579 0.4235
vn -0.6873 -0.7235 0.0646
vn -0.6867 0.7242 0.0624
vn -0.6931 0.7130 0.1056
vn -0.6952 -0.7051 0.1395
vn -0.6312 0.7438 0.2201
vn -0.6108 -0.7524 0.2466
vn -0.6879 -0.7156 -0.1215
vn -0.6856 0.7214 -0.0974
vn -0.6915 0.7217 -0.0301
vn -0.6916 -0.7216 -0.0310
vn -0.5839 -0.7295 -0.3563
vn -0.5810 0.7299 -0.3600
vn -0.6473 0.7323 -0.2115
vn -0.6338 -0.7388 -0.2291
vn -0.5290 0.1765 0.8301
vn 0.4766 0.8686 -0.1355
vn 0.3535 -0.1830 -0.9173
vn -0.4769 -0.8705 0.1213
vn -0.4499 -0.8917 0.0502
vn 0.8808 -0.1419 -0.4516
vn 0.1260 -0.9425 0.3094
vn 0.9349 0.3502 -0.0578
vn 0.7565 0.6478 -0.0895
vn 0.2495 -0.6126 0.7500
vn 0.0082 0.0166 -0.9998
vn -0.6164 -0.7822 0.0908
vn -0.6810 -0.7311 0.0406
vn -0.2127 0.2615 -0.9415
vn -0.7439 -0.6682 0.0119
vn -0.3048 0.4391 -0.8452
vn 0.4452 0.3483 0.8249
vn 0.5087 0.6560 0.5576
vn 0.6968 0.5096 0.5048
vn 0.6090 0.1988 0.7679
vn 0.7021 0.1399 0.6982
vn -0.8566 0.3575 -0.3720
vn -0.9806 -0.0593 -0.1869
vn -0.8757 -0.2830 -0.3911
vn -0.7977 0.5956 -0.0941
vn -0.9752 0.2102 0.0697
vn -0.8044 0.4625 0.3728
vn 0.1659 0.5047 0.8472
vn -0.4746 0.8696 -0.1362
vn 0.5287 0.1744 0.8307
vn 0.4445 -0.8941 0.0549
vn 0.4716 -0.8731 0.1236
vn -0.3559 -0.1830 -0.9164
vn -0.8823 -0.1398 -0.4495
vn -0.1274 -0.9418 0.3112
vn -0.9347 0.3507 -0.0574
vn -0.2510 -0.6151 0.7474
vn -0.7574 0.6468 -0.0896
vn 0.6091 -0.7878 0.0912
vn -0.0104 0.0155 -0.9998
vn 0.6747 -0.7371 0.0390
vn 0.2115 0.2603 -0.9421
vn 0.7396 -0.6730 0.0090
vn 0.3043 0.4385 -0.8456
vn -0.6910 0.4761 0.5439
vn -0.4937 0.6338 0.5954
vn -0.4135 0.2970 0.8607
vn -0.5780 0.1408 0.8038
vn -0.6708 0.0687 0.7384
vn 0.9806 -0.1512 -0.1251
vn 0.8861 0.3104 -0.3442
vn 0.8742 -0.3675 -0.3174
vn 0.9871 0.1118 0.1145
vn 0.8326 0.5499 -0.0659
vn 0.8438 0.3587 0.3992
vn -0.1237 0.4558 0.8815
vn -0.2943 0.6279 0.7205
vn 0.1109 -0.6951 -0.7103
vn 0.6510 -0.6620 -0.3714
vn 0.9602 -0.2203 0.1716
vn 0.8412 -0.0857 0.5339
vn -0.3325 -0.6524 -0.6811
vn -0.5896 -0.5467 -0.5946
vn -0.7490 -0.4256 -0.5078
vn 0.4656 0.4669 0.7518
vn 0.3547 0.5585 0.7498
vn -0.4880 -0.8278 -0.2766
vn -0.0072 -0.8299 -0.5578
vn -0.9041 -0.3630 0.2254
vn -0.7849 -0.1938 0.5886
vn 0.3813 -0.7561 -0.5319
vn 0.6010 -0.6403 -0.4783
vn 0.7499 -0.5122 -0.4187
vn -0.4868 0.2180 0.8459
vn 0.1217 0.9764 0.1783
vn 0.0462 0.9873 0.1518
vn 0.0117 0.9926 0.1206
vn -0.0000 0.9946 0.1040
vn -0.0000 0.9801 -0.1987
vn 0.3589 0.9019 -0.2404
vn 0.1261 0.9410 -0.3142
vn 0.2703 0.9204 -0.2824
vn 0.4196 0.9042 0.0797
vn 0.2376 0.9509 0.1984
vn 0.5199 0.8303 -0.2007
vn 0.5368 0.8347 0.1234
vn 0.5377 0.8411 -0.0595
vn 0.4632 0.8790 -0.1131
vn -0.0462 0.9873 0.1518
vn -0.1217 0.9764 0.1783
vn -0.0117 0.9926 0.1206
vn -0.3589 0.9019 -0.2404
vn -0.1261 0.9410 -0.3142
vn -0.2703 0.9204 -0.2824
vn -0.2376 0.9509 0.1984
vn -0.4196 0.9042 0.0797
vn -0.5199 0.8303 -0.2007
vn -0.5377 0.8411 -0.0595
vn -0.5368 0.8347 0.1234
vn -0.4632 0.8790 -0.1131
vn 0.1669 0.7006 -0.6938
vn 0.2071 0.6489 -0.7322
vn -0.3260 -0.5507 0.7684
vn -0.3009 -0.5726 0.7626
vn 0.1942 0.7361 -0.6484
vn -0.3039 -0.6485 0.6979
vn 0.3785 0.8039 -0.4589
vn 0.3095 0.8120 -0.4948
vn -0.3521 -0.7469 0.5641
vn -0.3795 -0.7952 0.4729
vn 0.4875 0.7439 -0.4571
vn -0.4837 -0.7922 0.3721
vn 0.5942 0.6158 -0.5175
vn -0.6254 -0.6704 0.3993
vn 0.3586 0.5530 -0.7521
vn -0.4531 -0.5039 0.7354
vn -0.2073 0.6486 -0.7324
vn -0.1670 0.7002 -0.6941
vn 0.2941 -0.5798 0.7598
vn 0.3199 -0.5557 0.7674
vn -0.1944 0.7359 -0.6486
vn 0.2998 -0.6539 0.6947
vn -0.3097 0.8119 -0.4949
vn -0.3786 0.8038 -0.4589
vn 0.3790 -0.7958 0.4722
vn 0.3497 -0.7504 0.5610
vn -0.4874 0.7440 -0.4569
vn 0.4824 -0.7911 0.3761
vn -0.5942 0.6160 -0.5172
vn 0.6220 -0.6709 0.4037
vn -0.3587 0.5529 -0.7521
vn 0.4486 -0.5071 0.7359
vn 0.2216 -0.9721 -0.0775
vn 0.2238 -0.9658 0.1308
vn 0.0914 -0.9816 -0.1677
vn 0.2046 -0.9653 -0.1621
vn 0.0862 -0.9444 -0.3173
vn -0.0000 -0.9457 -0.3251
vn 0.1656 -0.9401 -0.2981
vn 0.2421 -0.9372 -0.2511
vn 0.2068 -0.9470 0.2458
vn 0.2709 -0.9425 0.1958
vn 0.3363 -0.9382 0.0817
vn 0.3446 -0.9382 0.0328
vn 0.3156 -0.9390 0.1370
vn 0.3478 -0.9374 -0.0161
vn 0.3436 -0.9365 -0.0701
vn 0.3313 -0.9349 -0.1275
vn 0.3044 -0.9346 -0.1840
vn -0.4551 -0.8861 -0.0872
vn -0.3325 -0.9299 -0.1573
vn -0.0826 -0.9928 -0.0868
vn -0.0862 -0.9444 -0.3173
vn -0.1656 -0.9401 -0.2981
vn -0.2421 -0.9372 -0.2511
vn -0.2709 -0.9425 0.1958
vn -0.3002 -0.9400 0.1618
vn -0.3446 -0.9382 0.0328
vn -0.3363 -0.9382 0.0817
vn -0.3156 -0.9390 0.1370
vn -0.3436 -0.9365 -0.0701
vn -0.3478 -0.9374 -0.0161
vn -0.3044 -0.9346 -0.1840
vn -0.3313 -0.9349 -0.1275
vn 0.0242 0.9939 0.1076
vn 0.0464 0.9555 0.2912
vn -0.0203 -0.9595 -0.2809
vn -0.0006 -0.9957 -0.0928
vn -0.0651 0.9039 0.4227
vn -0.0809 0.8918 0.4450
vn 0.0805 -0.8912 -0.4464
vn 0.0712 -0.9053 -0.4188
vn -0.0000 1.0000 0.0002
vn 0.0023 1.0000 0.0007
vn -0.0023 -1.0000 -0.0007
vn -0.0000 -1.0000 -0.0002
vn 0.0021 1.0000 0.0011
vn -0.0021 -1.0000 -0.0011
vn -0.0000 1.0000 -0.0003
vn -0.0000 -1.0000 0.0003
vn -0.0018 1.0000 0.0027
vn 0.0041 0.9999 0.0098
vn 0.0002 -1.0000 -0.0002
vn 0.0018 -1.0000 -0.0027
vn 0.0002 1.0000 -0.0014
vn 0.0058 0.9997 -0.0218
vn -0.0058 -0.9997 0.0218
vn -0.0002 -1.0000 0.0014
vn 0.0045 0.9998 -0.0183
vn -0.0045 -0.9998 0.0183
vn 0.0037 0.9999 0.0151
vn -0.0000 1.0000 0.0006
vn -0.0000 -1.0000 -0.0006
vn -0.0037 -0.9999 -0.0151
vn -0.0015 1.0000 -0.0026
vn 0.0028 0.9999 0.0128
vn -0.0028 -0.9999 -0.0128
vn 0.0015 -1.0000 0.0026
vn 0.0037 0.9339 0.3575
vn 0.1604 0.9358 0.3140
vn -0.1410 -0.9513 -0.2742
vn 0.0230 -0.9444 -0.3281
vn -0.0578 0.9334 0.3541
vn 0.0650 -0.9304 -0.3606
vn -0.0023 1.0000 0.0007
vn 0.0023 -1.0000 -0.0007
vn -0.0021 1.0000 0.0011
vn 0.0021 -1.0000 -0.0011
vn 0.0905 0.9905 0.1038
vn 0.0018 1.0000 0.0027
vn -0.0018 -1.0000 -0.0027
vn -0.0918 -0.9907 -0.1000
vn -0.0058 0.9997 -0.0218
vn -0.0002 1.0000 -0.0014
vn 0.0002 -1.0000 0.0014
vn 0.0058 -0.9997 0.0218
vn -0.0045 0.9998 -0.0183
vn 0.0045 -0.9998 0.0183
vn -0.0037 0.9999 0.0151
vn 0.0037 -0.9999 -0.0151
vn -0.0028 0.9999 0.0128
vn 0.0015 1.0000 -0.0026
vn -0.0015 -1.0000 0.0026
vn 0.0028 -0.9999 -0.0128
vn -0.6174 -0.5272 0.5839
vn 0.5478 0.5205 -0.6550
vn -0.7351 -0.5742 0.3604
vn -0.5715 -0.4741 0.6698
vn 0.4981 0.4943 -0.7125
vn 0.6377 0.6239 -0.4518
vn -0.6744 -0.6681 0.3143
vn 0.5456 0.7491 -0.3757
vn -0.3891 -0.6935 0.6064
vn 0.3082 0.7490 -0.5865
vn -0.4930 -0.5144 0.7016
vn 0.3697 0.5973 -0.7117
vn -0.3974 -0.6096 0.6859
vn 0.2808 0.7217 -0.6328
vn -0.3576 -0.6901 0.6292
vn 0.2716 0.7894 -0.5506
vn 0.0683 -0.3340 0.9401
vn 0.1860 -0.4209 0.8878
vn 0.2366 -0.4797 0.8450
vn -0.6641 -0.7297 0.1632
vn -0.7523 -0.6095 0.2499
vn -0.8118 -0.4418 0.3819
vn -0.7783 -0.2478 0.5768
vn -0.1843 -0.2046 0.9613
vn 0.6136 -0.5297 0.5856
vn -0.5479 0.5207 -0.6547
vn 0.5679 -0.4772 0.6706
vn 0.7316 -0.5767 0.3636
vn -0.6372 0.6248 -0.4513
vn -0.4981 0.4950 -0.7120
vn 0.6714 -0.6706 0.3156
vn -0.5454 0.7494 -0.3754
vn 0.3885 -0.6962 0.6037
vn -0.3086 0.7489 -0.5864
vn 0.4872 -0.5199 0.7017
vn -0.3700 0.5974 -0.7115
vn 0.3915 -0.6155 0.6840
vn -0.2810 0.7214 -0.6329
vn 0.3529 -0.6953 0.6261
vn -0.2718 0.7892 -0.5508
vn -0.1353 -0.4683 0.8731
vn -0.0299 -0.3834 0.9231
vn -0.1693 -0.5313 0.8301
vn 0.6861 -0.6631 0.2993
vn 0.6009 -0.7626 0.2395
vn 0.7539 -0.5183 0.4037
vn 0.7478 -0.3360 0.5726
vn 0.2119 -0.2617 0.9416
vn -0.5393 -0.1397 0.8304
vn 0.1441 -0.9889 0.0354
vn -0.2016 -0.9775 -0.0628
vn 0.3389 -0.8516 0.3999
vn 0.3080 -0.6091 0.7309
vn -0.4381 -0.8989 0.0001
vn -0.5288 -0.8456 0.0726
vn -0.5879 -0.8000 0.1202
vn 0.5451 -0.2170 0.8098
vn 0.2816 -0.9534 0.1082
vn 0.0044 -0.9918 0.1279
vn -0.1899 -0.8898 0.4150
vn -0.2099 -0.6540 0.7268
vn 0.4443 -0.8807 0.1642
vn 0.4899 -0.8470 0.2063
vn 0.5315 -0.8175 0.2217
vn -0.9994 0.0247 -0.0230
vn -1.0000 -0.0078 0.0008
vn -0.7167 0.3141 0.6226
vn -0.7126 0.3585 0.6030
vn -0.0234 0.4568 0.8893
vn -0.0102 0.4823 0.8759
vn 0.6879 0.3360 0.6433
vn 0.6978 0.3251 0.6383
vn 0.9998 0.0157 0.0155
vn 0.9994 -0.0220 0.0283
vn 0.7134 -0.3161 -0.6255
vn 0.7167 -0.3567 -0.5993
vn -0.0015 -0.4573 -0.8893
vn 0.0124 -0.4824 -0.8758
vn -0.7097 -0.3267 -0.6243
vn -0.6997 -0.3241 -0.6367
vn -0.9892 -0.1319 0.0638
vn -0.7079 0.1691 0.6857
vn -0.0306 0.3763 0.9260
vn 0.6723 0.3712 0.6405
vn 0.9889 0.1446 -0.0335
vn 0.6958 -0.1752 -0.6966
vn -0.0259 -0.3839 -0.9230
vn -0.7168 -0.3603 -0.5970
vn -0.9659 -0.2422 0.0914
vn -0.6779 0.0561 0.7330
vn 0.0085 0.3131 0.9497
vn 0.6929 0.3786 0.6136
vn 0.9737 0.2136 -0.0798
vn 0.6850 -0.0856 -0.7235
vn -0.0035 -0.3432 -0.9393
vn -0.6873 -0.4079 -0.6010
vn -0.9967 -0.0696 0.0415
vn -0.9972 -0.0601 0.0438
vn -0.6943 0.2432 0.6773
vn -0.7018 0.2500 0.6670
vn 0.0109 0.4039 0.9148
vn 0.0018 0.4246 0.9054
vn 0.7088 0.3308 0.6231
vn 0.7064 0.3512 0.6145
vn 0.9974 0.0660 -0.0300
vn 0.9967 0.0707 -0.0391
vn 0.7045 -0.2386 -0.6684
vn 0.6983 -0.2518 -0.6701
vn -0.0056 -0.4037 -0.9149
vn -0.0115 -0.4253 -0.9050
vn -0.7136 -0.3294 -0.6184
vn -0.7126 -0.3490 -0.6086
vn -0.9994 -0.0036 0.0341
vn -0.6825 0.2284 0.6942
vn 0.0247 0.3257 0.9452
vn 0.7140 0.2377 0.6586
vn 0.9999 0.0151 -0.0009
vn 0.7145 -0.2178 -0.6649
vn 0.0035 -0.3252 -0.9456
vn -0.7174 -0.2364 -0.6553
vn -0.9997 0.0217 0.0065
vn -0.6983 0.2001 0.6873
vn 0.0115 0.2523 0.9676
vn 0.7139 0.1479 0.6844
vn 0.9986 -0.0521 0.0037
vn 0.6987 -0.2308 -0.6772
vn -0.0113 -0.2832 -0.9590
vn -0.7152 -0.1786 -0.6757
vn -0.5038 -0.3413 0.7935
vn -0.7627 -0.6093 0.2168
vn 0.1328 -0.9365 0.3247
vn 0.1667 -0.9031 0.3958
vn -0.5118 -0.7577 -0.4050
vn 0.1640 -0.9553 0.2462
vn 0.1020 -0.6995 -0.7074
vn 0.2415 -0.9476 0.2093
vn 0.7189 -0.4688 -0.5132
vn 0.3169 -0.9188 0.2353
vn 0.9775 -0.2009 0.0636
vn 0.3466 -0.8867 0.3060
vn 0.7266 -0.0526 0.6850
vn 0.3162 -0.8692 0.3802
vn 0.1131 -0.1108 0.9874
vn 0.2429 -0.8756 0.4175
vn -0.6420 -0.2328 0.7305
vn -0.9116 -0.3931 0.1200
vn -0.1333 -0.9545 0.2667
vn -0.1043 -0.9367 0.3342
vn -0.6563 -0.5727 -0.4912
vn -0.1047 -0.9741 0.2003
vn -0.0257 -0.6664 -0.7451
vn -0.0361 -0.9843 0.1730
vn 0.6109 -0.6194 -0.4931
vn 0.0331 -0.9792 0.2001
vn 0.8806 -0.4591 0.1173
vn 0.0633 -0.9618 0.2664
vn 0.6254 -0.2795 0.7286
vn 0.0359 -0.9419 0.3340
vn -0.0053 -0.1857 0.9826
vn -0.0339 -0.9314 0.3625
vn 0.9659 0.2419 -0.0920
vn 0.6750 -0.0552 -0.7358
vn 0.6861 0.4070 0.6030
vn -0.0002 0.3429 0.9394
vn -0.6881 0.0878 0.7203
vn -0.9751 -0.2078 0.0768
vn -0.6960 -0.3720 -0.6142
vn -0.0137 -0.3089 -0.9510
vn 0.9997 0.0195 -0.0161
vn 0.7000 -0.1600 -0.6960
vn 0.7149 0.2202 0.6636
vn 0.0134 0.3249 0.9457
vn -0.6947 0.2723 0.6657
vn -0.9956 0.0933 -0.0131
vn -0.7120 -0.1077 -0.6938
vn -0.0094 -0.2127 -0.9771
vn -0.7703 0.6033 -0.2065
vn -0.6008 0.7806 0.1721
vn -0.6053 0.5057 -0.6147
vn -0.2025 0.5448 -0.8137
vn 0.2025 0.6978 -0.6870
vn 0.3725 0.8753 -0.3084
vn 0.2075 0.9731 0.1003
vn -0.1959 0.9338 0.2993
vn -0.5687 0.7945 -0.2129
vn -0.3890 0.9006 0.1938
vn -0.3987 0.6754 -0.6203
vn 0.0215 0.6132 -0.7896
vn 0.4456 0.6442 -0.6216
vn 0.6251 0.7504 -0.2147
vn 0.4550 0.8694 0.1925
vn 0.0350 0.9316 0.3617
vn -0.6349 -0.0711 0.7693
vn -0.9198 -0.3684 0.1347
vn -0.5715 -0.7740 0.2727
vn -0.3541 -0.5484 0.7575
vn -0.6432 -0.5324 -0.5503
vn -0.3605 -0.8987 -0.2499
vn 0.0328 -0.4666 -0.8839
vn 0.1553 -0.8495 -0.5043
vn 0.7115 -0.2099 -0.6706
vn 0.6740 -0.6551 -0.3415
vn 0.9955 0.0873 -0.0361
vn 0.8916 -0.4294 0.1434
vn 0.7191 0.2509 0.6481
vn 0.6806 -0.3046 0.6663
vn 0.0440 0.1854 0.9817
vn 0.1645 -0.3540 0.9207
vn -0.6963 0.0702 0.7143
vn -0.9936 -0.1056 0.0406
vn -0.7775 -0.6035 0.1769
vn -0.5504 -0.4689 0.6908
vn -0.7119 -0.3027 -0.6337
vn -0.5626 -0.7545 -0.3378
vn -0.0164 -0.4057 -0.9139
vn -0.0317 -0.8334 -0.5517
vn 0.6857 -0.3543 -0.6358
vn 0.5044 -0.7940 -0.3394
vn 0.9832 -0.1787 0.0376
vn 0.7313 -0.6593 0.1746
vn 0.7017 0.0185 0.7122
vn 0.5164 -0.5083 0.6892
vn 0.0060 0.1216 0.9926
vn -0.0145 -0.4294 0.9030
vn 0.0342 -0.9441 0.3278
vn 0.0942 -0.8811 0.4635
vn 0.0924 -0.9790 0.1816
vn 0.2368 -0.9652 0.1113
vn 0.3818 -0.9110 0.1561
vn 0.4420 -0.8482 0.2919
vn 0.3837 -0.8130 0.4380
vn 0.2394 -0.8272 0.5084
vn -0.2419 -0.9341 0.2624
vn -0.1800 -0.8968 0.4042
vn -0.1833 -0.9757 0.1204
vn -0.0368 -0.9974 0.0621
vn 0.1111 -0.9865 0.1200
vn 0.1730 -0.9495 0.2618
vn 0.1145 -0.9077 0.4038
vn -0.0321 -0.8862 0.4621
vn 0.2435 -0.9167 0.3169
vn -0.0352 -0.9628 0.2680
vn 0.9971 -0.0153 -0.0745
vn 0.6923 -0.5091 0.5114
vn 0.6912 -0.4404 0.5730
vn 0.9968 -0.0344 -0.0717
vn 0.0001 -0.6870 0.7267
vn 0.0003 -0.5873 0.8094
vn -0.6922 -0.5087 0.5118
vn -0.6909 -0.4394 0.5741
vn -0.9972 -0.0147 -0.0739
vn -0.9970 -0.0326 -0.0704
vn -0.6490 0.4506 -0.6130
vn -0.6543 0.3485 -0.6711
vn 0.0001 0.6088 -0.7933
vn -0.0001 0.4792 -0.8777
vn 0.6491 0.4501 -0.6133
vn 0.6542 0.3472 -0.6719
vn 0.6721 -0.3560 0.6493
vn 0.9967 -0.0746 -0.0334
vn 0.0004 -0.4527 0.8916
vn -0.6716 -0.3529 0.6514
vn -0.9971 -0.0697 -0.0305
vn -0.6721 0.2203 -0.7069
vn -0.0003 0.3254 -0.9456
vn 0.6714 0.2168 -0.7087
vn 0.6481 -0.4730 0.5968
vn 0.9940 -0.1092 -0.0001
vn -0.0006 -0.5947 0.8040
vn -0.6492 -0.4672 0.6002
vn -0.9949 -0.1003 0.0047
vn -0.7005 0.2892 -0.6525
vn 0.0003 0.4194 -0.9078
vn 0.7003 0.2833 -0.6552
vn 0.6479 -0.6561 0.3870
vn 0.9955 -0.0909 -0.0282
vn -0.0031 -0.8490 0.5284
vn -0.6528 -0.6485 0.3915
vn -0.9966 -0.0795 -0.0216
vn -0.6938 0.5151 -0.5033
vn 0.0017 0.7188 -0.6952
vn 0.6965 0.5075 -0.5072
vn 0.6551 -0.7341 0.1790
vn 0.9967 -0.0593 -0.0558
vn -0.0049 -0.9650 0.2622
vn -0.6626 -0.7262 0.1833
vn -0.9976 -0.0476 -0.0493
vn -0.6859 0.6646 -0.2966
vn 0.0040 0.9212 -0.3890
vn 0.6915 0.6566 -0.3012
vn 0.6553 -0.7553 0.0141
vn 0.9960 -0.0440 -0.0779
vn -0.0057 -0.9989 0.0475
vn -0.6638 -0.7477 0.0161
vn -0.9967 -0.0329 -0.0746
vn -0.6813 0.7123 -0.1687
vn 0.0047 0.9790 -0.2040
vn 0.6882 0.7050 -0.1713
vn 0.6631 -0.7429 -0.0913
vn 0.9964 -0.0124 -0.0838
vn -0.0049 -0.9958 -0.0918
vn -0.6709 -0.7360 -0.0907
vn -0.9964 -0.0008 -0.0844
vn -0.6695 0.7393 -0.0720
vn 0.0050 0.9979 -0.0652
vn 0.6776 0.7320 -0.0702
vn 0.6552 -0.7513 -0.0794
vn 0.9999 -0.0116 -0.0061
vn -0.0191 -0.9901 -0.1393
vn -0.6748 -0.7186 -0.1681
vn -0.9895 0.0044 -0.1446
vn -0.6777 0.7319 -0.0706
vn -0.0120 0.9999 0.0007
vn 0.6686 0.7430 0.0291
vn 0.6404 -0.7674 -0.0300
vn 0.9745 -0.0639 0.2152
vn 0.0160 -0.9618 -0.2733
vn -0.6023 -0.6766 -0.4236
vn -0.9237 0.0231 -0.3824
vn -0.6743 0.7251 -0.1395
vn -0.0540 0.9906 0.1255
vn 0.6329 0.7227 0.2777
vn 0.6688 -0.7433 -0.0142
vn 0.8678 -0.1370 0.4777
vn 0.1662 -0.8614 -0.4799
vn -0.3919 -0.5391 -0.7455
vn -0.7570 0.1338 -0.6396
vn -0.6386 0.7520 -0.1635
vn -0.1388 0.9303 0.3395
vn 0.4866 0.6129 0.6226
vn 0.7241 -0.6896 -0.0124
vn 0.7465 -0.2154 0.6296
vn 0.3448 -0.7210 -0.6010
vn -0.1779 -0.3711 -0.9114
vn -0.6226 0.2499 -0.7416
vn -0.6547 0.7474 -0.1131
vn -0.2790 0.8076 0.5195
vn 0.2897 0.4448 0.8475
vn 0.8008 -0.5981 -0.0315
vn 0.6849 -0.2637 0.6793
vn 0.5015 -0.5535 -0.6649
vn -0.0210 -0.2056 -0.9784
vn -0.5569 0.3260 -0.7639
vn -0.7235 0.6877 -0.0605
vn -0.4326 0.6528 0.6219
vn 0.1321 0.2852 0.9493
vn 0.8395 -0.5422 -0.0353
vn 0.6089 -0.3392 0.7171
vn 0.6080 -0.3927 -0.6900
vn 0.0966 -0.0137 -0.9952
vn -0.4935 0.4391 -0.7508
vn -0.7566 0.6531 -0.0322
vn -0.5535 0.5175 0.6526
vn -0.0199 0.1343 0.9907
vn 0.7596 -0.6492 -0.0392
vn 0.4398 -0.5177 0.7339
vn 0.6257 -0.3518 -0.6963
vn 0.1994 0.1541 -0.9677
vn -0.3483 0.6341 -0.6903
vn -0.6563 0.7544 0.0109
vn -0.5662 0.4931 0.6605
vn -0.1562 0.0061 0.9877
vn 0.4768 -0.8700 -0.1258
vn 0.1411 -0.7264 0.6726
vn 0.5109 -0.4302 -0.7442
vn 0.3079 0.2400 -0.9207
vn -0.0528 0.8237 -0.5646
vn -0.3486 0.9284 0.1287
vn -0.4130 0.5641 0.7150
vn -0.2430 -0.0611 0.9681
vn 0.3018 -0.9401 -0.1586
vn 0.0409 -0.8098 0.5853
vn 0.4881 -0.5175 -0.7028
vn 0.5336 0.1830 -0.8257
vn 0.3924 0.8252 -0.4064
vn 0.1362 0.9413 0.3089
vn -0.0604 0.5377 0.8410
vn -0.1097 -0.1451 0.9833
vn 0.6793 -0.7312 0.0631
vn 0.5002 -0.6561 0.5652
vn 0.8329 -0.4515 -0.3199
vn 0.9276 0.0346 -0.3720
vn 0.8705 0.4843 -0.0872
vn 0.7200 0.5526 0.4198
vn 0.5428 0.2805 0.7917
vn 0.4727 -0.2053 0.8570
vn 0.9382 -0.1227 0.3235
vn -0.3355 0.7675 0.5463
vn -0.0152 0.2806 0.9597
vn 0.2806 -0.0241 0.9595
vn -0.0332 0.4519 0.8915
vn 0.0504 0.2421 0.9689
vn 0.3352 -0.0292 0.9417
vn 0.7096 -0.2666 0.6523
vn 0.6925 -0.2151 0.6886
vn 0.4691 0.2197 0.8554
vn 0.9064 -0.1076 0.4085
vn 0.4840 0.3248 0.8125
vn 0.9059 -0.2288 0.3565
vn 0.9614 -0.0562 0.2695
vn 0.9078 0.1040 0.4064
vn 0.3335 0.3707 0.8668
vn 0.1290 -0.9371 -0.3243
vn 0.0505 -0.8566 -0.5135
vn 0.0219 -0.5165 -0.8560
vn -0.1034 -0.7960 -0.5964
vn -0.0136 -0.7667 -0.6418
vn 0.1474 0.8544 0.4983
vn 0.0369 -0.3543 0.9344
vn 0.8280 -0.5503 0.1077
vn -0.2717 -0.1264 -0.9540
vn -0.3935 0.1616 -0.9050
vn -0.2471 0.0448 -0.9680
vn 0.5511 -0.7863 0.2794
vn 0.2891 -0.9546 0.0720
vn 0.0121 -0.9965 -0.0825
vn 0.3161 -0.9235 0.2172
vn -0.4166 -0.6994 -0.5807
vn -0.2717 -0.9511 -0.1470
vn 0.8795 -0.4569 0.1333
vn 0.7574 -0.5831 0.2939
vn 0.5743 -0.7892 0.2177
vn 0.7208 -0.6892 0.0737
vn -0.0382 -0.9970 -0.0674
vn 0.0992 -0.9947 -0.0268
vn 0.9152 0.2220 0.3363
vn 0.4115 0.3115 0.8565
vn 0.9789 0.1136 0.1699
vn 0.9643 0.2647 -0.0035
vn 0.9347 0.3234 0.1473
vn 0.5801 0.2722 0.7678
vn 0.7596 -0.6400 -0.1156
vn 0.9029 -0.4217 -0.0833
vn 0.1328 -0.9909 -0.0237
vn 0.1222 -0.9922 0.0229
vn 0.7181 -0.6632 -0.2110
vn 0.8781 -0.4423 -0.1824
vn 0.8682 0.4946 -0.0397
vn 0.6487 0.3883 0.6546
vn 0.8822 0.4075 -0.2359
vn 0.6353 0.5644 -0.5272
vn 0.6329 0.7422 -0.2203
vn 0.4947 0.6677 0.5563
vn 0.6076 -0.7511 -0.2582
vn 0.8187 -0.4952 -0.2907
vn 0.0390 -0.9865 0.1591
vn -0.0202 -0.9385 0.3448
vn 0.4401 -0.8494 -0.2913
vn 0.6605 -0.5639 -0.4957
vn 0.2937 0.8869 -0.3566
vn 0.2198 0.8684 0.4444
vn 0.2928 0.6303 -0.7191
vn -0.0000 0.6318 -0.7751
vn -0.0000 0.9142 -0.4052
vn -0.0000 0.9252 0.3795
vn 0.2497 -0.9248 -0.2869
vn 0.3992 -0.6349 -0.6614
vn -0.0228 -0.8651 0.5011
vn -0.0000 -0.8317 0.5552
vn -0.0001 -0.9579 -0.2872
vn -0.0000 -0.6768 -0.7362
vn 0.2541 -0.3676 0.8946
vn 0.1172 -0.4552 0.8827
vn 0.1733 -0.9494 0.2620
vn 0.2914 -0.8902 0.3502
vn -0.0000 -0.5048 0.8632
vn -0.0012 -0.9635 0.2677
vn 0.6680 -0.2226 0.7101
vn 0.4499 -0.2982 0.8418
vn 0.4695 -0.7266 0.5016
vn 0.6837 -0.4771 0.5522
vn 0.9520 -0.1466 0.2687
vn 0.8481 -0.1777 0.4992
vn 0.8373 -0.2656 0.4779
vn 0.9459 -0.1836 0.2675
vn 0.9896 -0.0450 -0.1368
vn 0.9926 -0.1113 0.0488
vn 0.9813 -0.1922 0.0128
vn 0.9664 -0.2048 -0.1554
vn 0.6993 0.0015 -0.7148
vn 0.9183 -0.0039 -0.3959
vn 0.9084 -0.2116 -0.3607
vn 0.7218 -0.2193 -0.6565
vn 0.1254 0.1070 0.9863
vn 0.3720 -0.0320 0.9277
vn 0.6912 -0.2193 0.6886
vn 0.8874 -0.2587 0.3815
vn 0.9643 -0.1699 0.2033
vn 0.9975 -0.0350 0.0618
vn 0.9882 0.1095 -0.1075
vn 0.9073 0.1943 -0.3728
vn 0.6694 0.2275 -0.7072
vn 0.3278 0.2263 -0.9173
vn 0.3735 0.0038 -0.9276
vn -0.0000 0.0079 -1.0000
vn -0.0000 0.2217 -0.9751
vn -0.0696 0.4446 0.8930
vn -0.0378 0.3587 0.9327
vn -0.2859 0.8871 0.3623
vn -0.0002 0.9185 0.3954
vn 0.0001 0.4767 0.8791
vn -0.0000 0.3698 0.9291
vn 0.4165 -0.2247 -0.8810
vn -0.0000 -0.2335 -0.9723
vn 0.0112 0.1275 0.9918
vn -0.0000 0.0912 0.9958
vn -0.0452 -0.3540 -0.9342
vn -0.0389 -0.3759 -0.9259
vn 0.2133 -0.9250 -0.3143
vn 0.0898 -0.9930 0.0770
vn 0.3367 0.7690 0.5434
vn 0.0377 0.4568 0.8888
vn -0.2797 -0.0215 0.9598
vn 0.0158 0.2825 0.9591
vn -0.4665 0.2210 0.8565
vn -0.6916 -0.2130 0.6901
vn -0.7096 -0.2666 0.6523
vn -0.3352 -0.0292 0.9417
vn -0.0504 0.2421 0.9689
vn -0.4852 0.3243 0.8120
vn -0.9061 -0.1075 0.4092
vn -0.3347 0.3705 0.8664
vn -0.9081 0.1037 0.4057
vn -0.9614 -0.0562 0.2695
vn -0.9059 -0.2288 0.3565
vn -0.1290 -0.9371 -0.3243
vn 0.1041 -0.8015 -0.5888
vn -0.0270 -0.5347 -0.8446
vn -0.0473 -0.8507 -0.5236
vn 0.2567 0.0393 -0.9657
vn 0.3665 0.1273 -0.9217
vn 0.2980 -0.1799 -0.9375
vn -0.7877 -0.5371 0.3017
vn -0.5511 -0.7863 0.2794
vn -0.3179 -0.9227 0.2181
vn -0.0155 -0.9968 -0.0781
vn -0.2891 -0.9546 0.0720
vn 0.2675 -0.9529 -0.1432
vn 0.4199 -0.7078 -0.5681
vn -0.8795 -0.4569 0.1333
vn -0.7209 -0.6891 0.0737
vn -0.5748 -0.7888 0.2178
vn -0.7574 -0.5831 0.2939
vn -0.1001 -0.9946 -0.0267
vn 0.0364 -0.9971 -0.0662
vn -0.4115 0.3115 0.8565
vn -0.9152 0.2221 0.3363
vn -0.5792 0.2719 0.7685
vn -0.9347 0.3235 0.1474
vn -0.9643 0.2647 -0.0035
vn -0.9789 0.1136 0.1699
vn -0.9029 -0.4217 -0.0833
vn -0.7596 -0.6400 -0.1158
vn -0.8781 -0.4423 -0.1824
vn -0.7179 -0.6633 -0.2112
vn -0.1213 -0.9923 0.0232
vn -0.1332 -0.9908 -0.0239
vn -0.6481 0.3881 0.6552
vn -0.8682 0.4946 -0.0395
vn -0.4946 0.6675 0.5567
vn -0.6329 0.7422 -0.2203
vn -0.6353 0.5644 -0.5272
vn -0.8822 0.4075 -0.2359
vn -0.8187 -0.4952 -0.2907
vn -0.6072 -0.7514 -0.2581
vn -0.6605 -0.5639 -0.4957
vn -0.4399 -0.8497 -0.2909
vn 0.0215 -0.9374 0.3475
vn -0.0372 -0.9862 0.1610
vn -0.2198 0.8684 0.4445
vn -0.2937 0.8869 -0.3566
vn -0.2928 0.6303 -0.7191
vn -0.3992 -0.6349 -0.6614
vn -0.2498 -0.9249 -0.2866
vn 0.0231 -0.8644 0.5023
vn -0.2541 -0.3676 0.8946
vn -0.2915 -0.8902 0.3502
vn -0.1727 -0.9497 0.2611
vn -0.1172 -0.4552 0.8827
vn -0.6680 -0.2226 0.7101
vn -0.6837 -0.4771 0.5522
vn -0.4695 -0.7266 0.5016
vn -0.4499 -0.2982 0.8418
vn -0.9520 -0.1466 0.2687
vn -0.9459 -0.1836 0.2675
vn -0.8373 -0.2656 0.4779
vn -0.8481 -0.1777 0.4992
vn -0.9896 -0.0450 -0.1368
vn -0.9664 -0.2048 -0.1554
vn -0.9813 -0.1922 0.0128
vn -0.9926 -0.1113 0.0488
vn -0.6993 0.0015 -0.7148
vn -0.7218 -0.2193 -0.6565
vn -0.9084 -0.2116 -0.3607
vn -0.9183 -0.0039 -0.3959
vn -0.3720 -0.0320 0.9277
vn -0.1254 0.1070 0.9863
vn -0.6912 -0.2193 0.6886
vn -0.8874 -0.2587 0.3815
vn -0.9643 -0.1699 0.2033
vn -0.9975 -0.0350 0.0618
vn -0.9882 0.1095 -0.1075
vn -0.9073 0.1943 -0.3728
vn -0.6694 0.2275 -0.7072
vn -0.3278 0.2263 -0.9173
vn -0.3735 0.0038 -0.9276
vn 0.0378 0.3587 0.9327
vn 0.0693 0.4446 0.8930
vn 0.2860 0.8866 0.3634
vn -0.4165 -0.2247 -0.8810
vn -0.0112 0.1275 0.9918
vn -0.2322 -0.8683 -0.4384
vn -0.0139 -0.2740 -0.9616
vn -0.3512 0.1711 -0.9206
vn -0.0492 -0.1563 -0.9865
vn -0.3752 0.4604 -0.8045
vn -0.6399 0.6856 -0.3472
vn -0.3339 0.0416 -0.9417
vn -0.0144 -0.3397 -0.9404
vn -0.7555 0.3338 -0.5637
vn -0.7116 0.2758 -0.6461
vn -0.7319 0.6034 0.3166
vn -0.9346 0.1550 -0.3202
vn -0.8309 0.4147 0.3711
vn -0.9088 0.2296 -0.3483
vn -0.9350 -0.0724 -0.3473
vn -0.9619 0.0611 -0.2664
vn -0.9618 0.1556 0.2253
vn -0.1176 0.5951 0.7950
vn 0.0667 -0.2599 0.9633
vn 0.2557 0.2114 0.9434
vn 0.0553 0.7781 0.6257
vn 0.2407 0.8642 -0.4418
vn 0.0025 -0.2575 0.9663
vn 0.6017 -0.1454 0.7854
vn 0.0273 -0.6006 -0.7991
vn -0.4058 0.8785 0.2521
vn -0.5782 0.8100 0.0977
vn -0.2195 0.9745 0.0464
vn -0.0237 0.9982 0.0544
vn 0.2275 0.7018 0.6751
vn -0.5336 0.7961 -0.2855
vn -0.3215 0.9121 -0.2544
vn -0.3484 0.7742 -0.5284
vn -0.6789 0.3337 -0.6541
vn -0.5840 0.7760 -0.2382
vn -0.7532 0.5847 -0.3013
vn -0.8794 0.4562 -0.1361
vn -0.7320 0.6770 -0.0763
vn -0.8435 0.1469 -0.5166
vn -0.9762 0.0668 -0.2063
vn -0.9313 -0.2102 -0.2976
vn -0.9474 -0.0519 0.3158
vn -0.9783 -0.1138 -0.1731
vn -0.9410 -0.3142 -0.1258
vn -0.9645 -0.2641 0.0009
vn -0.8233 -0.2168 0.5246
vn -0.7720 0.6240 0.1207
vn -0.9024 0.4219 0.0881
vn -0.9858 0.0052 0.1679
vn -0.7297 0.6475 0.2196
vn -0.8963 0.0242 0.4427
vn -0.8781 0.4431 0.1802
vn -0.8734 -0.4845 0.0488
vn -0.6202 -0.3427 0.7056
vn -0.8856 -0.4039 0.2292
vn -0.6362 -0.7379 0.2253
vn -0.6369 -0.5639 0.5257
vn -0.4169 -0.3880 0.8220
vn -0.6170 0.7400 0.2679
vn -0.8209 0.4949 0.2849
vn -0.7354 0.1913 0.6501
vn -0.4435 0.8440 0.3016
vn -0.5102 0.4133 0.7542
vn -0.6624 0.5642 0.4929
vn -0.2922 -0.8858 0.3605
vn -0.2565 -0.4467 0.8571
vn -0.2902 -0.6306 0.7199
vn -0.0000 -0.9130 0.4080
vn -0.0000 -0.6320 0.7750
vn 0.0001 -0.4777 0.8785
vn -0.2491 0.9236 0.2915
vn -0.4028 0.6354 0.6588
vn -0.2649 0.5985 0.7560
vn 0.0001 0.9580 0.2866
vn 0.0001 0.6787 0.7345
vn -0.0000 0.6784 0.7347
vn 0.1789 -0.7410 0.6473
vn 0.1678 -0.7590 0.6291
vn 0.3840 -0.8539 0.3511
vn 0.4223 -0.5249 0.7391
vn -0.0019 -0.8584 0.5130
vn -0.0000 -0.6757 0.7372
vn -0.4655 0.4648 -0.7532
vn 0.0924 -0.7495 -0.6555
vn -0.6507 0.0609 -0.7569
vn -0.6497 0.0808 -0.7558
vn -0.8399 0.2245 -0.4941
vn -0.8499 0.1616 -0.5015
vn -0.9520 0.1386 -0.2730
vn -0.9479 0.1737 -0.2672
vn -0.9821 0.1877 -0.0160
vn -0.9926 0.1111 -0.0485
vn -0.9900 0.0459 0.1335
vn -0.9673 0.2033 0.1516
vn -0.9107 0.2092 0.3562
vn -0.9202 0.0046 0.3915
vn -0.6992 -0.0009 0.7150
vn -0.7237 0.2144 0.6560
vn -0.3438 -0.0623 -0.9370
vn 0.1270 -0.7557 -0.6425
vn -0.6967 0.2359 -0.6775
vn -0.8879 0.2559 -0.3823
vn -0.9633 0.1731 -0.2051
vn -0.9974 0.0404 -0.0599
vn -0.9886 -0.1068 0.1057
vn -0.9102 -0.1909 0.3676
vn -0.6711 -0.2227 0.7072
vn -0.3257 -0.2200 0.9195
vn -0.3723 -0.0049 0.9281
vn -0.0000 -0.2155 0.9765
vn -0.0000 -0.0101 0.9999
vn 0.0229 -0.3216 -0.9466
vn 0.0867 -0.6191 -0.7805
vn -0.2075 0.3161 -0.9258
vn -0.0000 -0.3415 -0.9399
vn -0.0000 0.3326 -0.9431
vn -0.0000 -0.6939 -0.7200
vn -0.4190 0.2133 0.8826
vn -0.0000 0.2191 0.9757
vn 0.1944 -0.9796 0.0504
vn -0.0000 -0.9739 0.2272
vn 0.1753 -0.4535 0.8738
vn -0.6741 0.6965 0.2461
vn 0.1241 -0.9648 -0.2319
vn -0.0794 -0.9957 -0.0483
vn 0.3526 0.1732 -0.9196
vn 0.6400 0.6877 -0.3428
vn 0.3769 0.4637 -0.8019
vn 0.0499 -0.1547 -0.9867
vn 0.7570 0.3358 -0.5605
vn 0.7298 0.6043 0.3198
vn 0.3339 0.0416 -0.9417
vn 0.7116 0.2758 -0.6461
vn 0.0144 -0.3397 -0.9404
vn 0.9348 0.1551 -0.3195
vn 0.8312 0.4144 0.3706
vn 0.9347 -0.0727 -0.3478
vn 0.9623 0.1547 0.2237
vn 0.9088 0.2296 -0.3483
vn 0.9619 0.0611 -0.2664
vn 0.1507 0.5721 0.8062
vn -0.0584 0.7759 0.6281
vn -0.2558 0.2111 0.9434
vn -0.0678 -0.2518 0.9654
vn 0.4451 0.8381 0.3156
vn 0.2212 0.9746 0.0361
vn -0.7697 0.6239 0.1352
vn 0.5244 0.8292 0.1936
vn 0.0214 0.9982 0.0568
vn 0.3204 0.9125 -0.2542
vn 0.5336 0.7961 -0.2855
vn -0.2273 0.7019 0.6750
vn 0.3442 0.7772 -0.5268
vn 0.6789 0.3352 -0.6532
vn 0.5839 0.7762 -0.2379
vn 0.7319 0.6771 -0.0764
vn 0.8794 0.4562 -0.1361
vn 0.7532 0.5847 -0.3013
vn 0.8439 0.1472 -0.5160
vn 0.9764 0.0683 -0.2050
vn 0.9310 -0.2105 -0.2983
vn 0.9481 -0.0527 0.3135
vn 0.9408 -0.3144 -0.1264
vn 0.8246 -0.2175 0.5223
vn 0.9783 -0.1138 -0.1731
vn 0.9645 -0.2641 0.0009
vn 0.7721 0.6239 0.1206
vn 0.9024 0.4219 0.0881
vn 0.7298 0.6473 0.2199
vn 0.8781 0.4431 0.1802
vn 0.9856 0.0036 0.1689
vn 0.8959 0.0227 0.4437
vn 0.8735 -0.4845 0.0485
vn 0.6216 -0.3434 0.7041
vn 0.6362 -0.7379 0.2252
vn 0.4172 -0.3882 0.8217
vn 0.8856 -0.4039 0.2292
vn 0.6369 -0.5639 0.5257
vn 0.6169 0.7399 0.2681
vn 0.8209 0.4949 0.2849
vn 0.4434 0.8440 0.3016
vn 0.6624 0.5642 0.4929
vn 0.7349 0.1915 0.6506
vn 0.5100 0.4137 0.7542
vn 0.2922 -0.8858 0.3606
vn 0.2566 -0.4468 0.8571
vn 0.2902 -0.6306 0.7199
vn 0.2491 0.9236 0.2914
vn 0.4028 0.6354 0.6588
vn 0.2648 0.5992 0.7555
vn -0.1776 -0.7432 0.6451
vn -0.4224 -0.5253 0.7386
vn -0.3840 -0.8539 0.3512
vn -0.1678 -0.7589 0.6292
vn 0.4655 0.4657 -0.7526
vn 0.6497 0.0808 -0.7558
vn 0.6507 0.0609 -0.7569
vn -0.0924 -0.7495 -0.6555
vn 0.8399 0.2245 -0.4941
vn 0.9479 0.1737 -0.2672
vn 0.9520 0.1386 -0.2730
vn 0.8499 0.1616 -0.5015
vn 0.9821 0.1877 -0.0160
vn 0.9673 0.2033 0.1516
vn 0.9900 0.0459 0.1335
vn 0.9926 0.1111 -0.0485
vn 0.9107 0.2092 0.3562
vn 0.7237 0.2144 0.6560
vn 0.6992 -0.0009 0.7150
vn 0.9202 0.0046 0.3915
vn 0.3438 -0.0623 -0.9370
vn -0.1270 -0.7557 -0.6425
vn 0.6967 0.2359 -0.6775
vn 0.8879 0.2559 -0.3823
vn 0.9633 0.1731 -0.2051
vn 0.9974 0.0404 -0.0599
vn 0.9886 -0.1068 0.1057
vn 0.9102 -0.1909 0.3676
vn 0.6711 -0.2227 0.7072
vn 0.3257 -0.2200 0.9195
vn 0.3723 -0.0049 0.9281
vn -0.0226 -0.3207 -0.9469
vn -0.0867 -0.6191 -0.7805
vn 0.2078 0.3173 -0.9253
vn 0.4190 0.2133 0.8826
vn -0.1944 -0.9796 0.0504
vn 0.0148 -0.7214 0.6923
vn 0.8968 0.1724 0.4074
vn -0.4866 0.7960 0.3600
vn -0.5044 0.8488 -0.1583
vn -0.2829 0.6015 0.7471
vn -0.2726 0.5110 0.8152
vn -0.4306 0.3910 0.8135
vn -0.5973 0.5070 -0.6214
vn -0.5110 0.6659 -0.5436
vn -0.4245 0.5625 -0.7095
vn -0.5382 0.0332 -0.8422
vn -0.6688 -0.4257 -0.6095
vn -0.6563 -0.6139 -0.4386
vn -0.6928 -0.6969 -0.1854
vn -0.4001 0.1935 0.8958
vn -0.1925 0.0324 0.9808
vn -0.6745 -0.7293 0.1144
vn -0.5940 -0.7182 0.3623
vn -0.0019 0.0153 0.9999
vn 0.0210 0.1589 0.9871
vn -0.5052 -0.6171 0.6034
vn -0.3858 -0.4339 0.8141
vn -0.0387 0.2773 0.9600
vn -0.0000 0.3007 0.9537
vn -0.2157 -0.2430 0.9457
vn 0.0003 -0.1578 0.9875
vn -0.3576 0.8570 -0.3712
vn -0.0003 0.9129 -0.4082
vn 0.1048 -0.1071 -0.9887
vn -0.6800 0.2299 -0.6962
vn 0.5050 0.8486 -0.1578
vn 0.4871 0.7963 0.3588
vn 0.2833 0.6024 0.7462
vn 0.2718 0.5111 0.8154
vn 0.4309 0.3906 0.8135
vn 0.4325 0.5483 -0.7158
vn 0.5139 0.6654 -0.5414
vn 0.6023 0.5093 -0.6147
vn 0.6694 -0.4278 -0.6074
vn 0.5453 0.0214 -0.8379
vn 0.6925 -0.6975 -0.1843
vn 0.6559 -0.6153 -0.4373
vn 0.4015 0.1928 0.8953
vn 0.1951 0.0316 0.9803
vn 0.5936 -0.7180 0.3635
vn 0.6738 -0.7298 0.1154
vn 0.0039 0.0143 0.9999
vn -0.0203 0.1583 0.9872
vn 0.3865 -0.4316 0.8151
vn 0.5056 -0.6154 0.6047
vn 0.0388 0.2771 0.9601
vn 0.2164 -0.2416 0.9459
vn 0.3582 0.8570 -0.3704
vn 0.6111 0.2599 -0.7477
vn 0.6243 -0.0480 0.7797
vn 0.6877 -0.3233 0.6501
vn 0.9956 -0.0849 -0.0396
vn 0.9973 0.0533 0.0497
vn 0.6877 0.2902 -0.6655
vn 0.6234 0.5703 -0.5349
vn 0.6218 0.7205 0.3070
vn 0.5085 0.3798 0.7728
vn 0.6198 0.7572 -0.2063
vn 0.5052 -0.8146 0.2850
vn 0.6360 -0.6994 -0.3261
vn 0.5052 -0.3053 -0.8072
vn -0.9956 -0.0849 -0.0396
vn -0.6877 -0.3233 0.6501
vn -0.6243 -0.0480 0.7797
vn -0.9973 0.0533 0.0497
vn -0.6234 0.5703 -0.5349
vn -0.6877 0.2902 -0.6655
vn -0.6218 0.7205 0.3070
vn -0.5085 0.3798 0.7728
vn -0.6198 0.7572 -0.2063
vn -0.6360 -0.6994 -0.3261
vn -0.5052 -0.8146 0.2850
vn -0.5052 -0.3053 -0.8072
vn 0.6243 0.5174 0.5853
vn 0.6877 0.2310 0.6883
vn 0.9956 -0.0881 0.0321
vn 0.9973 0.0729 -0.0025
vn 0.6877 -0.2654 -0.6758
vn 0.6234 0.0251 -0.7815
vn 0.6218 0.7265 -0.2924
vn 0.5085 0.8150 0.2779
vn 0.6198 0.3895 -0.6813
vn 0.5052 -0.3745 0.7775
vn 0.6360 -0.7252 0.2639
vn 0.5052 -0.7866 -0.3549
vn -0.9956 -0.0881 0.0321
vn -0.6877 0.2310 0.6883
vn -0.6243 0.5174 0.5853
vn -0.9973 0.0729 -0.0025
vn -0.6234 0.0251 -0.7815
vn -0.6877 -0.2654 -0.6758
vn -0.6218 0.7265 -0.2924
vn -0.5085 0.8150 0.2779
vn -0.6198 0.3895 -0.6813
vn -0.6360 -0.7252 0.2639
vn -0.5052 -0.3745 0.7775
vn -0.5052 -0.7866 -0.3549
vn 0.6243 0.6864 0.3730
vn 0.6877 0.4525 0.5677
vn 0.9956 -0.0718 0.0602
vn 0.9973 0.0676 -0.0273
vn 0.6877 -0.4805 -0.5442
vn 0.6234 -0.2438 -0.7430
vn 0.6218 0.5827 -0.5232
vn 0.5085 0.8609 -0.0176
vn 0.6198 0.1330 -0.7734
vn 0.5052 -0.0860 0.8587
vn 0.6360 -0.5912 0.4960
vn 0.5052 -0.8606 -0.0644
vn -0.9956 -0.0718 0.0602
vn -0.6877 0.4525 0.5677
vn -0.6243 0.6864 0.3730
vn -0.9973 0.0676 -0.0273
vn -0.6234 -0.2438 -0.7430
vn -0.6877 -0.4805 -0.5442
vn -0.6218 0.5827 -0.5232
vn -0.5085 0.8609 -0.0176
vn -0.6198 0.1330 -0.7734
vn -0.6360 -0.5912 0.4960
vn -0.5052 -0.0860 0.8587
vn -0.5052 -0.8606 -0.0644
vn -0.6286 -0.5888 -0.5081
vn -0.6911 -0.6865 -0.2260
vn -0.9963 -0.0253 0.0827
vn -0.9977 0.0050 -0.0681
vn -0.6861 0.6824 0.2520
vn -0.6226 0.7818 -0.0350
vn -0.6211 0.2854 -0.7299
vn -0.5191 -0.2847 -0.8059
vn -0.6199 0.6765 -0.3975
vn -0.5130 -0.7688 0.3818
vn -0.6414 -0.2509 0.7250
vn -0.5088 0.3673 0.7786
vn 0.9960 -0.0325 0.0827
vn 0.6861 -0.6915 -0.2260
vn 0.6243 -0.5934 -0.5081
vn 0.9977 -0.0022 -0.0681
vn 0.6282 0.7772 -0.0350
vn 0.6911 0.6774 0.2520
vn 0.6232 0.2809 -0.7299
vn 0.5170 -0.2884 -0.8059
vn 0.6248 0.6720 -0.3975
vn 0.6395 -0.2555 0.7250
vn 0.5074 -0.7725 0.3818
vn 0.5115 0.3636 0.7786
vn -0.6251 0.2407 -0.7425
vn -0.6910 -0.0562 -0.7207
vn -0.9972 -0.0746 0.0084
vn -0.9968 0.0760 -0.0235
vn -0.6864 0.0465 0.7257
vn -0.6194 0.3487 0.7034
vn -0.6121 0.7903 -0.0275
vn -0.5112 0.6334 -0.5810
vn -0.6132 0.6399 0.4632
vn -0.5198 -0.6490 -0.5555
vn -0.6502 -0.7577 0.0559
vn -0.5160 -0.5637 0.6449
vn 0.9950 -0.1003 0.0040
vn 0.6861 -0.0740 -0.7237
vn 0.6278 0.2246 -0.7453
vn 0.9983 0.0502 -0.0279
vn 0.6313 0.3325 0.7006
vn 0.6906 0.0287 0.7226
vn 0.6321 0.7743 -0.0302
vn 0.5248 0.6200 -0.5833
vn 0.6315 0.6238 0.4605
vn 0.6307 -0.7743 0.0530
vn 0.5004 -0.6622 -0.5578
vn 0.5042 -0.5769 0.6426
vn -0.2482 0.4102 -0.8775
vn -0.2475 0.1171 -0.9618
vn -0.8424 -0.1540 -0.5164
vn -0.8615 -0.0016 -0.5078
vn -0.9341 -0.2396 0.2645
vn -0.9348 0.0587 0.3502
vn -0.6915 0.7066 -0.1501
vn -0.3141 0.7401 -0.5946
vn -0.8847 0.4100 0.2216
vn -0.0425 -0.4816 -0.8754
vn -0.4117 -0.7870 -0.4595
vn -0.6123 -0.7777 0.1424
vn 0.8743 -0.0154 0.4851
vn 0.9392 0.2130 -0.2695
vn 0.8314 0.4974 -0.2477
vn 0.8579 0.1372 0.4952
vn 0.1430 0.1457 0.9789
vn 0.2526 -0.1438 0.9568
vn 0.3807 0.7931 0.4754
vn 0.5787 0.8122 -0.0738
vn 0.1879 0.4967 0.8474
vn 0.6920 -0.6979 0.1844
vn 0.8367 -0.4106 -0.3625
vn 0.2668 -0.7067 0.6553
vn -0.0700 0.7686 -0.6359
vn 0.0441 0.5603 -0.8271
vn -0.5516 0.0400 -0.8332
vn -0.6168 0.1641 -0.7698
vn -0.8543 -0.4379 -0.2802
vn -0.9704 -0.2258 -0.0856
vn -0.7863 0.6076 -0.1119
vn -0.3163 0.9011 -0.2967
vn -0.9892 0.1453 -0.0194
vn 0.3797 0.0257 -0.9248
vn 0.0068 -0.4852 -0.8744
vn -0.3659 -0.8027 -0.4709
vn 0.6406 -0.1658 0.7497
vn 0.8683 0.4181 0.2671
vn 0.6798 0.6392 0.3596
vn 0.5772 -0.0420 0.8155
vn -0.2219 -0.3550 0.9082
vn -0.0301 -0.5801 0.8140
vn -0.0417 0.4791 0.8768
vn 0.3037 0.7941 0.5265
vn -0.2443 0.0168 0.9696
vn 0.7734 -0.6175 0.1433
vn 0.9903 -0.0797 -0.1141
vn 0.2447 -0.9081 0.3398
vn 0.0211 0.8632 -0.5044
vn 0.2021 0.6986 -0.6864
vn -0.3149 0.1546 -0.9365
vn -0.4068 0.2618 -0.8752
vn -0.7016 -0.4293 -0.5688
vn -0.8857 -0.2617 -0.3835
vn -0.7872 0.5724 -0.2294
vn -0.3176 0.9199 -0.2300
vn -0.9590 0.0904 -0.2688
vn 0.6042 0.2093 -0.7688
vn 0.2854 -0.3228 -0.9024
vn -0.1457 -0.7268 -0.6712
vn 0.4350 -0.2586 0.8625
vn 0.7205 0.4130 0.5571
vn 0.4927 0.6034 0.6270
vn 0.3443 -0.1520 0.9265
vn -0.4149 -0.5211 0.7459
vn -0.1832 -0.7149 0.6748
vn -0.3188 0.3144 0.8942
vn 0.0724 0.7050 0.7055
vn -0.4904 -0.1677 0.8552
vn 0.7675 -0.5884 0.2542
vn 0.9883 -0.0023 0.1525
vn 0.2383 -0.9384 0.2501
vn 0.3278 0.7664 -0.5525
vn 0.5084 0.5476 -0.6645
vn -0.0354 0.0787 -0.9963
vn -0.1144 0.2084 -0.9713
vn -0.6159 -0.3675 -0.6969
vn -0.7996 -0.1449 -0.5828
vn -0.5660 0.6701 -0.4802
vn -0.0476 0.9218 -0.3848
vn -0.8218 0.2271 -0.5226
vn 0.8044 -0.0139 -0.5939
vn 0.4220 -0.4915 -0.7618
vn -0.1287 -0.7734 -0.6207
vn 0.1450 -0.2122 0.9664
vn 0.6331 0.3465 0.6922
vn 0.4413 0.5834 0.6819
vn 0.0663 -0.0830 0.9943
vn -0.6863 -0.3275 0.6494
vn -0.4912 -0.5686 0.6598
vn -0.4534 0.4884 0.7456
vn 0.0462 0.7705 0.6358
vn -0.7091 0.0453 0.7037
vn 0.5380 -0.6786 0.5001
vn 0.8968 -0.1629 0.4113
vn -0.0363 -0.9224 0.3845
vn 0.6213 0.6111 -0.4904
vn 0.7589 0.3460 -0.5516
vn 0.1945 -0.0045 -0.9809
vn 0.1480 0.1422 -0.9787
vn -0.5303 -0.2677 -0.8045
vn -0.6702 0.0022 -0.7421
vn -0.2620 0.7418 -0.6173
vn 0.2719 0.8675 -0.4166
vn -0.6083 0.3723 -0.7010
vn 0.8794 -0.2620 -0.3974
vn 0.4309 -0.6454 -0.6307
vn -0.1906 -0.7713 -0.6073
vn -0.1192 -0.1538 0.9809
vn 0.5421 0.2428 0.8045
vn 0.4241 0.5172 0.7434
vn -0.1661 -0.0073 0.9861
vn -0.8672 -0.0915 0.4895
vn -0.7471 -0.3709 0.5516
vn -0.4580 0.6486 0.6080
vn 0.1088 0.7898 0.6036
vn -0.8043 0.2790 0.5247
vn 0.2292 -0.7414 0.6307
vn 0.7188 -0.3385 0.6073
vn -0.3512 -0.8478 0.3974
vn 0.8606 0.2957 -0.4147
vn 0.8801 -0.0026 -0.4747
vn 0.2619 -0.0843 -0.9614
vn 0.2808 0.0683 -0.9573
vn -0.5192 -0.0204 -0.8544
vn -0.5390 0.2832 -0.7933
vn 0.1272 0.7841 -0.6075
vn 0.6447 0.6746 -0.3596
vn -0.3324 0.5934 -0.7330
vn 0.7220 -0.6054 -0.3348
vn 0.1774 -0.7658 -0.6181
vn -0.4393 -0.6202 -0.6499
vn -0.2597 -0.0909 0.9614
vn 0.5195 -0.0072 0.8544
vn 0.5325 0.2916 0.7946
vn -0.2416 0.0617 0.9684
vn -0.8665 0.2791 0.4139
vn -0.8798 -0.0249 0.4748
vn -0.1986 0.7800 0.5935
vn 0.3734 0.6712 0.6404
vn -0.6583 0.5893 0.4683
vn -0.1579 -0.7700 0.6181
vn 0.4549 -0.6088 0.6499
vn -0.7065 -0.6236 0.3348
vn 0.9164 -0.0392 -0.3984
vn 0.8274 -0.3247 -0.4582
vn 0.2303 -0.1799 -0.9563
vn 0.3032 -0.0444 -0.9519
vn -0.4762 0.1637 -0.8640
vn -0.3856 0.4542 -0.8032
vn 0.4136 0.6806 -0.6048
vn 0.8516 0.3926 -0.3472
vn -0.0817 0.6687 -0.7390
vn 0.4591 -0.8282 -0.3214
vn -0.1016 -0.7821 -0.6149
vn -0.6229 -0.4229 -0.6582
vn -0.2918 0.0157 0.9563
vn 0.4665 -0.1895 0.8640
vn 0.5880 0.0838 0.8045
vn -0.2197 0.1515 0.9637
vn -0.7134 0.5770 0.3977
vn -0.8371 0.2989 0.4582
vn 0.0874 0.8028 0.5898
vn 0.5801 0.4943 0.6474
vn -0.4079 0.7910 0.4560
vn -0.4373 -0.6563 0.6149
vn 0.1917 -0.7281 0.6582
vn -0.8903 -0.3227 0.3214
vn 0.6243 -0.4315 0.6513
vn 0.6877 -0.6050 0.4013
vn 0.9956 -0.0538 -0.0768
vn 0.9973 0.0213 0.0697
vn 0.6877 0.5840 -0.4313
vn 0.6234 0.7614 -0.1781
vn 0.6218 0.4705 0.6261
vn 0.5085 -0.0575 0.8591
vn 0.6198 0.7589 0.1999
vn 0.5052 -0.8479 -0.1605
vn 0.6360 -0.4426 -0.6321
vn 0.5052 0.1392 -0.8517
vn -0.9956 -0.0538 -0.0768
vn -0.6877 -0.6050 0.4013
vn -0.6243 -0.4315 0.6513
vn -0.9973 0.0213 0.0697
vn -0.6234 0.7614 -0.1781
vn -0.6877 0.5840 -0.4313
vn -0.6218 0.4705 0.6261
vn -0.5085 -0.0575 0.8591
vn -0.6198 0.7589 0.1999
vn -0.6360 -0.4426 -0.6321
vn -0.5052 -0.8479 -0.1605
vn -0.5052 0.1392 -0.8517
vn -0.8785 -0.1999 0.4338
vn -0.9086 -0.0149 0.4173
vn -0.9361 0.0872 -0.3407
vn -0.4278 -0.0149 -0.9037
vn -0.3941 -0.1999 -0.8970
vn -0.6341 -0.7380 -0.2308
vn -0.8400 -0.4845 0.2442
vn -0.4865 -0.4845 -0.7270
vn -0.6994 0.5954 0.3954
vn -0.6040 0.7660 -0.2198
vn -0.2816 0.5954 -0.7525
vn 0.9361 -0.0872 0.3407
vn 0.4152 -0.1382 0.8992
vn 0.3519 -0.3144 0.8817
vn 0.8363 -0.3144 -0.4492
vn 0.8960 -0.1382 -0.4219
vn 0.5040 -0.8440 0.1834
vn 0.3974 -0.5998 0.6945
vn 0.7509 -0.5998 -0.2766
vn 0.7198 0.6428 0.2620
vn 0.3713 0.4957 0.7851
vn 0.7891 0.4957 -0.3628
vn -0.9586 -0.2581 0.1200
vn -0.9935 -0.0769 0.0840
vn -0.7660 -0.0000 -0.6428
vn -0.0898 -0.0769 -0.9930
vn -0.0482 -0.2581 -0.9649
vn -0.4657 -0.7940 -0.3907
vn -0.8384 -0.5442 -0.0290
vn -0.1742 -0.5442 -0.8207
vn -0.8307 0.5477 0.1003
vn -0.5417 0.7071 -0.4545
vn -0.0454 0.5477 -0.8355
vn 0.7660 -0.0000 0.6428
vn 0.0899 -0.0769 0.9930
vn 0.0482 -0.2581 0.9649
vn 0.9586 -0.2581 -0.1200
vn 0.9935 -0.0769 -0.0839
vn 0.4656 -0.7940 0.3907
vn 0.1742 -0.5442 0.8207
vn 0.8384 -0.5442 0.0290
vn 0.5417 0.7071 0.4545
vn 0.0455 0.5476 0.8355
vn 0.8307 0.5477 -0.1003
vn -0.8115 -0.2581 -0.5242
vn -0.8150 -0.0769 -0.5743
vn -0.1736 -0.0000 -0.9848
vn 0.5694 -0.0769 -0.8184
vn 0.5833 -0.2581 -0.7702
vn -0.1056 -0.7940 -0.5986
vn -0.6236 -0.5442 -0.5612
vn 0.3941 -0.5442 -0.7406
vn -0.7008 0.5476 -0.4571
vn -0.1228 0.7071 -0.6964
vn 0.5022 0.5477 -0.6692
vn 0.1736 -0.0000 0.9848
vn -0.5695 -0.0769 0.8184
vn -0.5833 -0.2581 0.7702
vn 0.8115 -0.2581 0.5242
vn 0.8150 -0.0769 0.5743
vn 0.1056 -0.7940 0.5986
vn -0.3941 -0.5442 0.7406
vn 0.6236 -0.5442 0.5612
vn 0.1228 0.7071 0.6964
vn -0.5022 0.5476 0.6692
vn 0.7008 0.5477 0.4571
vn 0.7899 -0.1999 0.5798
vn 0.9811 0.0872 -0.1730
vn 0.8224 -0.0149 0.5688
vn 0.5439 -0.1999 -0.8150
vn 0.5782 -0.0149 -0.8157
vn 0.7848 -0.4845 0.3863
vn 0.6645 -0.7380 -0.1172
vn 0.6054 -0.4845 -0.6314
vn 0.6330 0.7660 -0.1116
vn 0.6201 0.5954 0.5109
vn 0.4079 0.5954 -0.6921
vn -0.9811 -0.0872 0.1730
vn -0.4996 -0.3144 0.8072
vn -0.5651 -0.1382 0.8134
vn -0.7455 -0.3144 -0.5876
vn -0.8092 -0.1382 -0.5711
vn -0.5282 -0.8440 0.0931
vn -0.5120 -0.5997 0.6150
vn -0.6914 -0.5997 -0.4028
vn -0.7544 0.6428 0.1330
vn -0.5020 0.4957 0.7087
vn -0.7141 0.4957 -0.4943
vn 0.9445 -0.2581 0.2031
vn 0.8192 -0.0000 -0.5736
vn 0.9824 -0.0769 0.1702
vn 0.1322 -0.2581 -0.9570
vn 0.1761 -0.0768 -0.9814
vn 0.8378 -0.5442 0.0442
vn 0.4979 -0.7940 -0.3487
vn 0.2450 -0.5442 -0.8024
vn 0.5792 0.7071 -0.4056
vn 0.8188 0.5476 0.1723
vn 0.1181 0.5477 -0.8283
vn -0.8192 -0.0000 0.5736
vn -0.1322 -0.2581 0.9570
vn -0.1761 -0.0769 0.9814
vn -0.9445 -0.2581 -0.2031
vn -0.9824 -0.0769 -0.1702
vn -0.4979 -0.7940 0.3487
vn -0.2450 -0.5442 0.8024
vn -0.8378 -0.5442 -0.0442
vn -0.5792 0.7071 0.4056
vn -0.1181 0.5476 0.8283
vn -0.8188 0.5477 -0.1723
vn 0.8115 -0.2581 -0.5242
vn 0.1736 -0.0000 -0.9848
vn 0.8150 -0.0769 -0.5743
vn -0.5833 -0.2581 -0.7702
vn -0.5694 -0.0769 -0.8184
vn 0.6236 -0.5442 -0.5612
vn 0.1056 -0.7940 -0.5986
vn -0.3941 -0.5442 -0.7406
vn 0.1228 0.7071 -0.6964
vn 0.7008 0.5476 -0.4571
vn -0.5022 0.5477 -0.6692
vn -0.1736 -0.0000 0.9848
vn 0.5833 -0.2581 0.7702
vn 0.5695 -0.0769 0.8184
vn -0.8115 -0.2581 0.5242
vn -0.8150 -0.0769 0.5743
vn -0.1056 -0.7940 0.5986
vn 0.3941 -0.5442 0.7406
vn -0.6236 -0.5442 0.5612
vn -0.1228 0.7071 0.6964
vn 0.5022 0.5476 0.6692
vn -0.7008 0.5477 0.4571
vn 0.0689 0.0976 0.9928
vn 0.0496 0.4374 0.8979
vn -0.2272 0.5292 0.8175
vn -0.3372 0.1182 0.9340
vn -0.3172 -0.3530 0.8802
vn 0.0581 -0.4523 0.8900
vn -0.2496 -0.6536 0.7145
vn -0.3327 -0.0287 0.9426
vn -0.5291 -0.0152 0.8484
vn -0.4027 -0.6511 0.6434
vn -0.4406 0.5568 0.7042
vn -0.5238 0.1448 0.8395
vn 0.4999 0.0990 0.8604
vn 0.3059 0.5374 0.7859
vn -0.0067 0.8049 0.5934
vn 0.4083 -0.6959 0.5908
vn 0.5631 -0.1211 0.8174
vn 0.0847 -0.0672 0.9941
vn 0.0623 -0.6499 0.7575
vn -0.2690 0.8493 0.4543
vn -0.8912 0.1329 0.4338
vn -0.6814 0.1340 0.7195
vn -0.6191 0.5359 0.5741
vn -0.7881 0.4656 0.4027
vn -0.8036 -0.4459 0.3942
vn -0.6475 -0.3568 0.6734
vn -0.5015 -0.3258 0.8014
vn -0.9863 0.1399 0.0877
vn -0.8079 0.5558 0.1957
vn -0.5086 0.7957 0.3289
vn -0.6795 -0.6597 0.3211
vn -0.9028 -0.0521 0.4268
vn -0.9951 -0.0984 0.0043
vn -0.7239 -0.6899 -0.0002
vn 0.4898 -0.7622 0.4233
vn 0.7378 -0.1805 0.6505
vn 0.3837 -0.6541 -0.6519
vn 0.4999 -0.0739 -0.8629
vn 0.9373 -0.1091 -0.3310
vn 0.6833 -0.6925 -0.2316
vn 0.0625 0.5640 0.8234
vn 0.5567 0.4176 0.7181
vn 0.6430 0.1077 0.7582
vn 0.1741 0.1066 0.9789
vn 0.6717 0.0717 0.7373
vn 0.4263 0.4818 0.7656
vn 0.5631 -0.6425 0.5197
vn 0.6564 -0.6137 0.4387
vn 0.7847 0.1351 0.6050
vn 0.0438 0.7102 0.7026
vn 0.9686 -0.0106 -0.2483
vn 0.9167 -0.0638 0.3945
vn 0.9481 -0.0294 0.3167
vn 0.9562 -0.0238 -0.2917
vn 0.9526 -0.2007 0.2285
vn 0.7968 -0.2228 0.5616
vn 0.5233 -0.7698 0.3655
vn 0.6694 -0.7255 0.1596
vn -0.9160 -0.1704 -0.3632
vn -0.6307 -0.7322 -0.2573
vn -0.5156 -0.7659 -0.3842
vn -0.7859 -0.2119 -0.5809
vn -0.5485 -0.1873 -0.8149
vn -0.3818 -0.7225 -0.5764
vn -0.7366 0.5823 0.3441
vn -0.8763 0.4430 -0.1893
vn -0.8631 0.4998 0.0729
vn -0.6047 0.6987 0.3824
vn -0.0859 -0.7062 -0.7028
vn -0.1151 -0.1159 -0.9866
vn -0.8466 0.1664 -0.5055
vn -0.9398 0.1237 -0.3185
vn -0.6589 -0.0632 -0.7496
vn -0.9693 0.1217 -0.2135
vn -0.1669 -0.0823 -0.9825
vn -0.1248 -0.5222 -0.8437
vn -0.4917 -0.5305 -0.6905
vn -0.3012 0.7739 0.5571
vn 0.0060 -0.0809 0.9967
vn -0.5271 -0.1050 0.8433
vn -0.5128 0.1777 0.8399
vn -0.3954 0.5998 0.6956
vn -0.7269 -0.1088 -0.6781
vn -0.1908 -0.0851 -0.9779
vn 0.5164 -0.0531 -0.8547
vn 0.5292 -0.0277 -0.8480
vn -0.3104 0.3448 0.8859
vn 0.0972 0.3693 0.9242
vn 0.4461 -0.5598 0.6983
vn -0.6527 0.3626 0.6652
vn -0.8404 0.3865 0.3800
vn -0.6986 -0.0255 0.7151
vn -0.4948 0.3562 0.7927
vn -0.8439 -0.5355 0.0327
vn 0.4360 -0.5062 -0.7440
vn 0.8138 -0.5084 -0.2816
vn 0.6688 0.4326 0.6046
vn 0.7386 0.4209 0.5265
vn 0.8330 -0.5223 0.1829
vn -0.7679 -0.5811 -0.2696
vn -0.6529 -0.5853 -0.4808
vn -0.1010 0.4609 -0.8817
vn -0.5251 0.4246 -0.7375
vn 0.5548 -0.0592 0.8299
vn -0.9555 0.1660 0.2441
vn -0.9831 -0.0280 -0.1808
vn 0.0014 -0.9980 0.0627
vn 0.0218 -0.9991 0.0375
vn -0.0245 -0.9974 0.0682
vn -0.0393 -0.9972 0.0632
vn -0.0400 -0.9992 0.0028
vn -0.0502 -0.9984 0.0267
vn -0.0273 -0.9996 -0.0092
vn -0.0479 -0.9976 0.0500
vn -0.5305 -0.6558 0.5371
vn 0.0207 -0.9996 0.0190
vn 0.0283 -0.9996 -0.0090
vn 0.0153 -0.9995 -0.0287
vn 0.0200 -0.9997 0.0144
vn 0.0302 -0.9995 0.0054
vn -0.0174 -0.9994 -0.0305
vn -0.0218 -0.9996 -0.0154
vn -0.0047 -0.9995 -0.0315
vn -0.0003 -1.0000 0.0003
vn -0.0005 -1.0000 0.0008
vn -0.0004 -1.0000 0.0008
vn -0.0003 -1.0000 0.0004
vn -0.0004 -1.0000 0.0007
vn -0.2687 -0.6709 0.6911
vn -0.0333 -0.7816 0.6229
vn -0.2648 0.6656 0.6977
vn -0.3894 0.6707 0.6313
vn 0.5208 0.4095 0.7491
vn 0.2932 0.8154 0.4991
vn -0.0125 0.7269 0.6866
vn -0.5337 -0.7808 0.3247
vn -0.4940 -0.6783 0.5439
vn -0.4017 -0.6466 0.6485
vn -0.9065 0.4223 0.0004
vn -0.5816 0.7413 0.3349
vn -0.5793 0.8139 0.0448
vn 0.3749 0.8597 0.3469
vn 0.8331 0.4634 -0.3020
vn 0.4382 0.4744 -0.7635
vn 0.2097 0.9074 -0.3642
vn 0.4070 0.8978 -0.1682
vn 0.2554 -0.9392 0.2293
vn 0.2655 -0.9459 0.1865
vn 0.8796 0.4181 0.2269
vn 0.4386 0.8949 0.0822
vn 0.3868 0.8777 0.2828
vn -0.8467 0.4225 -0.3234
vn -0.4721 0.8668 -0.1604
vn -0.7309 0.4293 -0.5306
vn -0.3813 0.8823 -0.2760
vn -0.2340 0.8879 -0.3960
vn -0.0345 0.8913 -0.4521
vn -0.0325 -0.9229 -0.3837
vn -0.1939 -0.9355 -0.2954
vn 0.2184 -0.8981 0.3818
vn -0.4914 0.6866 0.5359
vn -0.4671 -0.8833 0.0393
vn 0.3552 -0.9219 -0.1549
vn 0.1951 -0.9219 -0.3349
vn 0.3380 -0.9393 0.0595
vn -0.3524 -0.9282 -0.1194
vn -0.2798 -0.9379 -0.2049
vn 0.4482 0.6626 0.6000
vn 0.0136 0.9994 0.0323
vn -0.0038 0.9993 0.0378
vn 0.0005 0.6576 0.7534
vn 0.7192 0.6450 0.2583
vn 0.0245 0.9995 0.0188
vn 0.7461 0.6387 -0.1878
vn 0.0261 0.9997 0.0014
vn -0.6661 0.6758 0.3157
vn -0.0302 0.9994 0.0182
vn -0.0328 0.9995 0.0004
vn -0.7207 0.6709 -0.1746
vn -0.0274 0.9995 -0.0149
vn -0.5352 0.6270 -0.5661
vn -0.0206 0.9993 0.0328
vn -0.4066 0.6422 0.6498
vn -0.0129 0.9996 -0.0241
vn -0.1458 0.6148 -0.7751
vn 0.4216 0.6226 -0.6593
vn 0.0117 0.9998 -0.0183
vn -0.3934 0.7513 -0.5300
vn -0.0280 0.7848 -0.6191
vn -0.6410 0.7391 -0.2073
vn -0.5754 0.7957 0.1890
vn 0.5810 0.7771 -0.2420
vn 0.6519 0.7440 0.1464
vn 0.4597 0.7358 0.4972
vn 0.3222 0.7961 -0.5122
vn 0.0645 0.7960 0.6019
vn -0.2952 0.8405 0.4544
vn -0.5814 -0.2213 -0.7830
vn 0.0325 -0.1362 -0.9901
vn -0.9583 -0.0422 -0.2825
vn -0.9332 0.1900 0.3050
vn 0.9004 -0.1324 -0.4144
vn 0.9578 -0.1782 0.2255
vn 0.6549 0.0025 0.7557
vn 0.5311 -0.0549 -0.8455
vn 0.1132 0.2094 0.9713
vn -0.5169 0.3060 0.7995
vn -0.5632 -0.1569 -0.8113
vn -0.0164 -0.1493 -0.9887
vn -0.9303 -0.0581 -0.3623
vn -0.9536 0.0845 0.2890
vn 0.9001 -0.1103 -0.4215
vn 0.9762 -0.1207 0.1803
vn 0.7111 -0.0097 0.7030
vn 0.5348 -0.0476 -0.8436
vn 0.1323 0.1394 0.9814
vn -0.5299 0.1839 0.8279
vn -0.4256 0.6913 -0.5839
vn 0.0078 0.7018 -0.7124
vn -0.7114 0.6794 -0.1800
vn -0.7299 0.5973 0.3324
vn 0.6445 0.6998 -0.3082
vn 0.7175 0.6802 0.1503
vn 0.4498 0.6910 0.5659
vn 0.3595 0.7430 -0.5646
vn 0.0127 0.6190 0.7853
vn -0.3850 0.6862 0.6171
vn 0.0192 0.9984 0.0528
vn -0.0216 0.9975 0.0673
vn 0.0476 0.9986 0.0231
vn 0.0552 0.9982 -0.0228
vn -0.0500 0.9976 0.0486
vn -0.0545 0.9985 0.0050
vn -0.0394 0.9986 -0.0350
vn -0.0368 0.9977 0.0575
vn -0.0060 0.9981 -0.0617
vn 0.0376 0.9968 -0.0707
vn -0.0131 0.9998 0.0120
vn -0.0190 0.9997 0.0149
vn -0.0042 0.9999 0.0091
vn -0.0043 1.0000 0.0062
vn -0.0068 0.9997 0.0244
vn -0.0059 0.9998 0.0182
vn -0.0063 1.0000 0.0074
vn -0.0117 0.9998 0.0170
vn -0.0043 1.0000 0.0057
vn -0.0031 1.0000 0.0030
vn -0.0144 0.9997 0.0219
vn -0.0064 0.9999 0.0093
vn -0.9075 -0.0307 0.4190
vn -0.0689 0.0976 0.9928
vn 0.3372 0.1182 0.9340
vn 0.2272 0.5292 0.8175
vn -0.0496 0.4374 0.8979
vn -0.0581 -0.4523 0.8900
vn 0.3172 -0.3530 0.8802
vn 0.2496 -0.6536 0.7145
vn 0.4027 -0.6511 0.6434
vn 0.5291 -0.0152 0.8484
vn 0.3327 -0.0287 0.9426
vn 0.5238 0.1448 0.8395
vn 0.4406 0.5568 0.7042
vn -0.4999 0.0990 0.8604
vn -0.3059 0.5374 0.7859
vn 0.0067 0.8049 0.5934
vn -0.0847 -0.0672 0.9941
vn -0.5631 -0.1211 0.8174
vn -0.4083 -0.6959 0.5908
vn -0.0623 -0.6499 0.7575
vn 0.2690 0.8493 0.4543
vn 0.8912 0.1329 0.4338
vn 0.7881 0.4656 0.4027
vn 0.6191 0.5359 0.5741
vn 0.6814 0.1340 0.7195
vn 0.6475 -0.3568 0.6734
vn 0.8036 -0.4459 0.3942
vn 0.5015 -0.3258 0.8014
vn 0.9863 0.1399 0.0877
vn 0.8079 0.5558 0.1957
vn 0.5086 0.7957 0.3289
vn 0.6795 -0.6597 0.3211
vn 0.7239 -0.6899 -0.0002
vn 0.9951 -0.0984 0.0043
vn 0.9028 -0.0521 0.4268
vn -0.7378 -0.1805 0.6505
vn -0.4898 -0.7622 0.4233
vn -0.9373 -0.1091 -0.3310
vn -0.4999 -0.0739 -0.8629
vn -0.3837 -0.6541 -0.6519
vn -0.6833 -0.6925 -0.2316
vn -0.6430 0.1077 0.7582
vn -0.5567 0.4176 0.7181
vn -0.0625 0.5640 0.8234
vn -0.1741 0.1066 0.9789
vn -0.4263 0.4818 0.7656
vn -0.6717 0.0717 0.7373
vn -0.7847 0.1351 0.6050
vn -0.6564 -0.6137 0.4387
vn -0.5631 -0.6425 0.5197
vn -0.0438 0.7102 0.7026
vn -0.9481 -0.0294 0.3167
vn -0.9167 -0.0638 0.3945
vn -0.9686 -0.0106 -0.2483
vn -0.9562 -0.0238 -0.2917
vn -0.5233 -0.7698 0.3655
vn -0.7968 -0.2228 0.5616
vn -0.9526 -0.2007 0.2285
vn -0.6694 -0.7255 0.1596
vn 0.9160 -0.1704 -0.3632
vn 0.6307 -0.7322 -0.2573
vn 0.5156 -0.7659 -0.3842
vn 0.3818 -0.7225 -0.5764
vn 0.5485 -0.1873 -0.8149
vn 0.7859 -0.2119 -0.5809
vn 0.7366 0.5823 0.3441
vn 0.6047 0.6987 0.3824
vn 0.8631 0.4998 0.0729
vn 0.8763 0.4430 -0.1893
vn 0.0859 -0.7062 -0.7028
vn 0.1151 -0.1159 -0.9866
vn 0.9398 0.1237 -0.3185
vn 0.8466 0.1664 -0.5055
vn 0.6589 -0.0632 -0.7496
vn 0.9693 0.1217 -0.2135
vn 0.1669 -0.0823 -0.9825
vn 0.4917 -0.5305 -0.6905
vn 0.1248 -0.5222 -0.8437
vn 0.3012 0.7739 0.5571
vn 0.5128 0.1777 0.8399
vn 0.5271 -0.1050 0.8433
vn -0.0060 -0.0809 0.9967
vn 0.3954 0.5998 0.6956
vn 0.1908 -0.0851 -0.9779
vn 0.7269 -0.1088 -0.6781
vn -0.5292 -0.0277 -0.8480
vn -0.5164 -0.0531 -0.8547
vn 0.3104 0.3448 0.8859
vn -0.0972 0.3693 0.9242
vn -0.4461 -0.5598 0.6983
vn 0.6527 0.3626 0.6652
vn 0.6986 -0.0255 0.7151
vn 0.8404 0.3865 0.3800
vn 0.4948 0.3562 0.7927
vn 0.8439 -0.5355 0.0327
vn -0.4360 -0.5062 -0.7440
vn -0.8138 -0.5084 -0.2816
vn -0.6688 0.4326 0.6046
vn -0.7387 0.4209 0.5265
vn -0.8330 -0.5223 0.1829
vn 0.7679 -0.5811 -0.2696
vn 0.6529 -0.5853 -0.4808
vn 0.1010 0.4609 -0.8817
vn 0.5251 0.4246 -0.7375
vn -0.5548 -0.0592 0.8299
vn 0.9555 0.1660 0.2441
vn 0.9831 -0.0280 -0.1808
vn -0.0218 -0.9991 0.0375
vn -0.0014 -0.9980 0.0627
vn 0.0245 -0.9974 0.0682
vn 0.0393 -0.9972 0.0632
vn 0.0502 -0.9984 0.0267
vn 0.0400 -0.9992 0.0028
vn 0.0273 -0.9996 -0.0092
vn 0.5305 -0.6558 0.5371
vn 0.0479 -0.9976 0.0500
vn -0.0207 -0.9996 0.0190
vn -0.0153 -0.9995 -0.0287
vn -0.0283 -0.9996 -0.0090
vn -0.0200 -0.9997 0.0144
vn -0.0302 -0.9995 0.0054
vn 0.0218 -0.9996 -0.0154
vn 0.0174 -0.9994 -0.0305
vn 0.0047 -0.9995 -0.0315
vn 0.0003 -1.0000 0.0003
vn 0.0005 -1.0000 0.0008
vn 0.0004 -1.0000 0.0008
vn 0.0003 -1.0000 0.0004
vn 0.0004 -1.0000 0.0007
vn 0.0333 -0.7816 0.6229
vn 0.2687 -0.6709 0.6911
vn 0.3894 0.6707 0.6313
vn 0.2648 0.6656 0.6977
vn 0.0125 0.7269 0.6866
vn -0.2932 0.8154 0.4991
vn -0.5208 0.4095 0.7491
vn 0.4940 -0.6783 0.5439
vn 0.5337 -0.7808 0.3247
vn 0.4017 -0.6466 0.6485
vn 0.9065 0.4223 0.0004
vn 0.5793 0.8139 0.0448
vn 0.5816 0.7413 0.3349
vn -0.3749 0.8597 0.3469
vn -0.8331 0.4634 -0.3020
vn -0.4070 0.8978 -0.1682
vn -0.2097 0.9074 -0.3642
vn -0.4382 0.4744 -0.7635
vn -0.2554 -0.9392 0.2293
vn -0.2655 -0.9459 0.1865
vn -0.3868 0.8777 0.2828
vn -0.4386 0.8949 0.0822
vn -0.8796 0.4181 0.2269
vn 0.8467 0.4225 -0.3234
vn 0.4721 0.8668 -0.1604
vn 0.2340 0.8879 -0.3960
vn 0.3813 0.8823 -0.2760
vn 0.7309 0.4293 -0.5306
vn 0.0345 0.8913 -0.4521
vn 0.1939 -0.9355 -0.2954
vn 0.0325 -0.9229 -0.3837
vn -0.2184 -0.8981 0.3818
vn 0.4914 0.6866 0.5359
vn 0.4671 -0.8833 0.0393
vn -0.1951 -0.9219 -0.3349
vn -0.3552 -0.9219 -0.1549
vn -0.3380 -0.9393 0.0595
vn 0.3524 -0.9282 -0.1194
vn 0.2798 -0.9379 -0.2049
vn -0.4482 0.6626 0.6000
vn -0.0005 0.6576 0.7534
vn 0.0038 0.9993 0.0378
vn -0.0136 0.9994 0.0323
vn -0.7192 0.6450 0.2583
vn -0.0245 0.9995 0.0188
vn -0.7461 0.6387 -0.1878
vn -0.0261 0.9997 0.0014
vn 0.6661 0.6758 0.3157
vn 0.7207 0.6709 -0.1746
vn 0.0328 0.9995 0.0004
vn 0.0302 0.9994 0.0182
vn 0.5352 0.6270 -0.5661
vn 0.0274 0.9995 -0.0149
vn 0.4066 0.6422 0.6498
vn 0.0206 0.9993 0.0328
vn 0.1458 0.6148 -0.7751
vn 0.0129 0.9996 -0.0241
vn -0.4216 0.6226 -0.6593
vn -0.0117 0.9998 -0.0183
vn 0.0280 0.7848 -0.6191
vn 0.3934 0.7513 -0.5300
vn 0.6410 0.7391 -0.2073
vn 0.5754 0.7957 0.1890
vn -0.6519 0.7440 0.1464
vn -0.5810 0.7771 -0.2420
vn -0.4597 0.7358 0.4972
vn -0.3222 0.7961 -0.5122
vn -0.0645 0.7960 0.6019
vn 0.2952 0.8405 0.4544
vn -0.0325 -0.1362 -0.9901
vn 0.5814 -0.2213 -0.7830
vn 0.9583 -0.0422 -0.2825
vn 0.9332 0.1900 0.3050
vn -0.9578 -0.1782 0.2255
vn -0.9004 -0.1324 -0.4144
vn -0.6549 0.0025 0.7557
vn -0.5311 -0.0549 -0.8455
vn -0.1132 0.2094 0.9713
vn 0.5169 0.3060 0.7995
vn 0.0164 -0.1493 -0.9887
vn 0.5632 -0.1569 -0.8113
vn 0.9303 -0.0581 -0.3623
vn 0.9536 0.0845 0.2890
vn -0.9762 -0.1207 0.1803
vn -0.9001 -0.1103 -0.4215
vn -0.7111 -0.0097 0.7030
vn -0.5348 -0.0476 -0.8436
vn -0.1323 0.1394 0.9814
vn 0.5299 0.1839 0.8279
vn -0.0078 0.7018 -0.7124
vn 0.4256 0.6913 -0.5839
vn 0.7114 0.6794 -0.1800
vn 0.7299 0.5973 0.3324
vn -0.7175 0.6802 0.1503
vn -0.6445 0.6998 -0.3082
vn -0.4498 0.6910 0.5659
vn -0.3595 0.7430 -0.5646
vn -0.0127 0.6190 0.7853
vn 0.3850 0.6862 0.6171
vn 0.0216 0.9975 0.0673
vn -0.0192 0.9984 0.0528
vn -0.0476 0.9986 0.0231
vn -0.0552 0.9982 -0.0228
vn 0.0545 0.9985 0.0050
vn 0.0500 0.9976 0.0486
vn 0.0394 0.9986 -0.0350
vn 0.0368 0.9977 0.0575
vn 0.0060 0.9981 -0.0617
vn -0.0376 0.9968 -0.0707
vn 0.0190 0.9997 0.0149
vn 0.0131 0.9998 0.0120
vn 0.0042 0.9999 0.0091
vn 0.0043 1.0000 0.0062
vn 0.0059 0.9998 0.0182
vn 0.0068 0.9997 0.0244
vn 0.0063 1.0000 0.0074
vn 0.0117 0.9998 0.0170
vn 0.0043 1.0000 0.0057
vn 0.0031 1.0000 0.0030
vn 0.0144 0.9997 0.0219
vn 0.0064 0.9999 0.0093
vn 0.9075 -0.0307 0.4190
vt 0.295693 0.169473
vt 0.288015 0.178902
vt 0.283913 0.171700
vt 0.288035 0.163101
vt 0.303017 0.157813
vt 0.294190 0.151109
vt 0.311721 0.165237
vt 0.303251 0.177172
vt 0.294524 0.187607
vt 0.310961 0.143930
vt 0.300776 0.136535
vt 0.340548 0.108924
vt 0.330220 0.101396
vt 0.350570 0.116445
vt 0.320599 0.151378
vt 0.330450 0.159057
vt 0.360831 0.124143
vt 0.374883 0.134658
vt 0.346579 0.171423
vt 0.320746 0.172913
vt 0.336048 0.185101
vt 0.313450 0.186587
vt 0.326579 0.197400
vt 0.304414 0.197829
vt 0.317704 0.208928
vt 0.352022 0.095601
vt 0.342934 0.088754
vt 0.365022 0.083376
vt 0.356688 0.077246
vt 0.374415 0.089570
vt 0.362059 0.102553
vt 0.381431 0.069774
vt 0.373898 0.064214
vt 0.398527 0.057082
vt 0.392594 0.052036
vt 0.425651 0.022851
vt 0.430698 0.027382
vt 0.404616 0.061857
vt 0.389513 0.075379
vt 0.413928 0.068903
vt 0.421199 0.074498
vt 0.409619 0.089539
vt 0.397791 0.081124
vt 0.386311 0.097504
vt 0.397297 0.105545
vt 0.435677 0.031600
vt 0.444050 0.038353
vt 0.374417 0.111165
vt 0.386319 0.119804
vt 0.098544 0.295815
vt 0.088375 0.296051
vt 0.090623 0.286820
vt 0.098521 0.283824
vt 0.113527 0.294094
vt 0.113339 0.279930
vt 0.112928 0.308978
vt 0.097265 0.309613
vt 0.085934 0.309349
vt 0.140438 0.278322
vt 0.140284 0.292921
vt 0.140120 0.308531
vt 0.139459 0.371152
vt 0.114471 0.370752
vt 0.112097 0.325399
vt 0.139942 0.325411
vt 0.095935 0.325319
vt 0.098023 0.370499
vt 0.083168 0.324918
vt 0.084973 0.370255
vt 0.098522 0.388248
vt 0.086518 0.388348
vt 0.114771 0.389102
vt 0.115877 0.407401
vt 0.100379 0.406352
vt 0.089838 0.406378
vt 0.139260 0.390045
vt 0.139060 0.409037
vt 0.138830 0.430840
vt 0.138623 0.450439
vt 0.121019 0.450306
vt 0.118484 0.430124
vt 0.116992 0.418345
vt 0.138951 0.419335
vt 0.110110 0.450428
vt 0.104444 0.429403
vt 0.102806 0.450648
vt 0.095455 0.429620
vt 0.092650 0.417701
vt 0.102225 0.417454
vt 0.279213 0.185218
vt 0.276529 0.172462
vt 0.285036 0.196799
vt 0.295092 0.208196
vt 0.309055 0.220163
vt 0.300374 0.231438
vt 0.285955 0.218727
vt 0.277123 0.208648
vt 0.112616 0.259553
vt 0.140665 0.256792
vt 0.095564 0.272775
vt 0.085380 0.281537
vt 0.384195 0.044030
vt 0.364087 0.055931
vt 0.336889 0.080185
vt 0.353228 0.068873
vt 0.322784 0.095434
vt 0.292409 0.130949
vt 0.284709 0.145678
vt 0.275128 0.140024
vt 0.284009 0.125554
vt 0.315473 0.089959
vt 0.278883 0.158964
vt 0.280792 0.117711
vt 0.272956 0.111019
vt 0.302077 0.079131
vt 0.308982 0.084699
vt 0.271089 0.131612
vt 0.073026 0.391195
vt 0.073362 0.370569
vt 0.105450 0.495367
vt 0.095287 0.452232
vt 0.111857 0.494429
vt 0.095939 0.497404
vt 0.085763 0.456956
vt 0.049536 0.326812
vt 0.049857 0.370093
vt 0.042470 0.370036
vt 0.041279 0.326700
vt 0.050607 0.311655
vt 0.063190 0.305786
vt 0.060696 0.322632
vt 0.061877 0.370522
vt 0.078664 0.293378
vt 0.074842 0.307562
vt 0.067941 0.290074
vt 0.072140 0.323935
vt 0.039107 0.375459
vt 0.049922 0.377706
vt 0.326925 0.080283
vt 0.362359 0.043088
vt 0.378331 0.033968
vt 0.084416 0.407588
vt 0.088670 0.418574
vt 0.063268 0.385260
vt 0.318206 0.078008
vt 0.075987 0.464126
vt 0.068088 0.446924
vt 0.078844 0.440415
vt 0.410760 0.007448
vt 0.376041 0.024301
vt 0.405905 0.001623
vt 0.027654 0.377341
vt 0.031252 0.370147
vt 0.815475 0.518717
vt 0.787708 0.565830
vt 0.776626 0.559630
vt 0.807198 0.515679
vt 0.852691 0.538275
vt 0.858472 0.543409
vt 0.843777 0.564600
vt 0.835419 0.570411
vt 0.521482 0.114837
vt 0.509396 0.110035
vt 0.512941 0.106943
vt 0.524329 0.110911
vt 0.554412 0.109380
vt 0.549473 0.109765
vt 0.542377 0.061809
vt 0.549489 0.061343
vt 0.559888 0.108409
vt 0.555901 0.059567
vt 0.549190 0.051859
vt 0.556289 0.052847
vt 0.845383 0.475004
vt 0.838835 0.472621
vt 0.845244 0.462621
vt 0.851545 0.466439
vt 0.851917 0.478377
vt 0.858192 0.470498
vt 0.858433 0.482582
vt 0.865029 0.474981
vt 0.864261 0.487260
vt 0.871341 0.479770
vt 0.869732 0.492182
vt 0.877169 0.484917
vt 0.874880 0.497526
vt 0.882540 0.490373
vt 0.879483 0.503216
vt 0.887606 0.495290
vt 0.893722 0.499882
vt 0.885292 0.510521
vt 0.903708 0.503599
vt 0.901926 0.511275
vt 0.901602 0.519056
vt 0.884201 0.520456
vt 0.863481 0.550219
vt 0.513366 0.060283
vt 0.503581 0.061984
vt 0.496228 0.051983
vt 0.503336 0.049144
vt 0.508715 0.042826
vt 0.517620 0.047437
vt 0.524008 0.048895
vt 0.521924 0.061771
vt 0.521496 0.098456
vt 0.530347 0.102423
vt 0.528267 0.061392
vt 0.529385 0.048654
vt 0.535003 0.061561
vt 0.535572 0.049235
vt 0.542308 0.050629
vt 0.538010 0.038048
vt 0.544625 0.041340
vt 0.551377 0.044298
vt 0.548439 0.033717
vt 0.555335 0.037819
vt 0.558238 0.046791
vt 0.562084 0.041015
vt 0.857205 0.459248
vt 0.850859 0.455023
vt 0.856236 0.447295
vt 0.862934 0.451585
vt 0.864060 0.463450
vt 0.870217 0.455043
vt 0.871379 0.467579
vt 0.879589 0.456303
vt 0.877942 0.472780
vt 0.885787 0.464811
vt 0.884276 0.478180
vt 0.896381 0.469411
vt 0.889443 0.484110
vt 0.898610 0.478854
vt 0.894982 0.489718
vt 0.902973 0.486758
vt 0.902912 0.494708
vt 0.907947 0.493621
vt 0.500190 0.026116
vt 0.489755 0.020872
vt 0.496844 0.021020
vt 0.504125 0.026115
vt 0.515502 0.033666
vt 0.503704 0.027800
vt 0.515041 0.028397
vt 0.524148 0.035499
vt 0.524865 0.025441
vt 0.530744 0.036982
vt 0.531955 0.027435
vt 0.542592 0.026143
vt 0.533563 0.021071
vt 0.540923 0.019671
vt 0.545908 0.015219
vt 0.547516 0.015893
vt 0.547917 0.023284
vt 0.549178 0.016414
vt 0.554480 0.019896
vt 0.554514 0.014000
vt 0.559159 0.017528
vt 0.560440 0.013862
vt 0.565125 0.016194
vt 0.561765 0.019431
vt 0.568197 0.020354
vt 0.564208 0.021598
vt 0.557946 0.023614
vt 0.562860 0.025604
vt 0.559044 0.031574
vt 0.552398 0.028490
vt 0.568716 0.026552
vt 0.566005 0.033729
vt 0.860346 0.437826
vt 0.866310 0.442061
vt 0.864236 0.430116
vt 0.869003 0.434418
vt 0.872976 0.444983
vt 0.874274 0.436397
vt 0.879821 0.445258
vt 0.879605 0.436307
vt 0.884954 0.433275
vt 0.886074 0.441617
vt 0.878231 0.431314
vt 0.874646 0.430454
vt 0.880606 0.427837
vt 0.875268 0.425832
vt 0.883921 0.446704
vt 0.870988 0.429983
vt 0.869787 0.426411
vt 0.887751 0.443514
vt 0.888885 0.451151
vt 0.893325 0.457692
vt 0.899255 0.450501
vt 0.896066 0.445533
vt 0.903411 0.445332
vt 0.900464 0.442624
vt 0.907078 0.441460
vt 0.901869 0.438556
vt 0.535359 0.007276
vt 0.536061 0.002074
vt 0.540920 0.003966
vt 0.538581 0.007890
vt 0.534972 0.013163
vt 0.540041 0.012346
vt 0.530221 0.011521
vt 0.532164 0.006919
vt 0.526589 0.006153
vt 0.530907 0.002749
vt 0.910500 0.446346
vt 0.911150 0.453169
vt 0.904492 0.453068
vt 0.906124 0.448104
vt 0.900084 0.461080
vt 0.907954 0.460943
vt 0.905044 0.464344
vt 0.906989 0.469347
vt 0.910533 0.462078
vt 0.915413 0.469846
vt 0.918882 0.464115
vt 0.920571 0.470502
vt 0.924755 0.468201
vt 0.927270 0.474459
vt 0.921419 0.474740
vt 0.926481 0.480963
vt 0.921783 0.478924
vt 0.915462 0.475606
vt 0.917979 0.481145
vt 0.910885 0.483999
vt 0.907625 0.476794
vt 0.922345 0.486038
vt 0.914722 0.490238
vt 0.499034 0.015544
vt 0.505344 0.019948
vt 0.505275 0.012628
vt 0.499357 0.008983
vt 0.512587 0.020674
vt 0.510730 0.012692
vt 0.519157 0.017918
vt 0.515566 0.010335
vt 0.519131 0.005189
vt 0.521928 0.012033
vt 0.512646 0.006757
vt 0.508904 0.007278
vt 0.513723 0.001695
vt 0.507516 0.001627
vt 0.523450 0.012377
vt 0.505291 0.008088
vt 0.502291 0.004390
vt 0.527262 0.017792
vt 0.524124 0.010938
vt 0.544724 0.008680
vt 0.894755 0.438776
vt 0.509241 0.034182
vt 0.502997 0.027927
vt 0.911724 0.493228
vt 0.912965 0.493605
vt 0.907713 0.497479
vt 0.912812 0.499801
vt 0.916869 0.495627
vt 0.916896 0.501930
vt 0.920675 0.500363
vt 0.921838 0.506813
vt 0.916795 0.506127
vt 0.919521 0.513283
vt 0.915850 0.510343
vt 0.911457 0.505627
vt 0.911188 0.511812
vt 0.913225 0.517392
vt 0.490838 0.045433
vt 0.497490 0.043476
vt 0.494982 0.039947
vt 0.490510 0.039340
vt 0.497777 0.036992
vt 0.502676 0.039409
vt 0.499982 0.034062
vt 0.504256 0.034000
vt 0.500692 0.028962
vt 0.496755 0.030855
vt 0.493005 0.034328
vt 0.543775 0.108567
vt 0.537503 0.105753
vt 0.512863 0.095377
vt 0.845899 0.532673
vt 0.838740 0.528549
vt 0.831055 0.525077
vt 0.823455 0.521665
vt 0.799835 0.512371
vt 0.278395 0.224450
vt 0.283757 0.228481
vt 0.282025 0.237182
vt 0.277280 0.234382
vt 0.282158 0.255099
vt 0.274947 0.249132
vt 0.291517 0.242943
vt 0.106451 0.255378
vt 0.120229 0.239831
vt 0.126408 0.240973
vt 0.275076 0.188344
vt 0.272574 0.172159
vt 0.269745 0.154090
vt 0.041611 0.313445
vt 0.081544 0.278210
vt 0.093887 0.267561
vt 0.683511 0.293160
vt 0.693587 0.295685
vt 0.683639 0.330484
vt 0.668420 0.331157
vt 0.720927 0.249494
vt 0.726219 0.249598
vt 0.725474 0.268695
vt 0.717986 0.269639
vt 0.715641 0.248802
vt 0.710447 0.269765
vt 0.710442 0.247523
vt 0.702950 0.268932
vt 0.705422 0.245685
vt 0.695682 0.266788
vt 0.700585 0.243373
vt 0.689006 0.264325
vt 0.048749 0.075705
vt 0.060342 0.049181
vt 0.066780 0.052811
vt 0.057114 0.081427
vt 0.053996 0.045687
vt 0.040387 0.070994
vt 0.033148 0.063291
vt 0.048318 0.040605
vt 0.060458 0.022451
vt 0.043344 0.034948
vt 0.056401 0.019000
vt 0.039055 0.028631
vt 0.052769 0.015170
vt 0.756602 0.560471
vt 0.769251 0.549554
vt 0.763684 0.579216
vt 0.789247 0.597125
vt 0.775230 0.593120
vt 0.796909 0.568554
vt 0.805518 0.570773
vt 0.799726 0.598461
vt 0.815655 0.571434
vt 0.813660 0.596562
vt 0.825776 0.571161
vt 0.827333 0.592442
vt 0.838635 0.584253
vt 0.854546 0.557637
vt 0.502284 0.108014
vt 0.533238 0.118274
vt 0.530752 0.122118
vt 0.539400 0.127489
vt 0.538430 0.132771
vt 0.542956 0.134470
vt 0.539361 0.141652
vt 0.545191 0.140537
vt 0.540689 0.150843
vt 0.548925 0.146839
vt 0.543563 0.159745
vt 0.030379 0.326572
vt 0.031038 0.312693
vt 0.011880 0.053642
vt 0.021918 0.045453
vt 0.027027 0.054877
vt 0.014137 0.072061
vt 0.016932 0.086280
vt 0.020577 0.102000
vt 0.028135 0.109215
vt 0.035546 0.119010
vt 0.658204 0.330637
vt 0.674537 0.290508
vt 0.703957 0.295962
vt 0.697915 0.323384
vt 0.714310 0.294813
vt 0.710325 0.316506
vt 0.724542 0.292558
vt 0.735030 0.289411
vt 0.740465 0.298398
vt 0.723675 0.307907
vt 0.731440 0.249124
vt 0.733036 0.267032
vt 0.736611 0.248053
vt 0.740295 0.264998
vt 0.741643 0.246467
vt 0.747559 0.262406
vt 0.001620 0.018600
vt 0.009378 0.016166
vt 0.013190 0.026288
vt 0.005438 0.030840
vt 0.017256 0.035975
vt 0.007787 0.039843
vt 0.087184 0.431308
vt 0.125045 0.232308
vt 0.127228 0.220511
vt 0.131668 0.220410
vt 0.130298 0.233584
vt 0.747837 0.294888
vt 0.744898 0.286174
vt 0.758336 0.289696
vt 0.754951 0.282322
vt 0.029010 0.008087
vt 0.031931 0.015243
vt 0.035229 0.022074
vt 0.271571 0.246225
vt 0.141051 0.220239
vt 0.140888 0.235639
vt 0.295971 0.237157
vt 0.140807 0.243296
vt 0.263108 0.145210
vt 0.256752 0.134099
vt 0.264527 0.122268
vt 0.042635 0.299862
vt 0.052746 0.296418
vt 0.682625 0.260835
vt 0.696057 0.240647
vt 0.648561 0.325915
vt 0.665839 0.286063
vt 0.031977 0.298872
vt 0.309871 0.076231
vt 0.843690 0.573956
vt 0.853800 0.560901
vt 0.499654 0.109536
vt 0.447301 0.040589
vt 0.138169 0.493528
vt 0.126608 0.493327
vt 0.117835 0.493888
vt 0.418026 0.015470
vt 0.085289 0.500371
vt 0.359579 0.033915
vt 0.361476 0.220118
vt 0.369595 0.225892
vt 0.362336 0.232076
vt 0.354324 0.229952
vt 0.370876 0.210056
vt 0.379614 0.216875
vt 0.352100 0.214780
vt 0.361472 0.203540
vt 0.344244 0.225885
vt 0.382265 0.198826
vt 0.392020 0.206781
vt 0.408542 0.161271
vt 0.418461 0.169330
vt 0.372601 0.191413
vt 0.398708 0.153505
vt 0.362658 0.183853
vt 0.388643 0.145554
vt 0.351744 0.196778
vt 0.340390 0.207328
vt 0.331833 0.218939
vt 0.418488 0.146772
vt 0.427431 0.153806
vt 0.426982 0.131077
vt 0.435039 0.137566
vt 0.409201 0.138845
vt 0.418593 0.123580
vt 0.435937 0.111735
vt 0.443238 0.117595
vt 0.469987 0.056982
vt 0.450230 0.096406
vt 0.443834 0.091961
vt 0.464316 0.053262
vt 0.428450 0.105355
vt 0.437661 0.087296
vt 0.428467 0.080095
vt 0.420779 0.098822
vt 0.407880 0.114109
vt 0.458965 0.049527
vt 0.450295 0.043161
vt 0.397715 0.129101
vt 0.181954 0.296695
vt 0.182230 0.284707
vt 0.190063 0.287868
vt 0.192115 0.297145
vt 0.167011 0.294658
vt 0.167497 0.280501
vt 0.182942 0.310516
vt 0.167296 0.309551
vt 0.194276 0.310492
vt 0.167780 0.325987
vt 0.164450 0.371279
vt 0.183940 0.326247
vt 0.180900 0.371372
vt 0.196713 0.326116
vt 0.193952 0.371404
vt 0.180027 0.389107
vt 0.192026 0.389460
vt 0.163764 0.389619
vt 0.177788 0.407168
vt 0.162272 0.407890
vt 0.188327 0.407416
vt 0.159186 0.430553
vt 0.156226 0.450677
vt 0.160927 0.418808
vt 0.167131 0.451029
vt 0.173239 0.430128
vt 0.174429 0.451404
vt 0.182221 0.430535
vt 0.175709 0.418229
vt 0.185276 0.418677
vt 0.350469 0.240077
vt 0.363487 0.239409
vt 0.337783 0.237408
vt 0.324194 0.230601
vt 0.316350 0.242127
vt 0.328352 0.248089
vt 0.168649 0.260144
vt 0.185419 0.273723
vt 0.195416 0.282697
vt 0.460118 0.102477
vt 0.453727 0.124958
vt 0.444019 0.138771
vt 0.437261 0.157459
vt 0.426125 0.174994
vt 0.399559 0.213441
vt 0.387289 0.224651
vt 0.406922 0.220182
vt 0.395205 0.232469
vt 0.433288 0.180662
vt 0.375934 0.233682
vt 0.447182 0.190844
vt 0.423801 0.227152
vt 0.415327 0.221287
vt 0.440033 0.185593
vt 0.404369 0.234222
vt 0.205455 0.392591
vt 0.205554 0.371963
vt 0.170842 0.496056
vt 0.164456 0.494984
vt 0.181912 0.453145
vt 0.191334 0.458069
vt 0.180308 0.498293
vt 0.230297 0.328718
vt 0.238555 0.328780
vt 0.236450 0.372081
vt 0.229064 0.371983
vt 0.219228 0.324304
vt 0.217089 0.307409
vt 0.229547 0.313542
vt 0.217037 0.372158
vt 0.201880 0.294677
vt 0.205402 0.308939
vt 0.212672 0.291600
vt 0.207759 0.325365
vt 0.239698 0.377574
vt 0.228839 0.379593
vt 0.439714 0.167117
vt 0.466618 0.123346
vt 0.471346 0.105571
vt 0.193722 0.408740
vt 0.189237 0.419635
vt 0.215336 0.386863
vt 0.444143 0.174964
vt 0.209217 0.448412
vt 0.200957 0.465444
vt 0.198601 0.441678
vt 0.488687 0.067436
vt 0.495560 0.070640
vt 0.481278 0.105311
vt 0.247663 0.372429
vt 0.251109 0.379698
vt 0.206373 0.852443
vt 0.194885 0.857881
vt 0.170756 0.808902
vt 0.179244 0.806524
vt 0.132119 0.825449
vt 0.146953 0.858861
vt 0.139054 0.852431
vt 0.125955 0.830130
vt 0.800574 0.869941
vt 0.798012 0.865816
vt 0.809793 0.862781
vt 0.813123 0.866133
vt 0.768325 0.861608
vt 0.777523 0.814177
vt 0.784551 0.815357
vt 0.773161 0.862603
vt 0.762998 0.859957
vt 0.771295 0.811765
vt 0.771553 0.804983
vt 0.778716 0.804729
vt 0.144531 0.762874
vt 0.139026 0.753821
vt 0.145588 0.750472
vt 0.151247 0.761022
vt 0.137754 0.765729
vt 0.132097 0.757373
vt 0.130937 0.769435
vt 0.124948 0.761334
vt 0.124764 0.773654
vt 0.118298 0.765621
vt 0.118921 0.778134
vt 0.112098 0.770287
vt 0.113360 0.783046
vt 0.106322 0.775288
vt 0.108303 0.788322
vt 0.100886 0.779778
vt 0.101900 0.795083
vt 0.094390 0.783839
vt 0.085312 0.794559
vt 0.084054 0.786758
vt 0.102159 0.805047
vt 0.085118 0.802345
vt 0.120462 0.836586
vt 0.813510 0.816494
vt 0.824593 0.806383
vt 0.831411 0.809866
vt 0.823116 0.819079
vt 0.810521 0.803350
vt 0.819838 0.799606
vt 0.804842 0.817211
vt 0.804025 0.804217
vt 0.801932 0.853686
vt 0.792750 0.856985
vt 0.798580 0.816276
vt 0.798707 0.803474
vt 0.791888 0.815825
vt 0.792509 0.803463
vt 0.785681 0.804193
vt 0.784280 0.794688
vt 0.791181 0.792065
vt 0.777269 0.796950
vt 0.773970 0.790074
vt 0.781245 0.786696
vt 0.770188 0.798727
vt 0.766925 0.792555
vt 0.133890 0.746185
vt 0.128700 0.738071
vt 0.135689 0.734262
vt 0.140518 0.742425
vt 0.126757 0.749878
vt 0.121202 0.741012
vt 0.119162 0.753453
vt 0.111765 0.741589
vt 0.112238 0.758129
vt 0.104970 0.749599
vt 0.105529 0.763014
vt 0.094069 0.753433
vt 0.099933 0.768510
vt 0.091167 0.762634
vt 0.094008 0.773670
vt 0.086282 0.770170
vt 0.085708 0.777967
vt 0.080890 0.776704
vt 0.829956 0.783825
vt 0.826035 0.783446
vt 0.833767 0.779075
vt 0.840844 0.779589
vt 0.813973 0.789866
vt 0.814954 0.784674
vt 0.826273 0.785154
vt 0.805199 0.790870
vt 0.805484 0.780796
vt 0.798502 0.791712
vt 0.798246 0.782085
vt 0.787816 0.779741
vt 0.790122 0.773457
vt 0.797285 0.775588
vt 0.783975 0.769043
vt 0.785627 0.768529
vt 0.782824 0.776353
vt 0.782282 0.769389
vt 0.776657 0.772301
vt 0.777246 0.766429
vt 0.772258 0.769454
vt 0.771372 0.765671
vt 0.769466 0.771075
vt 0.766466 0.767498
vt 0.766809 0.772977
vt 0.762973 0.771319
vt 0.772825 0.775639
vt 0.767733 0.777110
vt 0.777835 0.781078
vt 0.770910 0.783459
vt 0.763762 0.784875
vt 0.761809 0.777437
vt 0.125974 0.728274
vt 0.132186 0.724435
vt 0.123744 0.720409
vt 0.128759 0.716417
vt 0.119139 0.730733
vt 0.118354 0.722066
vt 0.112291 0.730582
vt 0.113005 0.721706
vt 0.106237 0.726621
vt 0.107811 0.718412
vt 0.114636 0.716793
vt 0.118282 0.716121
vt 0.112430 0.713215
vt 0.117886 0.711482
vt 0.108088 0.731739
vt 0.121984 0.715861
vt 0.123368 0.712363
vt 0.102799 0.735756
vt 0.104430 0.728235
vt 0.097928 0.741965
vt 0.092451 0.734412
vt 0.095932 0.729659
vt 0.088568 0.729041
vt 0.091679 0.726502
vt 0.085097 0.724999
vt 0.090486 0.722368
vt 0.796907 0.761672
vt 0.793641 0.761956
vt 0.791716 0.757813
vt 0.796745 0.756423
vt 0.796689 0.767571
vt 0.791737 0.766246
vt 0.800122 0.761643
vt 0.801575 0.766419
vt 0.801804 0.757624
vt 0.805744 0.761453
vt 0.081414 0.729700
vt 0.085696 0.731668
vt 0.087057 0.736699
vt 0.080400 0.736454
vt 0.090969 0.744906
vt 0.083114 0.744334
vt 0.085772 0.747836
vt 0.083436 0.752655
vt 0.080355 0.745180
vt 0.074947 0.752639
vt 0.071819 0.746728
vt 0.069734 0.753016
vt 0.065676 0.750502
vt 0.068625 0.757210
vt 0.062800 0.756641
vt 0.068023 0.761386
vt 0.063231 0.763195
vt 0.074522 0.758379
vt 0.071689 0.763801
vt 0.082286 0.760029
vt 0.078578 0.767022
vt 0.074382 0.773148
vt 0.067076 0.768492
vt 0.825419 0.777200
vt 0.832126 0.773429
vt 0.826206 0.769922
vt 0.832458 0.766876
vt 0.818148 0.777225
vt 0.820775 0.769457
vt 0.811891 0.773856
vt 0.816195 0.766646
vt 0.809712 0.767745
vt 0.813146 0.761180
vt 0.819449 0.763363
vt 0.823123 0.764244
vt 0.818870 0.758219
vt 0.825058 0.758754
vt 0.808182 0.767959
vt 0.826639 0.765402
vt 0.829991 0.762017
vt 0.803868 0.772957
vt 0.807681 0.766462
vt 0.787452 0.762126
vt 0.097649 0.722989
vt 0.826959 0.785343
vt 0.820145 0.790969
vt 0.076410 0.775914
vt 0.080486 0.780377
vt 0.075190 0.776229
vt 0.075153 0.782397
vt 0.071238 0.778046
vt 0.070932 0.784326
vt 0.067216 0.782591
vt 0.070796 0.788531
vt 0.065725 0.788986
vt 0.071509 0.792804
vt 0.067700 0.795564
vt 0.076164 0.788312
vt 0.076067 0.794512
vt 0.073734 0.800006
vt 0.830958 0.801290
vt 0.837406 0.803848
vt 0.833788 0.798008
vt 0.838298 0.797811
vt 0.826177 0.796771
vt 0.831282 0.794814
vt 0.825119 0.791249
vt 0.829363 0.791700
vt 0.829139 0.786574
vt 0.832872 0.788804
vt 0.836279 0.792595
vt 0.785292 0.859803
vt 0.778851 0.862057
vt 0.810813 0.851313
vt 0.139334 0.820397
vt 0.146795 0.816846
vt 0.154726 0.813992
vt 0.162574 0.811202
vt 0.186855 0.803814
vt 0.312750 0.250900
vt 0.303434 0.254517
vt 0.299513 0.250646
vt 0.307482 0.246747
vt 0.289770 0.260545
vt 0.161454 0.240265
vt 0.174901 0.256100
vt 0.155253 0.241277
vt 0.348504 0.244875
vt 0.364792 0.243155
vt 0.382983 0.241270
vt 0.238503 0.315521
vt 0.199321 0.279452
vt 0.187206 0.268545
vt 0.915650 0.377536
vt 0.928217 0.416442
vt 0.913075 0.414773
vt 0.905430 0.379396
vt 0.881177 0.331511
vt 0.882291 0.345518
vt 0.875539 0.344454
vt 0.875889 0.331268
vt 0.886497 0.331167
vt 0.889125 0.345840
vt 0.891769 0.330232
vt 0.895960 0.345315
vt 0.896899 0.328726
vt 0.902652 0.343701
vt 0.901877 0.326737
vt 0.908904 0.341691
vt 0.559707 0.926118
vt 0.569619 0.928231
vt 0.552072 0.961591
vt 0.545708 0.959419
vt 0.539365 0.957385
vt 0.550529 0.923310
vt 0.539959 0.923378
vt 0.532507 0.956610
vt 0.529209 0.971318
vt 0.523912 0.970759
vt 0.525670 0.956642
vt 0.518634 0.970769
vt 0.518836 0.957508
vt 0.214400 0.842837
vt 0.226310 0.854387
vt 0.218064 0.872674
vt 0.191295 0.888916
vt 0.185522 0.859930
vt 0.205668 0.885847
vt 0.176773 0.861500
vt 0.180714 0.889497
vt 0.166602 0.861380
vt 0.166924 0.886585
vt 0.153582 0.881487
vt 0.156516 0.860331
vt 0.142876 0.872546
vt 0.128829 0.844682
vt 0.820349 0.864608
vt 0.788300 0.872514
vt 0.790609 0.876236
vt 0.782780 0.886548
vt 0.781259 0.881875
vt 0.776680 0.888038
vt 0.781430 0.887421
vt 0.779149 0.895669
vt 0.773642 0.893680
vt 0.776646 0.904528
vt 0.772525 0.912943
vt 0.769126 0.899376
vt 0.249089 0.314992
vt 0.249455 0.328882
vt 0.518305 0.914627
vt 0.533202 0.903561
vt 0.529644 0.924746
vt 0.519295 0.927544
vt 0.545428 0.895781
vt 0.559328 0.887582
vt 0.569765 0.888082
vt 0.581969 0.886696
vt 0.924779 0.375479
vt 0.938445 0.416593
vt 0.899296 0.406751
vt 0.895064 0.378992
vt 0.887362 0.399074
vt 0.884808 0.377167
vt 0.858474 0.379029
vt 0.864487 0.370417
vt 0.874746 0.374246
vt 0.874605 0.389618
vt 0.868801 0.342714
vt 0.870710 0.330453
vt 0.862317 0.340548
vt 0.865621 0.329044
vt 0.855909 0.337842
vt 0.860704 0.327133
vt 0.499395 0.934436
vt 0.489437 0.938655
vt 0.485850 0.931358
vt 0.497348 0.925683
vt 0.509216 0.930702
vt 0.505488 0.921177
vt 0.190455 0.432397
vt 0.156798 0.232643
vt 0.151519 0.233808
vt 0.150427 0.220608
vt 0.154864 0.220802
vt 0.851348 0.375044
vt 0.854852 0.366541
vt 0.841212 0.369174
vt 0.845074 0.362038
vt 0.505539 0.960879
vt 0.499026 0.963351
vt 0.512116 0.958909
vt 0.293445 0.263065
vt 0.393265 0.245415
vt 0.415081 0.238176
vt 0.405632 0.248719
vt 0.227729 0.298263
vt 0.237765 0.301919
vt 0.914911 0.338825
vt 0.906574 0.324314
vt 0.948377 0.412513
vt 0.933749 0.371614
vt 0.248441 0.301155
vt 0.447992 0.182568
vt 0.138500 0.861848
vt 0.129383 0.848034
vt 0.822873 0.866308
vt 0.149732 0.493571
vt 0.158491 0.494316
vt 0.479073 0.062465
vt 0.190893 0.501484
vt 0.476197 0.123685
vt 0.069619 0.027956
vt 0.074516 0.029912
vt 0.064886 0.025436
vt 0.044720 0.001622
vt 0.046928 0.006406
vt 0.049612 0.010949
vt 0.544306 0.976356
vt 0.539512 0.974158
vt 0.534424 0.972467
vt 0.508258 0.972582
vt 0.503271 0.974282
vt 0.513400 0.971393
vt 0.596408 0.009975
vt 0.594404 0.012976
vt 0.593039 0.012025
vt 0.594542 0.009536
vt 0.592399 0.015977
vt 0.590706 0.014557
vt 0.589539 0.013293
vt 0.591711 0.011037
vt 0.593215 0.008850
vt 0.590457 0.009978
vt 0.591994 0.008045
vt 0.588395 0.012000
vt 0.587293 0.010673
vt 0.589299 0.008844
vt 0.590906 0.007129
vt 0.588261 0.007633
vt 0.589978 0.006106
vt 0.586252 0.009303
vt 0.585279 0.007876
vt 0.587351 0.006333
vt 0.589218 0.004972
vt 0.586572 0.004930
vt 0.588630 0.003723
vt 0.584381 0.006372
vt 0.583559 0.004801
vt 0.585861 0.003476
vt 0.588162 0.002151
vt 0.652442 0.007108
vt 0.652370 0.009732
vt 0.650640 0.009790
vt 0.650635 0.007434
vt 0.652298 0.012355
vt 0.650483 0.012388
vt 0.648670 0.012337
vt 0.648928 0.009784
vt 0.649129 0.007508
vt 0.647253 0.009646
vt 0.647663 0.007398
vt 0.646883 0.012231
vt 0.645139 0.012072
vt 0.645632 0.009387
vt 0.646256 0.007121
vt 0.644085 0.009017
vt 0.644931 0.006692
vt 0.643455 0.011859
vt 0.641809 0.011602
vt 0.642596 0.008554
vt 0.643680 0.006128
vt 0.641149 0.008015
vt 0.642500 0.005448
vt 0.640181 0.011315
vt 0.638148 0.010644
vt 0.639723 0.007439
vt 0.641298 0.004234
vt 0.588339 0.018299
vt 0.587448 0.016826
vt 0.584279 0.020621
vt 0.583840 0.018492
vt 0.583265 0.016920
vt 0.586552 0.015350
vt 0.585644 0.013872
vt 0.582647 0.015353
vt 0.581979 0.013797
vt 0.584730 0.012387
vt 0.583816 0.010891
vt 0.581251 0.012252
vt 0.580461 0.010716
vt 0.582906 0.009372
vt 0.582005 0.007816
vt 0.579607 0.009183
vt 0.578657 0.007681
vt 0.581108 0.006241
vt 0.652271 0.015205
vt 0.650419 0.015165
vt 0.652243 0.018056
vt 0.650436 0.017938
vt 0.648666 0.017943
vt 0.648582 0.015139
vt 0.646775 0.015141
vt 0.646932 0.018052
vt 0.645239 0.018248
vt 0.645007 0.015161
vt 0.643289 0.015188
vt 0.643591 0.018515
vt 0.641969 0.018843
vt 0.641598 0.015225
vt 0.639914 0.015271
vt 0.640354 0.019223
vt 0.638316 0.019999
vt 0.638232 0.015321
vt 0.580677 0.020731
vt 0.580454 0.019221
vt 0.577076 0.020841
vt 0.577556 0.019306
vt 0.577547 0.017975
vt 0.580191 0.017712
vt 0.579849 0.016205
vt 0.577421 0.016641
vt 0.577158 0.015322
vt 0.579409 0.014712
vt 0.578852 0.013243
vt 0.576736 0.014037
vt 0.576146 0.012797
vt 0.578169 0.011803
vt 0.577351 0.010396
vt 0.575376 0.011615
vt 0.574276 0.010330
vt 0.576466 0.009006
vt 0.652139 0.020620
vt 0.650524 0.020519
vt 0.652035 0.023185
vt 0.650506 0.022864
vt 0.649150 0.022777
vt 0.648925 0.020498
vt 0.647361 0.020640
vt 0.647819 0.022890
vt 0.646529 0.023190
vt 0.645839 0.020929
vt 0.644366 0.021347
vt 0.645295 0.023662
vt 0.644112 0.024288
vt 0.642928 0.021881
vt 0.641511 0.022512
vt 0.642979 0.025052
vt 0.641894 0.026388
vt 0.640105 0.023193
vt 0.595310 0.007398
vt 0.596471 0.007724
vt 0.594195 0.006996
vt 0.594615 0.005945
vt 0.595430 0.005725
vt 0.596534 0.005474
vt 0.593172 0.006445
vt 0.592275 0.005757
vt 0.593390 0.004682
vt 0.594126 0.005274
vt 0.591537 0.004946
vt 0.590975 0.004019
vt 0.592047 0.003568
vt 0.592744 0.004009
vt 0.590607 0.002981
vt 0.590335 0.001888
vt 0.592508 0.001625
vt 0.592275 0.002769
vt 0.650215 0.005379
vt 0.651389 0.005127
vt 0.649047 0.005536
vt 0.648888 0.004417
vt 0.649487 0.003854
vt 0.650336 0.003146
vt 0.647894 0.005504
vt 0.646782 0.005292
vt 0.647205 0.003852
vt 0.648131 0.004041
vt 0.645741 0.004912
vt 0.644783 0.004375
vt 0.645488 0.003500
vt 0.646316 0.003560
vt 0.643918 0.003689
vt 0.643101 0.002930
vt 0.644904 0.001627
vt 0.645278 0.002719
vt 0.594992 0.004632
vt 0.595813 0.004256
vt 0.594237 0.003861
vt 0.595093 0.003038
vt 0.593408 0.003151
vt 0.593800 0.002332
vt 0.648559 0.003088
vt 0.649083 0.002391
vt 0.647519 0.002752
vt 0.647831 0.001635
vt 0.646451 0.002518
vt 0.646367 0.001631
vt 0.575411 0.019041
vt 0.575550 0.017955
vt 0.575195 0.020127
vt 0.573314 0.019413
vt 0.573981 0.018454
vt 0.574506 0.017845
vt 0.644355 0.026754
vt 0.643592 0.027566
vt 0.645162 0.026018
vt 0.645803 0.026873
vt 0.645614 0.027668
vt 0.645290 0.028744
vt 0.646059 0.025433
vt 0.647030 0.025016
vt 0.647418 0.026464
vt 0.646569 0.026785
vt 0.648061 0.024785
vt 0.649128 0.024751
vt 0.649025 0.025884
vt 0.648307 0.026258
vt 0.650209 0.024927
vt 0.651296 0.025208
vt 0.650557 0.027230
vt 0.649632 0.026468
vt 0.573819 0.013004
vt 0.573048 0.012186
vt 0.574504 0.013864
vt 0.573622 0.014561
vt 0.572851 0.014368
vt 0.571819 0.014042
vt 0.575017 0.014807
vt 0.575360 0.015816
vt 0.573954 0.016217
vt 0.573663 0.015363
vt 0.575535 0.016873
vt 0.574151 0.017114
vt 0.646734 0.027839
vt 0.646727 0.028745
vt 0.647770 0.027591
vt 0.648164 0.028745
vt 0.648778 0.027245
vt 0.649360 0.027988
vt 0.572643 0.015514
vt 0.571790 0.015464
vt 0.572876 0.016549
vt 0.571761 0.016885
vt 0.573229 0.017576
vt 0.572538 0.018149
vt 0.377680 0.010401
vt 0.374532 0.009108
vt 0.370879 0.014003
vt 0.373467 0.016710
vt 0.371927 0.007289
vt 0.368361 0.011215
vt 0.370083 0.004992
vt 0.366098 0.008262
vt 0.369013 0.002178
vt 0.364175 0.004963
vt 0.213196 0.036783
vt 0.209835 0.037152
vt 0.209134 0.042176
vt 0.213045 0.042297
vt 0.206701 0.036654
vt 0.205302 0.041818
vt 0.203941 0.035465
vt 0.201714 0.041220
vt 0.201485 0.033763
vt 0.198176 0.040499
vt 0.363775 0.018102
vt 0.364931 0.021590
vt 0.362451 0.014668
vt 0.360871 0.011311
vt 0.359022 0.007990
vt 0.209115 0.048240
vt 0.212987 0.048287
vt 0.205411 0.048664
vt 0.201883 0.049394
vt 0.198353 0.050329
vt 0.357579 0.018963
vt 0.357361 0.021822
vt 0.357300 0.016066
vt 0.356291 0.013298
vt 0.354419 0.010774
vt 0.209850 0.053297
vt 0.212768 0.053677
vt 0.207053 0.053811
vt 0.204491 0.055114
vt 0.202112 0.057042
vt 0.377812 0.005670
vt 0.376080 0.005589
vt 0.374577 0.004775
vt 0.373653 0.003405
vt 0.373581 0.001625
vt 0.210983 0.032620
vt 0.209408 0.033311
vt 0.207723 0.033273
vt 0.206255 0.032512
vt 0.205275 0.031023
vt 0.376298 0.003110
vt 0.208351 0.031033
vt 0.354097 0.018612
vt 0.353407 0.020321
vt 0.205680 0.059518
vt 0.206507 0.058035
vt 0.207903 0.057195
vt 0.209563 0.057128
vt 0.211215 0.057927
vt 0.351836 0.014676
vt 0.353207 0.015590
vt 0.353992 0.016963
vt 0.208701 0.059520
vt 0.351775 0.017664
vt 0.877736 0.037883
vt 0.854527 0.036116
vt 0.855191 0.025650
vt 0.879490 0.027664
vt 0.886127 0.081881
vt 0.895895 0.083041
vt 0.882832 0.099079
vt 0.877847 0.100024
vt 0.865445 0.116716
vt 0.849284 0.116154
vt 0.850224 0.099280
vt 0.866428 0.099900
vt 0.905092 0.050122
vt 0.915326 0.044149
vt 0.917663 0.054193
vt 0.907376 0.068081
vt 0.902990 0.029823
vt 0.895650 0.029819
vt 0.898705 0.020462
vt 0.906128 0.023104
vt 0.894648 0.039114
vt 0.903828 0.037145
vt 0.895048 0.052044
vt 0.911774 0.030558
vt 0.893924 0.065504
vt 0.870645 0.081976
vt 0.875458 0.065873
vt 0.851308 0.081443
vt 0.876432 0.115090
vt 0.855819 0.014495
vt 0.882119 0.017050
vt 0.877030 0.051291
vt 0.880189 0.112595
vt 0.852420 0.065222
vt 0.853548 0.049904
vt 0.831020 0.035164
vt 0.830561 0.024868
vt 0.816697 0.077428
vt 0.822365 0.096559
vt 0.817611 0.094017
vt 0.806929 0.077213
vt 0.833065 0.114817
vt 0.834061 0.097918
vt 0.801627 0.043671
vt 0.796476 0.060277
vt 0.788658 0.046074
vt 0.792444 0.036452
vt 0.806167 0.023958
vt 0.804293 0.016925
vt 0.812111 0.015434
vt 0.813642 0.025025
vt 0.813470 0.034271
vt 0.811486 0.047013
vt 0.804378 0.031051
vt 0.797600 0.023435
vt 0.810907 0.060220
vt 0.829442 0.063047
vt 0.832072 0.079581
vt 0.822269 0.111654
vt 0.829310 0.014096
vt 0.829959 0.048509
vt 0.818755 0.108636
vt 0.923576 0.037549
vt 0.924123 0.046569
vt 0.899447 0.012222
vt 0.907581 0.015987
vt 0.917346 0.023039
vt 0.856288 0.005025
vt 0.882368 0.007833
vt 0.782908 0.036704
vt 0.784855 0.028048
vt 0.804191 0.009726
vt 0.812705 0.007236
vt 0.793290 0.014948
vt 0.830124 0.004997
vt 0.339836 0.333043
vt 0.343442 0.325148
vt 0.364941 0.334863
vt 0.362142 0.343156
vt 0.396867 0.286274
vt 0.397974 0.304720
vt 0.390438 0.301396
vt 0.392771 0.283526
vt 0.367183 0.272148
vt 0.373212 0.258292
vt 0.387443 0.264438
vt 0.381922 0.278634
vt 0.404723 0.338253
vt 0.398121 0.345496
vt 0.393018 0.337553
vt 0.402541 0.322658
vt 0.375206 0.357614
vt 0.377111 0.349898
vt 0.381898 0.353074
vt 0.380931 0.358824
vt 0.385798 0.347788
vt 0.380231 0.342313
vt 0.386208 0.331733
vt 0.387833 0.355475
vt 0.390382 0.319275
vt 0.375293 0.310218
vt 0.378083 0.294442
vt 0.360844 0.286181
vt 0.397052 0.269352
vt 0.336233 0.340825
vt 0.359786 0.351414
vt 0.370302 0.323427
vt 0.399910 0.273181
vt 0.354681 0.299951
vt 0.348721 0.313366
vt 0.317245 0.322792
vt 0.321746 0.315269
vt 0.336609 0.260476
vt 0.341628 0.260988
vt 0.329668 0.274192
vt 0.322296 0.270735
vt 0.359071 0.251892
vt 0.352503 0.265625
vt 0.293655 0.287583
vt 0.305217 0.279340
vt 0.301059 0.295926
vt 0.292035 0.297231
vt 0.297262 0.322130
vt 0.292434 0.318546
vt 0.295997 0.314062
vt 0.301703 0.315641
vt 0.309897 0.297050
vt 0.305553 0.308400
vt 0.297588 0.307769
vt 0.290548 0.311223
vt 0.316445 0.285895
vt 0.333289 0.291274
vt 0.343162 0.278865
vt 0.348783 0.248276
vt 0.312558 0.329941
vt 0.326873 0.303723
vt 0.343962 0.248888
vt 0.407637 0.346899
vt 0.401415 0.353902
vt 0.378033 0.364952
vt 0.370901 0.363836
vt 0.388847 0.363708
vt 0.355381 0.358112
vt 0.332824 0.348145
vt 0.282786 0.300081
vt 0.284312 0.291009
vt 0.295668 0.329440
vt 0.290028 0.324814
vt 0.283534 0.315972
vt 0.310409 0.337569
vt 0.898587 0.085172
vt 0.885897 0.099889
vt 0.865750 0.120062
vt 0.849110 0.119558
vt 0.920304 0.055801
vt 0.910319 0.069491
vt 0.877901 0.117984
vt 0.882945 0.114145
vt 0.814554 0.094781
vt 0.803943 0.078883
vt 0.832367 0.118146
vt 0.793362 0.061307
vt 0.785658 0.047317
vt 0.820370 0.114328
vt 0.815682 0.109586
vt 0.926770 0.036495
vt 0.926805 0.047631
vt 0.901376 0.009539
vt 0.909267 0.014061
vt 0.919509 0.020600
vt 0.856434 0.001627
vt 0.883262 0.004528
vt 0.780032 0.037113
vt 0.781955 0.026343
vt 0.802407 0.007835
vt 0.811069 0.004397
vt 0.791832 0.012059
vt 0.829558 0.001647
vt 0.576048 0.312339
vt 0.587564 0.323229
vt 0.576229 0.338681
vt 0.561863 0.328797
vt 0.600819 0.334363
vt 0.593133 0.350085
vt 0.583315 0.369050
vt 0.563338 0.358064
vt 0.546652 0.347665
vt 0.540506 0.869155
vt 0.555004 0.876639
vt 0.537682 0.895594
vt 0.525649 0.878227
vt 0.532156 0.368211
vt 0.551765 0.379050
vt 0.573256 0.389960
vt 0.513342 0.910298
vt 0.504750 0.889547
vt 0.492826 0.761918
vt 0.476878 0.765614
vt 0.473033 0.742985
vt 0.497859 0.746846
vt 0.456320 0.772595
vt 0.446078 0.747859
vt 0.416269 0.245630
vt 0.428366 0.265113
vt 0.411161 0.280815
vt 0.397335 0.261124
vt 0.443758 0.282094
vt 0.425592 0.298525
vt 0.629494 0.274491
vt 0.631776 0.269416
vt 0.640448 0.277992
vt 0.634207 0.282352
vt 0.638018 0.264482
vt 0.648272 0.272383
vt 0.657060 0.282465
vt 0.648962 0.289281
vt 0.641985 0.294698
vt 0.549795 0.318217
vt 0.566055 0.301261
vt 0.532539 0.338190
vt 0.519515 0.326289
vt 0.540842 0.306798
vt 0.557563 0.289983
vt 0.539816 0.853956
vt 0.562550 0.856278
vt 0.537223 0.838462
vt 0.562691 0.836016
vt 0.516268 0.358554
vt 0.501808 0.351152
vt 0.490761 0.268751
vt 0.470198 0.275272
vt 0.472699 0.263490
vt 0.491906 0.260441
vt 0.453644 0.262814
vt 0.461438 0.251219
vt 0.475582 0.250141
vt 0.495298 0.249853
vt 0.465906 0.304613
vt 0.451325 0.322824
vt 0.439013 0.311709
vt 0.454442 0.295974
vt 0.528628 0.771605
vt 0.511092 0.787087
vt 0.502120 0.773477
vt 0.515527 0.757596
vt 0.519327 0.862915
vt 0.498347 0.874085
vt 0.492258 0.859381
vt 0.514791 0.848254
vt 0.605093 0.217795
vt 0.600346 0.215803
vt 0.607514 0.202517
vt 0.612953 0.205042
vt 0.594170 0.212615
vt 0.601665 0.199536
vt 0.606248 0.182833
vt 0.614802 0.187676
vt 0.620643 0.191226
vt 0.530109 0.288875
vt 0.539237 0.280118
vt 0.538866 0.293264
vt 0.525118 0.304569
vt 0.547414 0.266914
vt 0.552474 0.279059
vt 0.538522 0.784845
vt 0.517995 0.798603
vt 0.476619 0.310936
vt 0.462367 0.330716
vt 0.488247 0.316456
vt 0.473828 0.337307
vt 0.547809 0.798837
vt 0.524515 0.810081
vt 0.493691 0.276385
vt 0.475027 0.284639
vt 0.499009 0.282935
vt 0.483597 0.292224
vt 0.505404 0.287415
vt 0.492270 0.297563
vt 0.513030 0.289896
vt 0.502108 0.301104
vt 0.504257 0.242941
vt 0.509909 0.248548
vt 0.505143 0.253419
vt 0.512396 0.239384
vt 0.516414 0.245789
vt 0.518951 0.250389
vt 0.514678 0.251277
vt 0.511516 0.254028
vt 0.522493 0.239111
vt 0.524472 0.246006
vt 0.534873 0.242105
vt 0.532462 0.249344
vt 0.530266 0.254207
vt 0.524746 0.251583
vt 0.543376 0.253661
vt 0.538106 0.255859
vt 0.540029 0.264015
vt 0.535123 0.261815
vt 0.533764 0.257689
vt 0.537573 0.271935
vt 0.532284 0.278359
vt 0.532481 0.270342
vt 0.534740 0.266319
vt 0.519246 0.281380
vt 0.525885 0.281099
vt 0.521337 0.291149
vt 0.523011 0.273892
vt 0.528276 0.272722
vt 0.503941 0.271477
vt 0.507818 0.276439
vt 0.501847 0.265625
vt 0.509083 0.262950
vt 0.510578 0.267318
vt 0.513555 0.271019
vt 0.502335 0.259413
vt 0.509538 0.258206
vt 0.502093 0.322632
vt 0.487635 0.344249
vt 0.531754 0.823655
vt 0.556916 0.816618
vt 0.508550 0.832782
vt 0.501777 0.818564
vt 0.485342 0.842680
vt 0.478922 0.827177
vt 0.513086 0.305227
vt 0.512987 0.279923
vt 0.517887 0.273229
vt 0.484551 0.234394
vt 0.494986 0.231663
vt 0.476130 0.218723
vt 0.487556 0.217727
vt 0.498847 0.217561
vt 0.504655 0.229232
vt 0.455103 0.240369
vt 0.470429 0.236132
vt 0.447376 0.226262
vt 0.462595 0.221250
vt 0.441685 0.251217
vt 0.431285 0.234233
vt 0.522417 0.217725
vt 0.527381 0.229409
vt 0.516446 0.229102
vt 0.511741 0.217808
vt 0.483614 0.783370
vt 0.490875 0.797803
vt 0.470312 0.806384
vt 0.464006 0.791155
vt 0.496256 0.808240
vt 0.474561 0.816643
vt 0.592247 0.195095
vt 0.591942 0.196883
vt 0.590700 0.196960
vt 0.591253 0.194749
vt 0.591382 0.198262
vt 0.590410 0.198593
vt 0.589597 0.198243
vt 0.589548 0.196774
vt 0.590137 0.194944
vt 0.572847 0.198519
vt 0.569733 0.202990
vt 0.565351 0.194184
vt 0.571886 0.190458
vt 0.565874 0.206258
vt 0.560472 0.200797
vt 0.552995 0.191615
vt 0.560575 0.184628
vt 0.569584 0.179844
vt 0.623138 0.272915
vt 0.622692 0.265885
vt 0.615901 0.273405
vt 0.612691 0.265060
vt 0.610949 0.257252
vt 0.625198 0.259321
vt 0.598730 0.229213
vt 0.594233 0.227309
vt 0.593177 0.240062
vt 0.588505 0.237789
vt 0.582413 0.234143
vt 0.588474 0.224440
vt 0.581250 0.206637
vt 0.586641 0.212427
vt 0.582140 0.221309
vt 0.576589 0.216772
vt 0.576112 0.229770
vt 0.568445 0.223667
vt 0.628515 0.284144
vt 0.636044 0.297799
vt 0.630147 0.299876
vt 0.622282 0.285601
vt 0.595501 0.312698
vt 0.607144 0.324220
vt 0.585372 0.301448
vt 0.591702 0.293127
vt 0.601400 0.304893
vt 0.612585 0.316802
vt 0.576594 0.290056
vt 0.568652 0.279055
vt 0.575913 0.271167
vt 0.583397 0.281718
vt 0.562563 0.269845
vt 0.556894 0.260559
vt 0.564764 0.255343
vt 0.570253 0.263129
vt 0.550782 0.250434
vt 0.543566 0.239735
vt 0.550922 0.237329
vt 0.558455 0.246767
vt 0.535399 0.228445
vt 0.528947 0.216809
vt 0.533479 0.215080
vt 0.541714 0.226556
vt 0.583382 0.177360
vt 0.581399 0.192577
vt 0.577089 0.190828
vt 0.576006 0.178157
vt 0.576378 0.202178
vt 0.573110 0.210367
vt 0.566760 0.213261
vt 0.555573 0.214248
vt 0.557620 0.207863
vt 0.544481 0.202745
vt 0.548165 0.197615
vt 0.602624 0.280220
vt 0.608940 0.276028
vt 0.616560 0.288710
vt 0.611117 0.292798
vt 0.625172 0.302603
vt 0.620806 0.306079
vt 0.590984 0.255962
vt 0.598789 0.256180
vt 0.603516 0.266053
vt 0.595776 0.268921
vt 0.575132 0.245803
vt 0.578624 0.240835
vt 0.584994 0.245694
vt 0.581861 0.251770
vt 0.590287 0.248943
vt 0.560517 0.231629
vt 0.564369 0.228700
vt 0.572192 0.235414
vt 0.568430 0.239265
vt 0.539107 0.209505
vt 0.541703 0.206409
vt 0.553172 0.218376
vt 0.549829 0.221220
vt 0.588727 0.206127
vt 0.593273 0.204758
vt 0.585412 0.202251
vt 0.587748 0.199640
vt 0.589784 0.201504
vt 0.592493 0.200615
vt 0.584928 0.194063
vt 0.587578 0.186504
vt 0.589283 0.190962
vt 0.587486 0.195143
vt 0.595152 0.178776
vt 0.593589 0.184708
vt 0.598462 0.189035
vt 0.594979 0.192053
vt 0.592442 0.189950
vt 0.597535 0.197450
vt 0.594720 0.196551
vt 0.590244 0.199548
vt 0.591781 0.198928
vt 0.588990 0.198708
vt 0.588708 0.196081
vt 0.589886 0.193440
vt 0.591791 0.192763
vt 0.593235 0.193945
vt 0.593090 0.196583
vt 0.616974 0.206944
vt 0.609134 0.219292
vt 0.624204 0.194292
vt 0.628159 0.197325
vt 0.621672 0.208850
vt 0.614027 0.221077
vt 0.602671 0.230634
vt 0.597349 0.240894
vt 0.607558 0.232284
vt 0.602613 0.241209
vt 0.595178 0.248695
vt 0.596564 0.254273
vt 0.600832 0.246741
vt 0.602565 0.250170
vt 0.597053 0.285855
vt 0.606180 0.298043
vt 0.616852 0.310621
vt 0.582522 0.264053
vt 0.589375 0.274458
vt 0.570668 0.250408
vt 0.576706 0.257095
vt 0.556199 0.234434
vt 0.564013 0.242926
vt 0.536496 0.212359
vt 0.546138 0.223885
vt 0.643972 0.661657
vt 0.642512 0.683369
vt 0.625401 0.680348
vt 0.628155 0.661426
vt 0.640022 0.707509
vt 0.620894 0.703195
vt 0.599042 0.696904
vt 0.605358 0.676658
vt 0.610887 0.660200
vt 0.465044 0.900403
vt 0.481965 0.896316
vt 0.485733 0.917105
vt 0.460081 0.915946
vt 0.614233 0.726233
vt 0.591287 0.718675
vt 0.635838 0.732351
vt 0.422953 0.790852
vt 0.408739 0.783750
vt 0.423567 0.763469
vt 0.436845 0.782192
vt 0.760110 0.757830
vt 0.758892 0.733315
vt 0.781707 0.732296
vt 0.782822 0.755581
vt 0.803976 0.727145
vt 0.806547 0.751357
vt 0.631565 0.597493
vt 0.622745 0.600047
vt 0.621113 0.592626
vt 0.633336 0.592224
vt 0.608643 0.603853
vt 0.607185 0.595179
vt 0.605810 0.584703
vt 0.619117 0.583204
vt 0.632061 0.584358
vt 0.658815 0.660702
vt 0.658478 0.684242
vt 0.672742 0.658584
vt 0.672836 0.682357
vt 0.674263 0.711246
vt 0.656679 0.710628
vt 0.440351 0.906880
vt 0.454787 0.889166
vt 0.653949 0.736573
vt 0.669406 0.741408
vt 0.425927 0.892650
vt 0.445668 0.876375
vt 0.735161 0.690551
vt 0.740233 0.683865
vt 0.751650 0.699622
vt 0.745079 0.709726
vt 0.745380 0.673988
vt 0.759092 0.688159
vt 0.768298 0.698963
vt 0.765555 0.712676
vt 0.727421 0.733535
vt 0.741582 0.735541
vt 0.741364 0.757607
vt 0.724885 0.756751
vt 0.424552 0.805597
vt 0.403843 0.803844
vt 0.427829 0.821566
vt 0.404481 0.823014
vt 0.475612 0.881017
vt 0.468455 0.867441
vt 0.690323 0.573419
vt 0.694148 0.558840
vt 0.699731 0.561051
vt 0.695057 0.575453
vt 0.699035 0.543764
vt 0.705599 0.545573
vt 0.714971 0.548426
vt 0.705954 0.563203
vt 0.701644 0.577676
vt 0.693032 0.677155
vt 0.685551 0.691831
vt 0.683730 0.674096
vt 0.692673 0.664472
vt 0.684012 0.654365
vt 0.696137 0.649284
vt 0.431087 0.834591
vt 0.406844 0.839373
vt 0.434591 0.847318
vt 0.410167 0.855834
vt 0.703331 0.726174
vt 0.715419 0.730447
vt 0.711574 0.754549
vt 0.698880 0.751167
vt 0.735052 0.712926
vt 0.727687 0.693868
vt 0.723650 0.712234
vt 0.719307 0.694719
vt 0.713768 0.709903
vt 0.711642 0.693421
vt 0.704323 0.705496
vt 0.704486 0.689875
vt 0.735874 0.669590
vt 0.735926 0.662807
vt 0.743884 0.662763
vt 0.730907 0.665471
vt 0.730634 0.661474
vt 0.728110 0.657749
vt 0.733159 0.656264
vt 0.740524 0.654524
vt 0.727164 0.650728
vt 0.733463 0.647249
vt 0.723112 0.654462
vt 0.717241 0.652343
vt 0.719162 0.647386
vt 0.722530 0.640590
vt 0.710559 0.648048
vt 0.708335 0.642760
vt 0.712387 0.652437
vt 0.708494 0.654368
vt 0.703447 0.652439
vt 0.699583 0.659801
vt 0.705575 0.657798
vt 0.704303 0.662210
vt 0.698858 0.668136
vt 0.697673 0.684956
vt 0.701479 0.674664
vt 0.706049 0.679535
vt 0.705608 0.667233
vt 0.708575 0.671514
vt 0.717644 0.683825
vt 0.723890 0.683114
vt 0.717438 0.675720
vt 0.722071 0.675513
vt 0.726276 0.673473
vt 0.729511 0.680510
vt 0.733563 0.675754
vt 0.729306 0.669849
vt 0.684275 0.746413
vt 0.689188 0.720856
vt 0.439068 0.862036
vt 0.416297 0.874848
vt 0.456670 0.837243
vt 0.461931 0.852087
vt 0.693633 0.700751
vt 0.711610 0.682707
vt 0.712718 0.674477
vt 0.758448 0.661328
vt 0.763940 0.670665
vt 0.753233 0.652770
vt 0.765624 0.648600
vt 0.773602 0.656763
vt 0.781032 0.665635
vt 0.772687 0.681949
vt 0.780479 0.695847
vt 0.788821 0.677102
vt 0.795976 0.691516
vt 0.782172 0.713018
vt 0.801584 0.708569
vt 0.748565 0.632104
vt 0.756172 0.639656
vt 0.744854 0.644392
vt 0.736812 0.636933
vt 0.444634 0.799511
vt 0.449703 0.814852
vt 0.453276 0.826038
vt 0.715711 0.566935
vt 0.716611 0.567455
vt 0.715371 0.569345
vt 0.714614 0.568364
vt 0.717192 0.568424
vt 0.716242 0.570093
vt 0.715145 0.571036
vt 0.714374 0.570660
vt 0.713981 0.569716
vt 0.726635 0.583238
vt 0.733117 0.578356
vt 0.734955 0.585610
vt 0.725570 0.588558
vt 0.742377 0.572669
vt 0.745161 0.582411
vt 0.745370 0.592591
vt 0.733562 0.593655
vt 0.725884 0.593583
vt 0.642441 0.595850
vt 0.637321 0.600674
vt 0.645060 0.589333
vt 0.657008 0.597648
vt 0.650374 0.602122
vt 0.642308 0.605985
vt 0.691019 0.587939
vt 0.686518 0.586049
vt 0.697091 0.590060
vt 0.694386 0.601243
vt 0.687504 0.599456
vt 0.682602 0.597720
vt 0.714897 0.582854
vt 0.710884 0.593245
vt 0.703750 0.592432
vt 0.706981 0.582999
vt 0.711691 0.603886
vt 0.701943 0.602679
vt 0.625722 0.605200
vt 0.629305 0.610485
vt 0.613823 0.615547
vt 0.610914 0.610106
vt 0.613419 0.648640
vt 0.629809 0.648394
vt 0.614662 0.639594
vt 0.630986 0.638728
vt 0.646140 0.636968
vt 0.644899 0.647345
vt 0.659111 0.645285
vt 0.660049 0.634535
vt 0.672785 0.632202
vt 0.672466 0.642965
vt 0.683261 0.640676
vt 0.682467 0.630451
vt 0.691857 0.628804
vt 0.693822 0.638076
vt 0.705303 0.635240
vt 0.702393 0.627216
vt 0.714404 0.625909
vt 0.717974 0.632796
vt 0.731742 0.630618
vt 0.728543 0.624853
vt 0.742465 0.622558
vt 0.744513 0.626907
vt 0.734613 0.561123
vt 0.739134 0.566923
vt 0.729219 0.574904
vt 0.724946 0.573049
vt 0.721530 0.583248
vt 0.717905 0.591253
vt 0.720271 0.597819
vt 0.730542 0.600575
vt 0.727472 0.606468
vt 0.744497 0.600126
vt 0.743462 0.606281
vt 0.647271 0.620082
vt 0.632431 0.623334
vt 0.631321 0.616648
vt 0.645588 0.612683
vt 0.616256 0.626300
vt 0.615532 0.620856
vt 0.672661 0.610614
vt 0.660076 0.616647
vt 0.656428 0.609192
vt 0.666732 0.605321
vt 0.691210 0.614677
vt 0.682182 0.614116
vt 0.684302 0.607567
vt 0.692274 0.608676
vt 0.678231 0.606097
vt 0.711618 0.615098
vt 0.700603 0.614836
vt 0.700678 0.609444
vt 0.710975 0.610307
vt 0.742434 0.614755
vt 0.726555 0.615390
vt 0.726216 0.611042
vt 0.742809 0.610784
vt 0.707964 0.572845
vt 0.710069 0.577104
vt 0.711514 0.570527
vt 0.712680 0.573126
vt 0.715396 0.573356
vt 0.715144 0.576842
vt 0.721403 0.571568
vt 0.718834 0.570488
vt 0.720673 0.566314
vt 0.725088 0.564448
vt 0.722324 0.558864
vt 0.725549 0.553634
vt 0.719296 0.563311
vt 0.716048 0.562880
vt 0.715835 0.558297
vt 0.710340 0.564725
vt 0.712951 0.566127
vt 0.713228 0.569875
vt 0.713781 0.571431
vt 0.715212 0.571803
vt 0.717304 0.570253
vt 0.718455 0.567591
vt 0.717697 0.565715
vt 0.715874 0.565436
vt 0.714051 0.567324
vt 0.686446 0.571550
vt 0.690002 0.557220
vt 0.681774 0.569257
vt 0.685398 0.555109
vt 0.689464 0.542390
vt 0.694371 0.543250
vt 0.679090 0.595320
vt 0.682754 0.584217
vt 0.675197 0.591764
vt 0.678166 0.581860
vt 0.670001 0.605336
vt 0.674989 0.602411
vt 0.668804 0.598108
vt 0.672466 0.596962
vt 0.632339 0.630509
vt 0.647371 0.628013
vt 0.615922 0.632240
vt 0.660830 0.625122
vt 0.673039 0.622430
vt 0.682100 0.621573
vt 0.691127 0.621113
vt 0.701147 0.620559
vt 0.712694 0.620133
vt 0.727283 0.619861
vt 0.742252 0.618561
vt 0.172726 0.013546
vt 0.175887 0.012272
vt 0.176160 0.016512
vt 0.172111 0.016922
vt 0.180420 0.011327
vt 0.180623 0.015871
vt 0.180952 0.020546
vt 0.176339 0.020946
vt 0.172089 0.021368
vt 0.185234 0.011286
vt 0.185400 0.015590
vt 0.188900 0.011965
vt 0.190089 0.015267
vt 0.190890 0.019901
vt 0.185879 0.020192
vt 0.176886 0.025366
vt 0.172902 0.025720
vt 0.181374 0.025234
vt 0.181902 0.029812
vt 0.177362 0.029605
vt 0.174141 0.028920
vt 0.186107 0.024833
vt 0.190821 0.024634
vt 0.190180 0.028116
vt 0.186625 0.029202
vt 0.167468 0.008296
vt 0.173424 0.003619
vt 0.174874 0.008135
vt 0.170517 0.011421
vt 0.180959 0.001626
vt 0.180464 0.006683
vt 0.188653 0.002770
vt 0.186360 0.007085
vt 0.195086 0.006624
vt 0.191471 0.009611
vt 0.199524 0.012506
vt 0.194736 0.014122
vt 0.201344 0.019729
vt 0.196012 0.019754
vt 0.200193 0.027043
vt 0.195438 0.025481
vt 0.196449 0.033234
vt 0.192821 0.030335
vt 0.190676 0.037575
vt 0.188198 0.033369
vt 0.183520 0.039448
vt 0.182561 0.034468
vt 0.176182 0.038493
vt 0.176990 0.033844
vt 0.169837 0.035021
vt 0.172266 0.031384
vt 0.165208 0.029479
vt 0.169144 0.027093
vt 0.163030 0.022371
vt 0.167819 0.021778
vt 0.163837 0.014866
vt 0.168183 0.016303
vt 0.449986 0.013546
vt 0.449372 0.016922
vt 0.453421 0.016512
vt 0.453148 0.012272
vt 0.457884 0.015871
vt 0.457680 0.011327
vt 0.458213 0.020546
vt 0.453599 0.020946
vt 0.449349 0.021368
vt 0.462660 0.015590
vt 0.462494 0.011286
vt 0.467349 0.015267
vt 0.466161 0.011965
vt 0.468150 0.019901
vt 0.463139 0.020192
vt 0.450162 0.025720
vt 0.454146 0.025366
vt 0.458634 0.025234
vt 0.459163 0.029812
vt 0.454622 0.029605
vt 0.451402 0.028920
vt 0.463367 0.024833
vt 0.468082 0.024633
vt 0.467440 0.028116
vt 0.463885 0.029202
vt 0.444729 0.008296
vt 0.447778 0.011421
vt 0.452135 0.008135
vt 0.450684 0.003619
vt 0.457725 0.006683
vt 0.458220 0.001626
vt 0.463620 0.007085
vt 0.465913 0.002770
vt 0.468732 0.009611
vt 0.472346 0.006624
vt 0.471997 0.014122
vt 0.476784 0.012506
vt 0.473272 0.019754
vt 0.478605 0.019729
vt 0.472698 0.025481
vt 0.477453 0.027043
vt 0.470081 0.030335
vt 0.473710 0.033234
vt 0.465459 0.033369
vt 0.467936 0.037575
vt 0.459821 0.034468
vt 0.460781 0.039448
vt 0.454251 0.033844
vt 0.453442 0.038493
vt 0.449527 0.031384
vt 0.447098 0.035021
vt 0.446404 0.027093
vt 0.442469 0.029479
vt 0.445080 0.021778
vt 0.440290 0.022371
vt 0.445444 0.016303
vt 0.441097 0.014866
vt 0.771435 0.418687
vt 0.764578 0.463513
vt 0.751125 0.462222
vt 0.757514 0.417295
vt 0.737835 0.461003
vt 0.744164 0.416258
vt 0.705141 0.459116
vt 0.706897 0.415567
vt 0.729884 0.415814
vt 0.723948 0.460009
vt 0.760933 0.481144
vt 0.749146 0.479792
vt 0.756165 0.498446
vt 0.745388 0.497151
vt 0.733416 0.496483
vt 0.736176 0.478979
vt 0.749041 0.519191
vt 0.739290 0.517491
vt 0.731355 0.536696
vt 0.723453 0.535259
vt 0.728973 0.516374
vt 0.711816 0.534605
vt 0.702825 0.534094
vt 0.703438 0.515285
vt 0.718273 0.515662
vt 0.704023 0.495575
vt 0.718282 0.496004
vt 0.704550 0.477887
vt 0.720148 0.478352
vt 0.480256 0.647780
vt 0.453716 0.648278
vt 0.449510 0.603832
vt 0.479883 0.603458
vt 0.436096 0.649013
vt 0.431513 0.604305
vt 0.421915 0.649827
vt 0.417000 0.604712
vt 0.437231 0.667307
vt 0.424260 0.668356
vt 0.454656 0.667192
vt 0.456325 0.685683
vt 0.439655 0.685659
vt 0.428269 0.686622
vt 0.480555 0.667401
vt 0.480888 0.686867
vt 0.481299 0.709202
vt 0.481414 0.716303
vt 0.462084 0.726024
vt 0.459571 0.707663
vt 0.457810 0.696571
vt 0.481085 0.697556
vt 0.451624 0.727797
vt 0.444467 0.708372
vt 0.444353 0.729868
vt 0.434767 0.710156
vt 0.431383 0.698224
vt 0.441842 0.696803
vt 0.750184 0.543153
vt 0.739068 0.538754
vt 0.761503 0.523067
vt 0.770544 0.485158
vt 0.763550 0.504294
vt 0.774892 0.464957
vt 0.782878 0.419975
vt 0.794307 0.421351
vt 0.785040 0.466040
vt 0.802607 0.422949
vt 0.813262 0.424655
vt 0.803617 0.468786
vt 0.794204 0.467328
vt 0.409529 0.672308
vt 0.409354 0.651100
vt 0.376508 0.653079
vt 0.370366 0.607302
vt 0.379300 0.606723
vt 0.384435 0.652579
vt 0.391411 0.605759
vt 0.397137 0.651955
vt 0.404322 0.605223
vt 0.370165 0.660400
vt 0.384619 0.663543
vt 0.779084 0.478966
vt 0.770092 0.536031
vt 0.759649 0.550879
vt 0.423344 0.687915
vt 0.427780 0.699563
vt 0.398037 0.669328
vt 0.788362 0.475229
vt 0.429042 0.740981
vt 0.421537 0.750467
vt 0.408418 0.738768
vt 0.418452 0.727349
vt 0.360312 0.660569
vt 0.365008 0.654778
vt 0.230574 0.616398
vt 0.219712 0.616398
vt 0.219712 0.595449
vt 0.230574 0.595449
vt 0.313782 0.616398
vt 0.306099 0.616398
vt 0.306099 0.595449
vt 0.313782 0.595449
vt 0.278694 0.541082
vt 0.287247 0.541082
vt 0.287247 0.568745
vt 0.278694 0.568745
vt 0.255654 0.616398
vt 0.255654 0.631762
vt 0.248646 0.631762
vt 0.248646 0.616398
vt 0.241719 0.616398
vt 0.241719 0.631762
vt 0.313782 0.631762
vt 0.306099 0.631762
vt 0.294297 0.631762
vt 0.294297 0.616398
vt 0.287247 0.616398
vt 0.287247 0.631762
vt 0.278694 0.631762
vt 0.278694 0.616398
vt 0.322337 0.631762
vt 0.322337 0.616398
vt 0.331260 0.631762
vt 0.331260 0.616398
vt 0.340147 0.631762
vt 0.340147 0.616398
vt 0.349201 0.631762
vt 0.349201 0.616398
vt 0.241719 0.541082
vt 0.241719 0.568745
vt 0.230574 0.568745
vt 0.230574 0.541082
vt 0.211193 0.541082
vt 0.219712 0.541082
vt 0.219712 0.568745
vt 0.211193 0.568745
vt 0.349201 0.541082
vt 0.349201 0.568745
vt 0.340147 0.568745
vt 0.340147 0.541082
vt 0.331260 0.568745
vt 0.331260 0.541082
vt 0.322337 0.568745
vt 0.322337 0.541082
vt 0.313782 0.568745
vt 0.313782 0.541082
vt 0.294297 0.595449
vt 0.287247 0.595449
vt 0.269612 0.616398
vt 0.269612 0.595449
vt 0.278694 0.595449
vt 0.269612 0.541082
vt 0.269612 0.568745
vt 0.262320 0.568745
vt 0.262320 0.541082
vt 0.255654 0.568745
vt 0.255654 0.541082
vt 0.248646 0.568745
vt 0.248646 0.541082
vt 0.426447 0.714287
vt 0.358847 0.608226
vt 0.796836 0.472279
vt 0.306099 0.541082
vt 0.306099 0.568745
vt 0.241719 0.595449
vt 0.211193 0.595449
vt 0.349201 0.595449
vt 0.340147 0.595449
vt 0.331260 0.595449
vt 0.322337 0.595449
vt 0.294297 0.541082
vt 0.294297 0.568745
vt 0.262320 0.595449
vt 0.255654 0.595449
vt 0.248646 0.595449
vt 0.437107 0.733495
vt 0.414524 0.757433
vt 0.400027 0.746047
vt 0.641781 0.413467
vt 0.655711 0.413145
vt 0.659065 0.458773
vt 0.645592 0.459148
vt 0.672379 0.458532
vt 0.669122 0.413572
vt 0.686310 0.458599
vt 0.683774 0.414541
vt 0.659955 0.476571
vt 0.648138 0.477154
vt 0.662677 0.494254
vt 0.651865 0.494888
vt 0.674652 0.494384
vt 0.672932 0.476662
vt 0.667561 0.515011
vt 0.657754 0.516129
vt 0.674269 0.534674
vt 0.677907 0.514567
vt 0.682213 0.533780
vt 0.693836 0.533957
vt 0.688617 0.514598
vt 0.689774 0.494971
vt 0.688960 0.477201
vt 0.510227 0.603530
vt 0.506844 0.647888
vt 0.528204 0.603837
vt 0.524500 0.648342
vt 0.542721 0.604073
vt 0.538726 0.648901
vt 0.536937 0.667300
vt 0.523905 0.666536
vt 0.506464 0.666750
vt 0.505428 0.685201
vt 0.522102 0.684793
vt 0.533540 0.685425
vt 0.502990 0.707175
vt 0.501090 0.725573
vt 0.504341 0.696079
vt 0.518104 0.707513
vt 0.511635 0.727105
vt 0.527816 0.708971
vt 0.519024 0.729025
vt 0.520309 0.695916
vt 0.530805 0.696984
vt 0.655143 0.540075
vt 0.645151 0.519335
vt 0.666474 0.536246
vt 0.644177 0.500375
vt 0.638349 0.480601
vt 0.635232 0.459930
vt 0.630246 0.414088
vt 0.618697 0.414809
vt 0.625066 0.460377
vt 0.610306 0.415855
vt 0.615864 0.461111
vt 0.606387 0.462005
vt 0.599491 0.416900
vt 0.551348 0.649922
vt 0.551815 0.670883
vt 0.584326 0.651257
vt 0.576373 0.650866
vt 0.580512 0.605484
vt 0.589438 0.605866
vt 0.568316 0.604689
vt 0.563622 0.650525
vt 0.555405 0.604395
vt 0.590036 0.659726
vt 0.576563 0.661710
vt 0.630231 0.473814
vt 0.635929 0.531765
vt 0.645197 0.547455
vt 0.538541 0.686550
vt 0.534447 0.698164
vt 0.563288 0.667700
vt 0.621280 0.469426
vt 0.535081 0.739861
vt 0.544457 0.725213
vt 0.554737 0.735128
vt 0.543502 0.749943
vt 0.600956 0.658246
vt 0.595905 0.652534
vt 0.046144 0.925644
vt 0.066690 0.925644
vt 0.066690 0.936025
vt 0.046144 0.936025
vt 0.046144 0.843180
vt 0.066690 0.843180
vt 0.066690 0.850127
vt 0.046144 0.850127
vt 0.106960 0.875495
vt 0.086640 0.875495
vt 0.086640 0.868106
vt 0.106960 0.868106
vt 0.024889 0.903009
vt 0.024889 0.896341
vt 0.046144 0.896341
vt 0.046144 0.903009
vt 0.046144 0.914246
vt 0.024889 0.914246
vt 0.024889 0.850127
vt 0.024889 0.843180
vt 0.046144 0.861255
vt 0.024889 0.861255
vt 0.046144 0.868106
vt 0.046144 0.875495
vt 0.024889 0.875495
vt 0.024889 0.868106
vt 0.024889 0.835439
vt 0.046144 0.835439
vt 0.024889 0.827597
vt 0.046144 0.827597
vt 0.024889 0.820657
vt 0.046144 0.820657
vt 0.046144 0.953288
vt 0.024889 0.953288
vt 0.024889 0.944913
vt 0.046144 0.944913
vt 0.106960 0.914246
vt 0.106960 0.925644
vt 0.086640 0.925644
vt 0.086640 0.914246
vt 0.106960 0.944913
vt 0.086640 0.944913
vt 0.086640 0.936025
vt 0.106960 0.936025
vt 0.106960 0.953288
vt 0.086640 0.953288
vt 0.106960 0.820657
vt 0.106960 0.827597
vt 0.086640 0.827597
vt 0.086640 0.820657
vt 0.106960 0.835439
vt 0.086640 0.835439
vt 0.106960 0.843180
vt 0.086640 0.843180
vt 0.066690 0.861255
vt 0.066690 0.868106
vt 0.066690 0.875495
vt 0.066690 0.882908
vt 0.046144 0.882908
vt 0.106960 0.882908
vt 0.106960 0.890083
vt 0.086640 0.890083
vt 0.086640 0.882908
vt 0.106960 0.896341
vt 0.086640 0.896341
vt 0.106960 0.903009
vt 0.086640 0.903009
vt 0.536201 0.712699
vt 0.600884 0.606531
vt 0.613118 0.465979
vt 0.106960 0.850127
vt 0.086640 0.850127
vt 0.066690 0.914246
vt 0.066690 0.944913
vt 0.066690 0.953288
vt 0.066690 0.827597
vt 0.066690 0.820657
vt 0.066690 0.835439
vt 0.106960 0.861255
vt 0.086640 0.861255
vt 0.066690 0.890083
vt 0.066690 0.896341
vt 0.066690 0.903009
vt 0.526478 0.732470
vt 0.637463 0.555091
vt 0.628341 0.539229
vt 0.391576 0.937866
vt 0.383891 0.937866
vt 0.383891 0.925819
vt 0.391576 0.925819
vt 0.400325 0.937866
vt 0.400325 0.925819
vt 0.344385 0.925819
vt 0.344385 0.937866
vt 0.335353 0.937866
vt 0.335353 0.925819
vt 0.353012 0.925819
vt 0.353012 0.937866
vt 0.360786 0.925819
vt 0.360786 0.937866
vt 0.376071 0.937866
vt 0.376071 0.925819
vt 0.911266 0.968820
vt 0.911266 0.965410
vt 0.918640 0.965410
vt 0.918640 0.968820
vt 0.925933 0.965410
vt 0.925933 0.968820
vt 0.864642 0.965410
vt 0.872340 0.965410
vt 0.872340 0.968820
vt 0.864642 0.968820
vt 0.880411 0.965410
vt 0.880411 0.968820
vt 0.888794 0.965410
vt 0.888794 0.968820
vt 0.903844 0.968820
vt 0.903844 0.965410
vt 0.748167 0.382264
vt 0.764929 0.380069
vt 0.707891 0.386413
vt 0.730483 0.383072
vt 0.448517 0.567120
vt 0.479864 0.566744
vt 0.430343 0.567451
vt 0.415806 0.567766
vt 0.778144 0.381964
vt 0.789615 0.383469
vt 0.809998 0.385712
vt 0.821750 0.386581
vt 0.801295 0.384671
vt 0.368002 0.567892
vt 0.377379 0.568047
vt 0.390048 0.567752
vt 0.403131 0.567829
vt 0.355680 0.567667
vt 0.651188 0.378293
vt 0.658115 0.376206
vt 0.685360 0.384455
vt 0.511124 0.566956
vt 0.529271 0.567187
vt 0.543712 0.567460
vt 0.625938 0.377097
vt 0.637615 0.376384
vt 0.593890 0.377698
vt 0.605454 0.377667
vt 0.614222 0.377296
vt 0.582094 0.567484
vt 0.591532 0.567181
vt 0.556401 0.567480
vt 0.569510 0.567333
vt 0.604083 0.566669
vt 0.746429 0.363818
vt 0.767383 0.360441
vt 0.708628 0.367680
vt 0.730418 0.365630
vt 0.449504 0.548436
vt 0.479977 0.548040
vt 0.431384 0.548576
vt 0.416855 0.549072
vt 0.779799 0.363364
vt 0.790783 0.365011
vt 0.810261 0.366243
vt 0.820999 0.366160
vt 0.801860 0.366263
vt 0.369593 0.548169
vt 0.378631 0.548550
vt 0.391078 0.548900
vt 0.404103 0.548930
vt 0.357908 0.546918
vt 0.649720 0.358507
vt 0.659369 0.364656
vt 0.688028 0.367129
vt 0.510435 0.548320
vt 0.528455 0.548387
vt 0.542974 0.548860
vt 0.626317 0.358668
vt 0.637256 0.358307
vt 0.596025 0.357043
vt 0.606925 0.358056
vt 0.615253 0.358799
vt 0.580923 0.548169
vt 0.589857 0.547697
vt 0.555610 0.548727
vt 0.568547 0.548707
vt 0.601264 0.546242
vt 0.631981 0.968441
vt 0.655172 0.968441
vt 0.655172 0.971842
vt 0.631981 0.971842
vt 0.678421 0.968441
vt 0.704342 0.968441
vt 0.704342 0.971842
vt 0.678421 0.971842
vt 0.335719 0.982625
vt 0.308956 0.982625
vt 0.308956 0.966815
vt 0.335719 0.966815
vt 0.287631 0.982625
vt 0.287631 0.966815
vt 0.273493 0.982625
vt 0.273493 0.966815
vt 0.595089 0.968441
vt 0.608726 0.968441
vt 0.608726 0.971842
vt 0.595089 0.971842
vt 0.561348 0.968441
vt 0.572365 0.968441
vt 0.572365 0.971842
vt 0.561348 0.971842
vt 0.582976 0.968441
vt 0.582976 0.971842
vt 0.239848 0.982625
vt 0.230661 0.982625
vt 0.230661 0.966815
vt 0.239848 0.966815
vt 0.261771 0.982625
vt 0.250756 0.982625
vt 0.250756 0.966815
vt 0.261771 0.966815
vt 0.221606 0.982625
vt 0.221606 0.966815
vt 0.761827 0.968441
vt 0.775426 0.968441
vt 0.775426 0.971842
vt 0.761827 0.971842
vt 0.733828 0.968441
vt 0.733828 0.971842
vt 0.357040 0.982625
vt 0.357040 0.966815
vt 0.371178 0.982625
vt 0.371178 0.966815
vt 0.382903 0.982625
vt 0.382903 0.966815
vt 0.789498 0.968441
vt 0.801597 0.968441
vt 0.801597 0.971842
vt 0.789498 0.971842
vt 0.822824 0.968441
vt 0.834774 0.968441
vt 0.834774 0.971842
vt 0.822824 0.971842
vt 0.812225 0.968441
vt 0.812225 0.971842
vt 0.422785 0.982625
vt 0.414016 0.982625
vt 0.414016 0.966815
vt 0.422785 0.966815
vt 0.404826 0.982625
vt 0.393915 0.982625
vt 0.393915 0.966815
vt 0.404826 0.966815
vt 0.432399 0.982625
vt 0.432399 0.966815
vt 0.368287 0.937866
vt 0.368287 0.925819
vt 0.430169 0.925819
vt 0.439866 0.925819
vt 0.439866 0.937866
vt 0.430169 0.937866
vt 0.420380 0.925819
vt 0.420380 0.937866
vt 0.410256 0.925819
vt 0.410256 0.937866
vt 0.448286 0.925819
vt 0.448286 0.937866
vt 0.456427 0.925819
vt 0.456427 0.937866
vt 0.464247 0.925819
vt 0.464247 0.937866
vt 0.327043 0.937866
vt 0.327043 0.925819
vt 0.024889 0.882908
vt 0.024889 0.890083
vt 0.009623 0.890083
vt 0.009623 0.882908
vt 0.009623 0.875495
vt 0.009623 0.936025
vt 0.024889 0.936025
vt 0.009623 0.944913
vt 0.009623 0.925644
vt 0.024889 0.925644
vt 0.009623 0.914246
vt 0.009623 0.896341
vt 0.896566 0.968820
vt 0.896566 0.965410
vt 0.964101 0.965410
vt 0.964101 0.968820
vt 0.954242 0.968820
vt 0.954242 0.965410
vt 0.944186 0.968820
vt 0.944186 0.965410
vt 0.934353 0.965410
vt 0.934353 0.968820
vt 0.972929 0.965410
vt 0.972929 0.968820
vt 0.981502 0.968820
vt 0.981502 0.965410
vt 0.989749 0.968820
vt 0.989749 0.965410
vt 0.997544 0.968820
vt 0.997544 0.965410
vt 0.262320 0.638980
vt 0.262320 0.631762
vt 0.269612 0.631762
vt 0.269612 0.638980
vt 0.278694 0.638980
vt 0.211193 0.631762
vt 0.219712 0.631762
vt 0.219712 0.638980
vt 0.211193 0.638980
vt 0.230574 0.631762
vt 0.230574 0.638980
vt 0.241719 0.638980
vt 0.255654 0.638980
vt 0.009623 0.903009
vt 0.009623 0.850127
vt 0.009623 0.843180
vt 0.009623 0.861255
vt 0.009623 0.868106
vt 0.009623 0.835439
vt 0.009623 0.827597
vt 0.009623 0.820657
vt 0.009623 0.953288
vt 0.046144 0.890083
vt 0.248646 0.638980
vt 0.313782 0.638980
vt 0.306099 0.638980
vt 0.294297 0.638980
vt 0.287247 0.638980
vt 0.322337 0.638980
vt 0.331260 0.638980
vt 0.340147 0.638980
vt 0.349201 0.638980
vt 0.262320 0.616398
vt 0.211193 0.616398
vt 0.230315 0.760912
vt 0.217967 0.762638
vt 0.209934 0.718405
vt 0.222756 0.716110
vt 0.235316 0.713935
vt 0.242475 0.759326
vt 0.248338 0.712296
vt 0.270193 0.711235
vt 0.272130 0.757162
vt 0.254889 0.758136
vt 0.232587 0.778216
vt 0.221780 0.779633
vt 0.236229 0.795409
vt 0.226326 0.796357
vt 0.244202 0.777415
vt 0.246890 0.795123
vt 0.241827 0.815477
vt 0.232876 0.816173
vt 0.251116 0.815158
vt 0.255855 0.834654
vt 0.248979 0.835145
vt 0.274223 0.814811
vt 0.274875 0.833902
vt 0.266466 0.834214
vt 0.260511 0.814981
vt 0.260490 0.794953
vt 0.273513 0.794549
vt 0.258649 0.776756
vt 0.272855 0.776295
vt 0.113912 0.102121
vt 0.150324 0.128330
vt 0.137447 0.149260
vt 0.098981 0.127076
vt 0.123105 0.088152
vt 0.159289 0.115057
vt 0.130531 0.077363
vt 0.166520 0.104877
vt 0.173857 0.124963
vt 0.180559 0.115953
vt 0.165728 0.138193
vt 0.188266 0.135842
vt 0.180755 0.148570
vt 0.194044 0.127849
vt 0.153769 0.158789
vt 0.170080 0.168343
vt 0.214598 0.175219
vt 0.195376 0.183235
vt 0.189017 0.179485
vt 0.198821 0.162471
vt 0.178946 0.173557
vt 0.189469 0.155085
vt 0.220125 0.166833
vt 0.205792 0.150916
vt 0.224005 0.161479
vt 0.211085 0.143948
vt 0.196752 0.142936
vt 0.202274 0.135655
vt 0.241934 0.836015
vt 0.231350 0.838193
vt 0.220711 0.818170
vt 0.212451 0.784319
vt 0.218712 0.801716
vt 0.209078 0.764506
vt 0.199980 0.720436
vt 0.200707 0.766126
vt 0.190335 0.722552
vt 0.184751 0.769754
vt 0.173327 0.727404
vt 0.183273 0.724772
vt 0.193025 0.767949
vt 0.190231 0.107780
vt 0.173511 0.096375
vt 0.151559 0.050505
vt 0.156758 0.044098
vt 0.191942 0.073377
vt 0.187448 0.078762
vt 0.180377 0.087834
vt 0.144306 0.059036
vt 0.137221 0.068324
vt 0.197226 0.075806
vt 0.191783 0.082897
vt 0.204688 0.780393
vt 0.222169 0.844288
vt 0.212383 0.828237
vt 0.198408 0.124157
vt 0.205490 0.132711
vt 0.189773 0.097258
vt 0.196947 0.779290
vt 0.241949 0.133609
vt 0.249960 0.151860
vt 0.238541 0.153254
vt 0.230060 0.136977
vt 0.198778 0.064777
vt 0.207310 0.067902
vt 0.279815 0.942822
vt 0.259597 0.942822
vt 0.259597 0.935447
vt 0.279815 0.935447
vt 0.279815 0.873999
vt 0.259597 0.873999
vt 0.259597 0.867970
vt 0.279815 0.867970
vt 0.302021 0.888750
vt 0.323361 0.888750
vt 0.323361 0.896401
vt 0.302021 0.896401
vt 0.243335 0.919739
vt 0.243335 0.914625
vt 0.259597 0.914625
vt 0.259597 0.919739
vt 0.259597 0.925653
vt 0.243335 0.925653
vt 0.243335 0.873999
vt 0.243335 0.867970
vt 0.243335 0.882350
vt 0.259597 0.882350
vt 0.243335 0.896401
vt 0.243335 0.888750
vt 0.259597 0.888750
vt 0.259597 0.896401
vt 0.243335 0.861089
vt 0.259597 0.861089
vt 0.243335 0.854492
vt 0.259597 0.854492
vt 0.243335 0.847917
vt 0.259597 0.847917
vt 0.243335 0.842487
vt 0.259597 0.842487
vt 0.302021 0.935447
vt 0.302021 0.925653
vt 0.323361 0.925653
vt 0.323361 0.935447
vt 0.302021 0.942822
vt 0.323361 0.942822
vt 0.323361 0.952324
vt 0.302021 0.952324
vt 0.302021 0.847917
vt 0.302021 0.842487
vt 0.323361 0.842487
vt 0.323361 0.847917
vt 0.302021 0.854492
vt 0.323361 0.854492
vt 0.302021 0.861089
vt 0.323361 0.861089
vt 0.302021 0.867970
vt 0.323361 0.867970
vt 0.279815 0.882350
vt 0.279815 0.888750
vt 0.279815 0.902210
vt 0.259597 0.902210
vt 0.279815 0.896401
vt 0.302021 0.909484
vt 0.302021 0.902210
vt 0.323361 0.902210
vt 0.323361 0.909484
vt 0.302021 0.914625
vt 0.323361 0.914625
vt 0.302021 0.919739
vt 0.323361 0.919739
vt 0.217462 0.137989
vt 0.163604 0.035889
vt 0.189285 0.777559
vt 0.323361 0.873999
vt 0.302021 0.873999
vt 0.279815 0.925653
vt 0.279815 0.952324
vt 0.279815 0.847917
vt 0.279815 0.842487
vt 0.279815 0.854492
vt 0.279815 0.861089
vt 0.323361 0.882350
vt 0.302021 0.882350
vt 0.279815 0.909484
vt 0.279815 0.914625
vt 0.279815 0.919739
vt 0.229267 0.156785
vt 0.249238 0.127812
vt 0.256637 0.145131
vt 0.314113 0.757432
vt 0.318147 0.711674
vt 0.331125 0.713002
vt 0.326530 0.758174
vt 0.301885 0.756855
vt 0.305288 0.710721
vt 0.292136 0.710408
vt 0.289410 0.756712
vt 0.313128 0.774980
vt 0.323989 0.775554
vt 0.310734 0.792516
vt 0.320667 0.792725
vt 0.300091 0.793046
vt 0.301500 0.775104
vt 0.306559 0.813037
vt 0.315528 0.813083
vt 0.297280 0.813407
vt 0.300778 0.833204
vt 0.293892 0.833224
vt 0.287904 0.813938
vt 0.283284 0.833580
vt 0.286525 0.793933
vt 0.287051 0.775610
vt 0.085020 0.152582
vt 0.125768 0.170936
vt 0.077611 0.167568
vt 0.118744 0.185372
vt 0.072011 0.179418
vt 0.113518 0.196752
vt 0.134432 0.193113
vt 0.129924 0.203436
vt 0.141871 0.179449
vt 0.158195 0.187438
vt 0.150838 0.200282
vt 0.146714 0.209266
vt 0.197833 0.204027
vt 0.179047 0.196412
vt 0.168085 0.191849
vt 0.193219 0.212956
vt 0.172394 0.208167
vt 0.190437 0.218963
vt 0.168889 0.216194
vt 0.161089 0.204186
vt 0.157434 0.212575
vt 0.327800 0.814234
vt 0.318554 0.834977
vt 0.307857 0.833557
vt 0.333610 0.779546
vt 0.328639 0.797568
vt 0.335515 0.759357
vt 0.341215 0.714324
vt 0.350994 0.715773
vt 0.343966 0.760344
vt 0.360122 0.762805
vt 0.351746 0.761603
vt 0.358208 0.717466
vt 0.368338 0.719404
vt 0.127572 0.215944
vt 0.109612 0.207081
vt 0.059216 0.211070
vt 0.101234 0.228006
vt 0.098788 0.234602
vt 0.056225 0.218755
vt 0.062991 0.200497
vt 0.105605 0.217322
vt 0.067527 0.189732
vt 0.106944 0.229738
vt 0.102576 0.237995
vt 0.341031 0.774973
vt 0.336801 0.823727
vt 0.328120 0.840430
vt 0.145625 0.214879
vt 0.156419 0.216815
vt 0.118328 0.220810
vt 0.348668 0.773261
vt 0.174766 0.248187
vt 0.171963 0.236157
vt 0.190304 0.235682
vt 0.194620 0.246346
vt 0.101533 0.250660
vt 0.094629 0.244788
vt 0.207004 0.939308
vt 0.198841 0.939308
vt 0.198841 0.919149
vt 0.207004 0.919149
vt 0.138671 0.939308
vt 0.130109 0.939308
vt 0.130109 0.919149
vt 0.138671 0.919149
vt 0.153220 0.959685
vt 0.159517 0.959685
vt 0.159517 0.981017
vt 0.153220 0.981017
vt 0.177764 0.919149
vt 0.177764 0.901114
vt 0.183569 0.901114
vt 0.183569 0.919149
vt 0.189445 0.901114
vt 0.189445 0.919149
vt 0.138671 0.901114
vt 0.130109 0.901114
vt 0.145173 0.901114
vt 0.145173 0.919149
vt 0.159517 0.901114
vt 0.159517 0.919149
vt 0.153220 0.919149
vt 0.153220 0.901114
vt 0.124149 0.901114
vt 0.124149 0.919149
vt 0.117330 0.901114
vt 0.117330 0.919149
vt 0.109661 0.901114
vt 0.109661 0.919149
vt 0.213495 0.901114
vt 0.218938 0.901114
vt 0.218938 0.919149
vt 0.213495 0.919149
vt 0.198841 0.959685
vt 0.198841 0.981017
vt 0.189445 0.981017
vt 0.189445 0.959685
vt 0.207004 0.959685
vt 0.213495 0.959685
vt 0.213495 0.981017
vt 0.207004 0.981017
vt 0.218938 0.959685
vt 0.218938 0.981017
vt 0.117330 0.959685
vt 0.117330 0.981017
vt 0.109661 0.981017
vt 0.109661 0.959685
vt 0.124149 0.959685
vt 0.124149 0.981017
vt 0.130109 0.959685
vt 0.130109 0.981017
vt 0.145173 0.939308
vt 0.153220 0.939308
vt 0.166785 0.939308
vt 0.159517 0.939308
vt 0.166785 0.919149
vt 0.172193 0.959685
vt 0.172193 0.981017
vt 0.166785 0.981017
vt 0.166785 0.959685
vt 0.177764 0.959685
vt 0.177764 0.981017
vt 0.183569 0.959685
vt 0.183569 0.981017
vt 0.166764 0.224656
vt 0.052490 0.228734
vt 0.356246 0.770971
vt 0.138671 0.959685
vt 0.138671 0.981017
vt 0.189445 0.939308
vt 0.213495 0.939308
vt 0.218938 0.939308
vt 0.109661 0.939308
vt 0.117330 0.939308
vt 0.124149 0.939308
vt 0.145173 0.959685
vt 0.145173 0.981017
vt 0.172193 0.939308
vt 0.177764 0.939308
vt 0.183569 0.939308
vt 0.188894 0.225853
vt 0.343633 0.830064
vt 0.334266 0.847643
vt 0.652461 0.349608
vt 0.652461 0.333823
vt 0.657802 0.333823
vt 0.657802 0.349608
vt 0.663271 0.333823
vt 0.663271 0.349608
vt 0.618511 0.333823
vt 0.624970 0.333823
vt 0.624970 0.349608
vt 0.618511 0.349608
vt 0.631174 0.333823
vt 0.631174 0.349608
vt 0.637038 0.333823
vt 0.637038 0.349608
vt 0.647285 0.349608
vt 0.647285 0.333823
vt 0.310514 0.359189
vt 0.315901 0.359189
vt 0.315901 0.374543
vt 0.310514 0.374543
vt 0.305024 0.359189
vt 0.305024 0.374543
vt 0.342381 0.374543
vt 0.342381 0.359189
vt 0.348672 0.359189
vt 0.348672 0.374543
vt 0.336172 0.374543
vt 0.336172 0.359189
vt 0.330557 0.374543
vt 0.330557 0.359189
vt 0.320976 0.359189
vt 0.320976 0.374543
vt 0.213693 0.680437
vt 0.230958 0.679274
vt 0.247466 0.678184
vt 0.269142 0.681198
vt 0.067592 0.109302
vt 0.083713 0.082595
vt 0.093403 0.067865
vt 0.101210 0.056637
vt 0.190186 0.686382
vt 0.200372 0.683926
vt 0.161731 0.693476
vt 0.172672 0.690847
vt 0.180201 0.688735
vt 0.122677 0.027928
vt 0.128064 0.020881
vt 0.107986 0.047086
vt 0.115182 0.037213
vt 0.135175 0.011633
vt 0.316391 0.675826
vt 0.323603 0.678445
vt 0.289989 0.679649
vt 0.052842 0.136683
vt 0.045109 0.152453
vt 0.039440 0.164806
vt 0.338161 0.677719
vt 0.348533 0.679355
vt 0.366350 0.682471
vt 0.377389 0.684301
vt 0.358679 0.680933
vt 0.022108 0.205885
vt 0.025535 0.197706
vt 0.029758 0.186618
vt 0.034652 0.175455
vt 0.017574 0.216711
vt 0.209340 0.663453
vt 0.231122 0.662044
vt 0.246953 0.661291
vt 0.268079 0.664409
vt 0.052532 0.100880
vt 0.068519 0.074332
vt 0.078406 0.059117
vt 0.086621 0.047457
vt 0.186714 0.669715
vt 0.196639 0.667171
vt 0.159125 0.675950
vt 0.169409 0.673787
vt 0.176907 0.672173
vt 0.108430 0.017642
vt 0.113695 0.010665
vt 0.093622 0.037392
vt 0.101031 0.027177
vt 0.120137 0.001621
vt 0.315785 0.665483
vt 0.326981 0.661037
vt 0.288449 0.662665
vt 0.037945 0.128097
vt 0.029937 0.144226
vt 0.024130 0.157128
vt 0.340514 0.660671
vt 0.350579 0.662401
vt 0.368224 0.665088
vt 0.378758 0.666437
vt 0.360617 0.663966
vt 0.006149 0.198730
vt 0.009480 0.190716
vt 0.014174 0.179691
vt 0.019078 0.168182
vt 0.001620 0.208737
vt 0.513824 0.981221
vt 0.513824 0.998336
vt 0.491106 0.998336
vt 0.491106 0.981221
vt 0.553799 0.981221
vt 0.553799 0.998336
vt 0.532695 0.998336
vt 0.532695 0.981221
vt 0.813791 0.981221
vt 0.813791 0.998379
vt 0.790695 0.998379
vt 0.790695 0.981221
vt 0.828768 0.981221
vt 0.828768 0.998379
vt 0.840983 0.981221
vt 0.840983 0.998379
vt 0.473036 0.981221
vt 0.473036 0.998336
vt 0.462997 0.998336
vt 0.462997 0.981221
vt 0.444485 0.981221
vt 0.444485 0.998336
vt 0.435084 0.998336
vt 0.435084 0.981221
vt 0.453079 0.981221
vt 0.453079 0.998336
vt 0.883510 0.981221
vt 0.883510 0.998379
vt 0.873902 0.998379
vt 0.873902 0.981221
vt 0.864048 0.981221
vt 0.864048 0.998379
vt 0.852501 0.998379
vt 0.852501 0.981221
vt 0.894366 0.981221
vt 0.894366 0.998379
vt 0.614920 0.981221
vt 0.614920 0.998336
vt 0.598023 0.998336
vt 0.598023 0.981221
vt 0.578043 0.981221
vt 0.578043 0.998336
vt 0.761317 0.998379
vt 0.761317 0.981221
vt 0.738221 0.998379
vt 0.738221 0.981221
vt 0.723245 0.998379
vt 0.723245 0.981221
vt 0.636841 0.981221
vt 0.636841 0.998336
vt 0.626917 0.998336
vt 0.626917 0.981221
vt 0.664740 0.981221
vt 0.664740 0.998336
vt 0.654343 0.998336
vt 0.654343 0.981221
vt 0.645444 0.998336
vt 0.645444 0.981221
vt 0.687965 0.981221
vt 0.687965 0.998379
vt 0.678111 0.998379
vt 0.678111 0.981221
vt 0.711030 0.981221
vt 0.711030 0.998379
vt 0.699509 0.998379
vt 0.699509 0.981221
vt 0.668087 0.998379
vt 0.668087 0.981221
vt 0.642365 0.349608
vt 0.642365 0.333823
vt 0.691991 0.333823
vt 0.691991 0.349608
vt 0.684738 0.349608
vt 0.684738 0.333823
vt 0.677217 0.349608
vt 0.677217 0.333823
vt 0.669683 0.333823
vt 0.669683 0.349608
vt 0.698235 0.333823
vt 0.698235 0.349608
vt 0.704293 0.349608
vt 0.704293 0.333823
vt 0.710564 0.349608
vt 0.710564 0.333823
vt 0.612114 0.349608
vt 0.612114 0.333823
vt 0.172193 0.892163
vt 0.172193 0.901114
vt 0.166785 0.901114
vt 0.166785 0.892163
vt 0.159517 0.892163
vt 0.207004 0.901114
vt 0.207004 0.892163
vt 0.213495 0.892163
vt 0.198841 0.901114
vt 0.198841 0.892163
vt 0.189445 0.892163
vt 0.177764 0.892163
vt 0.325695 0.359189
vt 0.325695 0.374543
vt 0.284581 0.374543
vt 0.277859 0.374543
vt 0.277859 0.359189
vt 0.284581 0.359189
vt 0.291593 0.374543
vt 0.291593 0.359189
vt 0.298685 0.374543
vt 0.298685 0.359189
vt 0.271254 0.374543
vt 0.271254 0.359189
vt 0.265207 0.374543
vt 0.265207 0.359189
vt 0.259058 0.374543
vt 0.259058 0.359189
vt 0.252847 0.374543
vt 0.252847 0.359189
vt 0.243335 0.902210
vt 0.243335 0.909484
vt 0.232020 0.909484
vt 0.232020 0.902210
vt 0.232020 0.896401
vt 0.232020 0.942822
vt 0.243335 0.942822
vt 0.243335 0.952324
vt 0.232020 0.952324
vt 0.232020 0.935447
vt 0.243335 0.935447
vt 0.232020 0.925653
vt 0.232020 0.914625
vt 0.183569 0.892163
vt 0.130109 0.892163
vt 0.138671 0.892163
vt 0.145173 0.892163
vt 0.153220 0.892163
vt 0.124149 0.892163
vt 0.117330 0.892163
vt 0.109661 0.892163
vt 0.218938 0.892163
vt 0.172193 0.919149
vt 0.232020 0.919739
vt 0.232020 0.873999
vt 0.232020 0.867970
vt 0.232020 0.882350
vt 0.232020 0.888750
vt 0.232020 0.861089
vt 0.232020 0.854492
vt 0.232020 0.847917
vt 0.232020 0.842487
vt 0.259597 0.909484
vt 0.259597 0.952324
vt 0.730673 0.539506
vt 0.723102 0.538057
vt 0.729969 0.542313
vt 0.722730 0.540890
vt 0.711694 0.537497
vt 0.702731 0.536965
vt 0.711577 0.540387
vt 0.702638 0.539848
vt 0.481490 0.719448
vt 0.462923 0.728520
vt 0.481534 0.722446
vt 0.463831 0.731146
vt 0.452435 0.730545
vt 0.453280 0.733284
vt 0.445549 0.732590
vt 0.446737 0.735262
vt 0.748771 0.545742
vt 0.738132 0.541490
vt 0.747363 0.548303
vt 0.737178 0.544224
vt 0.757747 0.553105
vt 0.755848 0.555315
vt 0.431198 0.743072
vt 0.423425 0.752120
vt 0.433271 0.745160
vt 0.425471 0.753859
vt 0.438790 0.735956
vt 0.440437 0.738392
vt 0.416982 0.759427
vt 0.419320 0.761245
vt 0.682384 0.536592
vt 0.674775 0.537509
vt 0.682578 0.539438
vt 0.675298 0.540343
vt 0.693764 0.536856
vt 0.693679 0.539749
vt 0.500275 0.728021
vt 0.499424 0.730618
vt 0.510894 0.729903
vt 0.510092 0.732681
vt 0.517910 0.731788
vt 0.516779 0.734500
vt 0.667250 0.539012
vt 0.656439 0.542686
vt 0.668052 0.541777
vt 0.657754 0.545272
vt 0.647185 0.549667
vt 0.649145 0.551840
vt 0.540913 0.751220
vt 0.532931 0.741856
vt 0.538323 0.752513
vt 0.530788 0.743833
vt 0.524882 0.734950
vt 0.523291 0.737405
vt 0.639850 0.556624
vt 0.642253 0.558204
vt 0.391576 0.941206
vt 0.383891 0.941206
vt 0.391576 0.944466
vt 0.383891 0.944466
vt 0.383891 0.922314
vt 0.391576 0.922314
vt 0.383891 0.918953
vt 0.391576 0.918953
vt 0.400325 0.941206
vt 0.400325 0.944466
vt 0.400325 0.922314
vt 0.400325 0.918953
vt 0.344385 0.941206
vt 0.335353 0.941206
vt 0.344385 0.944466
vt 0.335353 0.944466
vt 0.335353 0.922314
vt 0.344385 0.922314
vt 0.335353 0.918953
vt 0.344385 0.918953
vt 0.353012 0.941206
vt 0.353012 0.944466
vt 0.353012 0.922314
vt 0.353012 0.918953
vt 0.360786 0.941206
vt 0.360786 0.944466
vt 0.360786 0.922314
vt 0.360786 0.918953
vt 0.376071 0.941206
vt 0.376071 0.944466
vt 0.376071 0.922314
vt 0.376071 0.918953
vt 0.911266 0.953167
vt 0.918640 0.953167
vt 0.911266 0.949818
vt 0.918640 0.949818
vt 0.918640 0.972109
vt 0.911266 0.972109
vt 0.918640 0.975308
vt 0.911266 0.975308
vt 0.925933 0.953167
vt 0.925933 0.949818
vt 0.925933 0.972109
vt 0.925933 0.975308
vt 0.864642 0.953167
vt 0.872340 0.953167
vt 0.864642 0.949818
vt 0.872340 0.949818
vt 0.872340 0.972109
vt 0.864642 0.972109
vt 0.872340 0.975308
vt 0.864642 0.975308
vt 0.880411 0.953167
vt 0.880411 0.949818
vt 0.880411 0.972109
vt 0.880411 0.975308
vt 0.888794 0.953167
vt 0.888794 0.949818
vt 0.888794 0.972109
vt 0.888794 0.975308
vt 0.903844 0.953167
vt 0.903844 0.949818
vt 0.903844 0.972109
vt 0.903844 0.975308
vt 0.746062 0.361020
vt 0.767439 0.357487
vt 0.745667 0.358220
vt 0.767478 0.354584
vt 0.708542 0.364744
vt 0.730043 0.362979
vt 0.708462 0.361843
vt 0.729654 0.360275
vt 0.449546 0.545577
vt 0.479999 0.545170
vt 0.449606 0.542710
vt 0.480024 0.542298
vt 0.431413 0.545690
vt 0.431457 0.542805
vt 0.416936 0.546227
vt 0.417032 0.543365
vt 0.780365 0.360547
vt 0.791143 0.362171
vt 0.780925 0.357716
vt 0.791504 0.359317
vt 0.810020 0.363306
vt 0.820665 0.363176
vt 0.809791 0.360403
vt 0.820321 0.360259
vt 0.801897 0.363465
vt 0.801896 0.360618
vt 0.369997 0.545264
vt 0.378985 0.545632
vt 0.370407 0.542376
vt 0.379350 0.542737
vt 0.391343 0.546056
vt 0.404306 0.546055
vt 0.391626 0.543195
vt 0.404518 0.543179
vt 0.358609 0.543961
vt 0.359296 0.541080
vt 0.650322 0.355595
vt 0.660359 0.361834
vt 0.650907 0.352741
vt 0.661383 0.359068
vt 0.688168 0.364498
vt 0.688325 0.361807
vt 0.510438 0.545462
vt 0.510428 0.542596
vt 0.528491 0.545504
vt 0.528518 0.542621
vt 0.542938 0.546019
vt 0.542895 0.543158
vt 0.626338 0.355794
vt 0.637180 0.355581
vt 0.626395 0.352917
vt 0.637131 0.352777
vt 0.596656 0.354073
vt 0.607427 0.355122
vt 0.597281 0.351180
vt 0.607945 0.352232
vt 0.615521 0.355992
vt 0.615838 0.353147
vt 0.580565 0.545278
vt 0.589419 0.544811
vt 0.580209 0.542399
vt 0.588984 0.541939
vt 0.555462 0.545858
vt 0.568311 0.545865
vt 0.555314 0.542983
vt 0.568058 0.543005
vt 0.600553 0.543317
vt 0.599841 0.540463
vt 0.631981 0.956537
vt 0.655172 0.956537
vt 0.631981 0.953170
vt 0.655172 0.953170
vt 0.655172 0.975209
vt 0.631981 0.975209
vt 0.655172 0.978555
vt 0.631981 0.978555
vt 0.678421 0.956537
vt 0.704342 0.956537
vt 0.678421 0.953170
vt 0.704342 0.953170
vt 0.704342 0.975209
vt 0.678421 0.975209
vt 0.704342 0.978555
vt 0.678421 0.978555
vt 0.335719 0.985238
vt 0.308956 0.985238
vt 0.335719 0.987832
vt 0.308956 0.987832
vt 0.308956 0.957595
vt 0.335719 0.957595
vt 0.308956 0.954990
vt 0.335719 0.954990
vt 0.287631 0.985238
vt 0.287631 0.987832
vt 0.287631 0.957595
vt 0.287631 0.954990
vt 0.273493 0.985238
vt 0.273493 0.987832
vt 0.273493 0.957595
vt 0.273493 0.954990
vt 0.595089 0.956537
vt 0.608726 0.956537
vt 0.595089 0.953170
vt 0.608726 0.953170
vt 0.608726 0.975209
vt 0.595089 0.975209
vt 0.608726 0.978555
vt 0.595089 0.978555
vt 0.561348 0.956537
vt 0.572365 0.956537
vt 0.561348 0.953170
vt 0.572365 0.953170
vt 0.572365 0.975209
vt 0.561348 0.975209
vt 0.572365 0.978555
vt 0.561348 0.978555
vt 0.582976 0.956537
vt 0.582976 0.953170
vt 0.582976 0.975209
vt 0.582976 0.978555
vt 0.239848 0.985238
vt 0.230661 0.985238
vt 0.239848 0.987832
vt 0.230661 0.987832
vt 0.230661 0.957595
vt 0.239848 0.957595
vt 0.230661 0.954990
vt 0.239848 0.954990
vt 0.261771 0.985238
vt 0.250756 0.985238
vt 0.261771 0.987832
vt 0.250756 0.987832
vt 0.250756 0.957595
vt 0.261771 0.957595
vt 0.250756 0.954990
vt 0.261771 0.954990
vt 0.221606 0.985238
vt 0.221606 0.987832
vt 0.221606 0.957595
vt 0.221606 0.954990
vt 0.761827 0.956537
vt 0.775426 0.956537
vt 0.761827 0.953170
vt 0.775426 0.953170
vt 0.775426 0.975209
vt 0.761827 0.975209
vt 0.775426 0.978555
vt 0.761827 0.978555
vt 0.733828 0.956537
vt 0.733828 0.953170
vt 0.733828 0.975209
vt 0.733828 0.978555
vt 0.357040 0.985238
vt 0.357040 0.987832
vt 0.357040 0.957595
vt 0.357040 0.954990
vt 0.371178 0.985238
vt 0.371178 0.987832
vt 0.371178 0.957595
vt 0.371178 0.954990
vt 0.382903 0.985238
vt 0.382903 0.987832
vt 0.382903 0.957595
vt 0.382903 0.954990
vt 0.789498 0.956537
vt 0.801597 0.956537
vt 0.789498 0.953170
vt 0.801597 0.953170
vt 0.801597 0.975209
vt 0.789498 0.975209
vt 0.801597 0.978555
vt 0.789498 0.978555
vt 0.822824 0.956537
vt 0.834774 0.956537
vt 0.822824 0.953170
vt 0.834774 0.953170
vt 0.834774 0.975209
vt 0.822824 0.975209
vt 0.834774 0.978555
vt 0.822824 0.978555
vt 0.812225 0.956537
vt 0.812225 0.953170
vt 0.812225 0.975209
vt 0.812225 0.978555
vt 0.422785 0.985238
vt 0.414016 0.985238
vt 0.422785 0.987832
vt 0.414016 0.987832
vt 0.414016 0.957595
vt 0.422785 0.957595
vt 0.414016 0.954990
vt 0.422785 0.954990
vt 0.404826 0.985238
vt 0.393915 0.985238
vt 0.404826 0.987832
vt 0.393915 0.987832
vt 0.393915 0.957595
vt 0.404826 0.957595
vt 0.393915 0.954990
vt 0.404826 0.954990
vt 0.432399 0.985238
vt 0.432399 0.987832
vt 0.432399 0.957595
vt 0.432399 0.954990
vt 0.368287 0.922314
vt 0.368287 0.918953
vt 0.368287 0.941206
vt 0.368287 0.944466
vt 0.430169 0.922314
vt 0.439866 0.922314
vt 0.430169 0.918953
vt 0.439866 0.918953
vt 0.439866 0.941206
vt 0.430169 0.941206
vt 0.439866 0.944466
vt 0.430169 0.944466
vt 0.420380 0.922314
vt 0.420380 0.918953
vt 0.420380 0.941206
vt 0.420380 0.944466
vt 0.410256 0.922314
vt 0.410256 0.918953
vt 0.410256 0.941206
vt 0.410256 0.944466
vt 0.448286 0.922314
vt 0.448286 0.918953
vt 0.448286 0.941206
vt 0.448286 0.944466
vt 0.456427 0.922314
vt 0.456427 0.918953
vt 0.456427 0.941206
vt 0.456427 0.944466
vt 0.464247 0.922314
vt 0.464247 0.918953
vt 0.464247 0.941206
vt 0.464247 0.944466
vt 0.327043 0.922314
vt 0.327043 0.918953
vt 0.327043 0.941206
vt 0.327043 0.944466
vt 0.003937 0.890083
vt 0.003937 0.882908
vt 0.001620 0.890083
vt 0.001620 0.882908
vt 0.003937 0.875495
vt 0.001620 0.875495
vt 0.003937 0.944913
vt 0.003937 0.936025
vt 0.001620 0.944913
vt 0.001620 0.936025
vt 0.003937 0.925644
vt 0.001620 0.925644
vt 0.003937 0.914246
vt 0.001620 0.914246
vt 0.003937 0.896341
vt 0.001620 0.896341
vt 0.896566 0.972109
vt 0.896566 0.975308
vt 0.896566 0.953167
vt 0.896566 0.949818
vt 0.964101 0.972109
vt 0.954242 0.972109
vt 0.964101 0.975308
vt 0.954242 0.975308
vt 0.954242 0.953167
vt 0.964101 0.953167
vt 0.954242 0.949818
vt 0.964101 0.949818
vt 0.944186 0.972109
vt 0.944186 0.975308
vt 0.944186 0.953167
vt 0.944186 0.949818
vt 0.934353 0.972109
vt 0.934353 0.975308
vt 0.934353 0.953167
vt 0.934353 0.949818
vt 0.972929 0.972109
vt 0.972929 0.975308
vt 0.972929 0.953167
vt 0.972929 0.949818
vt 0.981502 0.972109
vt 0.981502 0.975308
vt 0.981502 0.953167
vt 0.981502 0.949818
vt 0.989749 0.972109
vt 0.989749 0.975308
vt 0.989749 0.953167
vt 0.989749 0.949818
vt 0.997544 0.972109
vt 0.997544 0.975308
vt 0.997544 0.953167
vt 0.997544 0.949818
vt 0.269612 0.641522
vt 0.262320 0.641522
vt 0.269612 0.644017
vt 0.262320 0.644017
vt 0.278694 0.641522
vt 0.278694 0.644017
vt 0.219712 0.641522
vt 0.211193 0.641522
vt 0.219712 0.644017
vt 0.211193 0.644017
vt 0.230574 0.641522
vt 0.230574 0.644017
vt 0.241719 0.641522
vt 0.241719 0.644017
vt 0.255654 0.641522
vt 0.255654 0.644017
vt 0.003937 0.903009
vt 0.001620 0.903009
vt 0.003937 0.850127
vt 0.003937 0.843180
vt 0.001620 0.850127
vt 0.001620 0.843180
vt 0.003937 0.861255
vt 0.001620 0.861255
vt 0.003937 0.868106
vt 0.001620 0.868106
vt 0.003937 0.835439
vt 0.001620 0.835439
vt 0.003937 0.827597
vt 0.001620 0.827597
vt 0.003937 0.820657
vt 0.001620 0.820657
vt 0.003937 0.953288
vt 0.001620 0.953288
vt 0.248646 0.641522
vt 0.248646 0.644017
vt 0.313782 0.641522
vt 0.306099 0.641522
vt 0.313782 0.644017
vt 0.306099 0.644017
vt 0.294297 0.641522
vt 0.294297 0.644017
vt 0.287247 0.641522
vt 0.287247 0.644017
vt 0.322337 0.641522
vt 0.322337 0.644017
vt 0.331260 0.641522
vt 0.331260 0.644017
vt 0.340147 0.641522
vt 0.340147 0.644017
vt 0.349201 0.641522
vt 0.349201 0.644017
vt 0.003659 0.147686
vt 0.003659 0.134373
vt 0.005461 0.134373
vt 0.005461 0.147686
vt 0.007210 0.134373
vt 0.007210 0.147686
vt 0.008934 0.134373
vt 0.008934 0.147686
vt 0.010643 0.134373
vt 0.010643 0.147686
vt 0.012340 0.134373
vt 0.012340 0.147686
vt 0.014036 0.134373
vt 0.014036 0.147686
vt 0.015144 0.134373
vt 0.015144 0.147686
vt 0.001620 0.147686
vt 0.001620 0.134373
vt 0.003659 0.120946
vt 0.005461 0.120946
vt 0.007210 0.120946
vt 0.008934 0.120946
vt 0.010643 0.120946
vt 0.012340 0.120946
vt 0.014036 0.120946
vt 0.015144 0.120946
vt 0.001620 0.120946
vt 0.003659 0.108925
vt 0.005461 0.108925
vt 0.007210 0.108925
vt 0.008934 0.108925
vt 0.010643 0.108925
vt 0.012340 0.108925
vt 0.014036 0.108925
vt 0.015144 0.108925
vt 0.001620 0.108925
vt 0.457515 0.176932
vt 0.457515 0.165230
vt 0.459226 0.165230
vt 0.459226 0.176932
vt 0.460926 0.165230
vt 0.460926 0.176932
vt 0.462610 0.165230
vt 0.462610 0.176932
vt 0.464282 0.165230
vt 0.464282 0.176932
vt 0.465369 0.165230
vt 0.465369 0.176932
vt 0.452006 0.176932
vt 0.452006 0.165230
vt 0.454016 0.165230
vt 0.454016 0.176932
vt 0.455791 0.165230
vt 0.455791 0.176932
vt 0.457515 0.153792
vt 0.459226 0.153792
vt 0.460926 0.153792
vt 0.462610 0.153792
vt 0.464282 0.153792
vt 0.465369 0.153792
vt 0.452006 0.153792
vt 0.454016 0.153792
vt 0.455791 0.153792
vt 0.457515 0.144721
vt 0.459226 0.144721
vt 0.460926 0.144721
vt 0.462610 0.144721
vt 0.464282 0.144721
vt 0.465369 0.144721
vt 0.452006 0.144721
vt 0.454016 0.144721
vt 0.455791 0.144721
vt 0.005461 0.101824
vt 0.003659 0.101824
vt 0.003659 0.098895
vt 0.005461 0.098895
vt 0.001620 0.101824
vt 0.001620 0.098895
vt 0.015144 0.101824
vt 0.014036 0.101824
vt 0.014036 0.098895
vt 0.015144 0.098895
vt 0.012340 0.101824
vt 0.012340 0.098895
vt 0.010643 0.101824
vt 0.010643 0.098895
vt 0.008934 0.101824
vt 0.008934 0.098895
vt 0.007210 0.101824
vt 0.007210 0.098895
vt 0.459226 0.139536
vt 0.457515 0.139536
vt 0.457515 0.136684
vt 0.459226 0.136684
vt 0.455791 0.139536
vt 0.455791 0.136684
vt 0.454016 0.139536
vt 0.454016 0.136684
vt 0.452006 0.139536
vt 0.452006 0.136684
vt 0.465369 0.139536
vt 0.464282 0.139536
vt 0.464282 0.136684
vt 0.465369 0.136684
vt 0.462610 0.139536
vt 0.462610 0.136684
vt 0.460926 0.139536
vt 0.460926 0.136684
vt 0.003659 0.097133
vt 0.005461 0.097133
vt 0.001620 0.097133
vt 0.014036 0.097133
vt 0.015144 0.097133
vt 0.012340 0.097133
vt 0.010643 0.097133
vt 0.008934 0.097133
vt 0.007210 0.097133
vt 0.457515 0.134943
vt 0.459226 0.134943
vt 0.455791 0.134943
vt 0.454016 0.134943
vt 0.452006 0.134943
vt 0.464282 0.134943
vt 0.465369 0.134943
vt 0.462610 0.134943
vt 0.460926 0.134943
vt 0.003659 0.095934
vt 0.005461 0.095934
vt 0.001620 0.095934
vt 0.014036 0.095934
vt 0.015144 0.095934
vt 0.012340 0.095934
vt 0.010643 0.095934
vt 0.008934 0.095934
vt 0.007210 0.095934
vt 0.457515 0.133763
vt 0.459226 0.133763
vt 0.455791 0.133763
vt 0.454016 0.133763
vt 0.452006 0.133763
vt 0.464282 0.133763
vt 0.465369 0.133763
vt 0.462610 0.133763
vt 0.460926 0.133763
vt 0.142788 0.004153
vt 0.142138 0.003009
vt 0.142684 0.002742
vt 0.143314 0.003849
vt 0.141536 0.001802
vt 0.142146 0.001622
vt 0.147296 0.010548
vt 0.146427 0.009541
vt 0.146880 0.009146
vt 0.147689 0.010062
vt 0.145635 0.008500
vt 0.146119 0.008135
vt 0.144885 0.007438
vt 0.145385 0.007090
vt 0.144164 0.006361
vt 0.144673 0.006024
vt 0.143465 0.005267
vt 0.143981 0.004944
vt 0.008094 0.005412
vt 0.007035 0.004615
vt 0.007411 0.004125
vt 0.008458 0.004914
vt 0.005987 0.003796
vt 0.006378 0.003318
vt 0.004948 0.002946
vt 0.005369 0.002491
vt 0.003924 0.002028
vt 0.004436 0.001626
vt 0.012561 0.008336
vt 0.011381 0.007665
vt 0.011677 0.007130
vt 0.012773 0.007734
vt 0.010259 0.006942
vt 0.010592 0.006425
vt 0.009167 0.006188
vt 0.009519 0.005682
vt 0.016386 0.004356
vt 0.015939 0.003203
vt 0.016861 0.003229
vt 0.017057 0.003722
vt 0.016437 0.002072
vt 0.017072 0.002742
vt 0.017590 0.001624
vt 0.017565 0.002547
vt 0.018722 0.002122
vt 0.018052 0.002757
vt 0.019170 0.003275
vt 0.018247 0.003250
vt 0.018671 0.004407
vt 0.018037 0.003737
vt 0.017518 0.004855
vt 0.017544 0.003932
vt 0.023182 0.004635
vt 0.022447 0.003606
vt 0.023360 0.003400
vt 0.023681 0.003844
vt 0.022656 0.002359
vt 0.023447 0.002859
vt 0.023685 0.001624
vt 0.023891 0.002537
vt 0.024932 0.001833
vt 0.024433 0.002624
vt 0.025667 0.002862
vt 0.024754 0.003068
vt 0.025458 0.004110
vt 0.024667 0.003610
vt 0.024429 0.004844
vt 0.024223 0.003931
vt 0.017554 0.003239
vt 0.024057 0.003234
vt 0.139629 0.006048
vt 0.138953 0.004872
vt 0.138298 0.003720
vt 0.144252 0.012819
vt 0.143432 0.011747
vt 0.142623 0.010647
vt 0.141835 0.009522
vt 0.141072 0.008378
vt 0.140336 0.007219
vt 0.005894 0.008397
vt 0.004795 0.007565
vt 0.003716 0.006715
vt 0.002658 0.005858
vt 0.001620 0.005025
vt 0.010420 0.011495
vt 0.009284 0.010756
vt 0.008143 0.009994
vt 0.007011 0.009208
vt 0.591737 0.489942
vt 0.591737 0.506586
vt 0.579807 0.506586
vt 0.579807 0.489942
vt 0.591737 0.538416
vt 0.579807 0.538416
vt 0.591737 0.392680
vt 0.591737 0.407261
vt 0.579807 0.407261
vt 0.579807 0.392680
vt 0.591737 0.423747
vt 0.579807 0.423747
vt 0.591737 0.440312
vt 0.579807 0.440312
vt 0.591737 0.457511
vt 0.579807 0.457511
vt 0.591737 0.473863
vt 0.579807 0.473863
vt 0.567542 0.506586
vt 0.567542 0.489942
vt 0.567542 0.538416
vt 0.567542 0.407261
vt 0.567542 0.392680
vt 0.567542 0.423747
vt 0.567542 0.440312
vt 0.567542 0.457511
vt 0.567542 0.473863
vt 0.550292 0.506586
vt 0.550292 0.489942
vt 0.550292 0.538416
vt 0.550292 0.407261
vt 0.550292 0.392680
vt 0.550292 0.423747
vt 0.550292 0.440312
vt 0.550292 0.457511
vt 0.550292 0.473863
vt 0.523770 0.506586
vt 0.523770 0.489942
vt 0.523770 0.538416
vt 0.523770 0.407261
vt 0.523770 0.392680
vt 0.523770 0.423747
vt 0.523770 0.440312
vt 0.523770 0.457511
vt 0.523770 0.473863
vt 0.496744 0.506586
vt 0.496744 0.489942
vt 0.496744 0.538416
vt 0.496744 0.407261
vt 0.496744 0.392680
vt 0.496744 0.423747
vt 0.496744 0.440312
vt 0.496744 0.457511
vt 0.496744 0.473863
vt 0.476255 0.506586
vt 0.476255 0.489942
vt 0.476255 0.538416
vt 0.476255 0.407261
vt 0.476255 0.392680
vt 0.476255 0.423747
vt 0.476255 0.440312
vt 0.476255 0.457511
vt 0.476255 0.473863
vt 0.460278 0.506586
vt 0.460278 0.489942
vt 0.460278 0.538416
vt 0.460278 0.407261
vt 0.460278 0.392680
vt 0.460278 0.423747
vt 0.460278 0.440312
vt 0.460278 0.457511
vt 0.460278 0.473863
vt 0.448937 0.506586
vt 0.448937 0.489942
vt 0.448937 0.538416
vt 0.448937 0.407261
vt 0.448937 0.392680
vt 0.448937 0.423747
vt 0.448937 0.440312
vt 0.448937 0.457511
vt 0.448937 0.473863
vt 0.431319 0.506586
vt 0.431319 0.489942
vt 0.431319 0.538416
vt 0.431319 0.407261
vt 0.431319 0.392680
vt 0.431319 0.423747
vt 0.431319 0.440312
vt 0.431319 0.457511
vt 0.431319 0.473863
vt 0.406483 0.506586
vt 0.406483 0.489942
vt 0.406483 0.538416
vt 0.406483 0.407261
vt 0.406483 0.392680
vt 0.406483 0.423747
vt 0.406483 0.440312
vt 0.406483 0.457511
vt 0.406483 0.473863
vt 0.383076 0.506586
vt 0.383076 0.489942
vt 0.383076 0.538416
vt 0.383076 0.407261
vt 0.383076 0.392680
vt 0.383076 0.423747
vt 0.383076 0.440312
vt 0.383076 0.457511
vt 0.383076 0.473863
vt 0.359647 0.506586
vt 0.359647 0.489942
vt 0.359647 0.538416
vt 0.359647 0.407261
vt 0.359647 0.392680
vt 0.359647 0.423747
vt 0.359647 0.440312
vt 0.359647 0.457511
vt 0.359647 0.473863
vt 0.331999 0.506586
vt 0.331999 0.489942
vt 0.331999 0.538416
vt 0.331999 0.407261
vt 0.331999 0.392680
vt 0.331999 0.423747
vt 0.331999 0.440312
vt 0.331999 0.457511
vt 0.331999 0.473863
vt 0.301122 0.506586
vt 0.301122 0.489942
vt 0.301122 0.538416
vt 0.301122 0.407261
vt 0.301122 0.392680
vt 0.301122 0.423747
vt 0.301122 0.440312
vt 0.301122 0.457511
vt 0.301122 0.473863
vt 0.271952 0.506586
vt 0.271952 0.489942
vt 0.271952 0.538416
vt 0.271952 0.407261
vt 0.271952 0.392680
vt 0.271952 0.423747
vt 0.271952 0.440312
vt 0.271952 0.457511
vt 0.271952 0.473863
vt 0.240426 0.506586
vt 0.240426 0.489942
vt 0.240426 0.538416
vt 0.240426 0.407261
vt 0.240426 0.392680
vt 0.240426 0.423747
vt 0.240426 0.440312
vt 0.240426 0.457511
vt 0.240426 0.473863
vt 0.212494 0.506586
vt 0.212494 0.489942
vt 0.212494 0.538416
vt 0.212494 0.407261
vt 0.212494 0.392680
vt 0.212494 0.423747
vt 0.212494 0.440312
vt 0.212494 0.457511
vt 0.212494 0.473863
vt 0.093182 0.003331
vt 0.098624 0.001625
vt 0.096898 0.008164
vt 0.090135 0.008152
vt 0.102661 0.003734
vt 0.103661 0.008177
vt 0.100614 0.012998
vt 0.095172 0.014703
vt 0.091135 0.012595
vt 0.010079 0.532441
vt 0.016137 0.531118
vt 0.017591 0.547692
vt 0.008497 0.551978
vt 0.021611 0.528277
vt 0.025329 0.541970
vt 0.030171 0.559467
vt 0.020233 0.568028
vt 0.009053 0.575347
vt 0.025924 0.591402
vt 0.014201 0.600051
vt 0.037355 0.581058
vt 0.046416 0.603364
vt 0.034094 0.614600
vt 0.022529 0.623544
vt 0.037859 0.511571
vt 0.029949 0.506191
vt 0.031157 0.501710
vt 0.041166 0.506908
vt 0.024091 0.502303
vt 0.025372 0.498826
vt 0.024836 0.495877
vt 0.026424 0.496405
vt 0.027960 0.495738
vt 0.035507 0.498949
vt 0.044296 0.502457
vt 0.057496 0.524598
vt 0.046606 0.517287
vt 0.050593 0.510895
vt 0.062469 0.515594
vt 0.054096 0.504866
vt 0.067199 0.506640
vt 0.087684 0.545032
vt 0.071839 0.534389
vt 0.077822 0.522420
vt 0.094842 0.530404
vt 0.083055 0.510241
vt 0.101155 0.515747
vt 0.042954 0.634513
vt 0.030467 0.643876
vt 0.056689 0.622980
vt 0.070176 0.640163
vt 0.053449 0.652352
vt 0.037566 0.664188
vt 0.113007 0.538081
vt 0.104270 0.554978
vt 0.120758 0.522187
vt 0.140215 0.528740
vt 0.132179 0.545411
vt 0.122864 0.564374
vt 0.067580 0.669113
vt 0.045193 0.687325
vt 0.089085 0.655540
vt 0.108621 0.666564
vt 0.082714 0.683266
vt 0.053121 0.708151
vt 0.151616 0.552471
vt 0.143999 0.573372
vt 0.158271 0.534225
vt 0.174901 0.537811
vt 0.170506 0.558345
vt 0.166264 0.580538
vt 0.095075 0.695458
vt 0.058668 0.719892
vt 0.125066 0.675117
vt 0.140870 0.687867
vt 0.104957 0.711584
vt 0.062564 0.730111
vt 0.189056 0.561617
vt 0.189272 0.583615
vt 0.189241 0.538648
vt 0.199140 0.536321
vt 0.205159 0.559330
vt 0.207700 0.580509
vt 0.030486 0.520586
vt 0.024816 0.513317
vt 0.027618 0.510089
vt 0.034294 0.516239
vt 0.020349 0.507585
vt 0.022369 0.505144
vt 0.045953 0.540888
vt 0.037287 0.529359
vt 0.042137 0.523399
vt 0.052078 0.532747
vt 0.070083 0.573192
vt 0.057309 0.556057
vt 0.065154 0.545131
vt 0.079728 0.558878
vt 0.098907 0.606604
vt 0.083425 0.590858
vt 0.094593 0.572809
vt 0.111478 0.585705
vt 0.142955 0.627143
vt 0.119415 0.618756
vt 0.132840 0.596365
vt 0.156867 0.603884
vt 0.026392 0.524609
vt 0.031827 0.535672
vt 0.038756 0.550097
vt 0.048028 0.568648
vt 0.058711 0.588809
vt 0.070478 0.608029
vt 0.085343 0.624766
vt 0.105363 0.639028
vt 0.126929 0.649591
vt 0.148424 0.654769
vt 0.167922 0.629767
vt 0.190615 0.628657
vt 0.169720 0.660495
vt 0.014898 0.519376
vt 0.018446 0.518021
vt 0.011249 0.519543
vt 0.011327 0.512302
vt 0.013343 0.512057
vt 0.015760 0.511104
vt 0.182098 0.606050
vt 0.202572 0.601665
vt 0.021808 0.515919
vt 0.018164 0.509551
vt 0.023840 0.492950
vt 0.024762 0.493632
vt 0.024883 0.494591
vt 0.024182 0.494212
vt 0.770638 0.046625
vt 0.772215 0.066154
vt 0.763121 0.061870
vt 0.764580 0.045300
vt 0.771651 0.089521
vt 0.760470 0.082206
vt 0.750528 0.073647
vt 0.755381 0.056149
vt 0.759107 0.042456
vt 0.766499 0.114229
vt 0.754772 0.105583
vt 0.758172 0.137723
vt 0.746597 0.128781
vt 0.734267 0.117548
vt 0.743335 0.095241
vt 0.742854 0.025751
vt 0.739550 0.021092
vt 0.749569 0.015901
vt 0.750775 0.020375
vt 0.736425 0.016641
vt 0.745219 0.013139
vt 0.752768 0.009936
vt 0.754304 0.010600
vt 0.755894 0.010075
vt 0.755357 0.013022
vt 0.756637 0.016496
vt 0.723182 0.038779
vt 0.718206 0.029780
vt 0.730103 0.025080
vt 0.734091 0.031466
vt 0.713478 0.020829
vt 0.726605 0.019054
vt 0.692959 0.059220
vt 0.685800 0.044594
vt 0.702833 0.036606
vt 0.708819 0.048573
vt 0.679489 0.029942
vt 0.697600 0.024432
vt 0.750236 0.158057
vt 0.737736 0.148693
vt 0.743140 0.178377
vt 0.727242 0.166533
vt 0.710505 0.154343
vt 0.723991 0.137162
vt 0.676372 0.069171
vt 0.667635 0.052277
vt 0.657786 0.078573
vt 0.648473 0.059613
vt 0.640441 0.042945
vt 0.659887 0.036389
vt 0.735520 0.201533
vt 0.713116 0.183303
vt 0.727607 0.222389
vt 0.697999 0.197476
vt 0.672084 0.180731
vt 0.691602 0.169713
vt 0.636663 0.087579
vt 0.629053 0.066680
vt 0.614421 0.094749
vt 0.610186 0.072558
vt 0.605791 0.052005
vt 0.622402 0.048429
vt 0.722096 0.234141
vt 0.685686 0.209665
vt 0.718254 0.244356
vt 0.675848 0.225806
vt 0.639919 0.202067
vt 0.655682 0.189291
vt 0.591451 0.097817
vt 0.591663 0.075819
vt 0.573063 0.094683
vt 0.575588 0.073504
vt 0.581590 0.050483
vt 0.591472 0.052827
vt 0.750231 0.034762
vt 0.746420 0.030416
vt 0.753105 0.024271
vt 0.755908 0.027498
vt 0.758359 0.019333
vt 0.760378 0.021772
vt 0.734737 0.055069
vt 0.728606 0.046927
vt 0.738564 0.037576
vt 0.743418 0.043536
vt 0.710584 0.087380
vt 0.700926 0.073066
vt 0.715513 0.059315
vt 0.723368 0.070242
vt 0.681757 0.120793
vt 0.669177 0.099899
vt 0.686058 0.087000
vt 0.697237 0.105046
vt 0.637736 0.141316
vt 0.623819 0.118078
vt 0.647822 0.110562
vt 0.661254 0.132940
vt 0.748881 0.049850
vt 0.754326 0.038787
vt 0.741939 0.064278
vt 0.732655 0.082832
vt 0.721965 0.102995
vt 0.710193 0.122215
vt 0.695329 0.138950
vt 0.675315 0.153203
vt 0.653771 0.163747
vt 0.632317 0.168918
vt 0.611053 0.174674
vt 0.590151 0.142823
vt 0.612814 0.143920
vt 0.762276 0.032204
vt 0.765823 0.033561
vt 0.764964 0.025291
vt 0.767381 0.026245
vt 0.769397 0.026490
vt 0.769473 0.033731
vt 0.578201 0.115826
vt 0.598634 0.120225
vt 0.762562 0.023738
vt 0.758915 0.030101
vt 0.756889 0.007150
vt 0.756548 0.008411
vt 0.755846 0.008789
vt 0.755967 0.007831
vt 0.564057 0.769338
vt 0.562792 0.754911
vt 0.557519 0.756062
vt 0.556141 0.773068
vt 0.570793 0.764357
vt 0.567556 0.752437
vt 0.566357 0.787038
vt 0.575008 0.779587
vt 0.556626 0.793410
vt 0.571311 0.807385
vt 0.561107 0.814913
vt 0.581261 0.798381
vt 0.578422 0.827577
vt 0.589148 0.817797
vt 0.568355 0.835363
vt 0.575866 0.729313
vt 0.574814 0.733213
vt 0.581700 0.737896
vt 0.584579 0.733837
vt 0.570830 0.726802
vt 0.569715 0.729829
vt 0.571746 0.724695
vt 0.570363 0.724235
vt 0.579652 0.726909
vt 0.573083 0.724114
vt 0.587303 0.729963
vt 0.592784 0.737308
vt 0.589314 0.742872
vt 0.598793 0.749235
vt 0.603121 0.741398
vt 0.595833 0.732060
vt 0.607238 0.733604
vt 0.616485 0.747339
vt 0.611277 0.757758
vt 0.625070 0.767022
vt 0.631300 0.754289
vt 0.621041 0.736738
vt 0.636795 0.741531
vt 0.586134 0.844911
vt 0.575265 0.853060
vt 0.598090 0.834871
vt 0.595270 0.860439
vt 0.609830 0.849828
vt 0.581444 0.870741
vt 0.647112 0.760971
vt 0.639507 0.775679
vt 0.653859 0.747136
vt 0.663800 0.767352
vt 0.670795 0.752841
vt 0.655692 0.783858
vt 0.607570 0.875028
vt 0.588083 0.890881
vt 0.626289 0.863213
vt 0.620743 0.887348
vt 0.643294 0.872809
vt 0.594984 0.909008
vt 0.680719 0.773497
vt 0.674089 0.791691
vt 0.686512 0.757616
vt 0.697162 0.778611
vt 0.700988 0.760736
vt 0.693469 0.797928
vt 0.631503 0.897960
vt 0.599813 0.919228
vt 0.657608 0.880254
vt 0.640105 0.911997
vt 0.671365 0.891352
vt 0.603204 0.928124
vt 0.713308 0.781459
vt 0.713497 0.800607
vt 0.713470 0.761465
vt 0.727325 0.779467
vt 0.722086 0.759439
vt 0.729538 0.797903
vt 0.572785 0.736606
vt 0.570346 0.739416
vt 0.575282 0.745743
vt 0.578597 0.741959
vt 0.568217 0.732301
vt 0.566458 0.734426
vt 0.585423 0.748191
vt 0.581201 0.753379
vt 0.588745 0.763415
vt 0.594076 0.756329
vt 0.605459 0.767108
vt 0.598630 0.776619
vt 0.609749 0.791534
vt 0.618144 0.779074
vt 0.631083 0.791200
vt 0.621362 0.806911
vt 0.634838 0.820617
vt 0.645781 0.802426
vt 0.664376 0.811705
vt 0.652690 0.831195
vt 0.673180 0.838495
vt 0.685289 0.818250
vt 0.576449 0.758875
vt 0.571718 0.749245
vt 0.582480 0.771431
vt 0.590551 0.787579
vt 0.599850 0.805128
vt 0.610093 0.821858
vt 0.623032 0.836426
vt 0.640458 0.848840
vt 0.659231 0.858035
vt 0.677940 0.862543
vt 0.694913 0.840780
vt 0.696478 0.867526
vt 0.714666 0.839813
vt 0.561713 0.744690
vt 0.564801 0.743511
vt 0.558537 0.744835
vt 0.560360 0.738319
vt 0.558605 0.738532
vt 0.562464 0.737490
vt 0.707252 0.820135
vt 0.725073 0.816318
vt 0.567728 0.741681
vt 0.564556 0.736138
vt 0.570404 0.723116
vt 0.570299 0.722281
vt 0.569497 0.721687
vt 0.569795 0.722786
vt 0.919380 0.169860
vt 0.927294 0.173588
vt 0.925922 0.156594
vt 0.920650 0.155441
vt 0.917073 0.187555
vt 0.926803 0.193921
vt 0.912645 0.164881
vt 0.908422 0.180108
vt 0.915887 0.152966
vt 0.912115 0.207897
vt 0.922320 0.215420
vt 0.905002 0.228083
vt 0.915074 0.235864
vt 0.902163 0.198898
vt 0.894272 0.218308
vt 0.907587 0.129859
vt 0.898869 0.134376
vt 0.901745 0.138430
vt 0.908637 0.133752
vt 0.903803 0.127456
vt 0.896150 0.130503
vt 0.911708 0.125246
vt 0.910371 0.124669
vt 0.912625 0.127354
vt 0.913092 0.124789
vt 0.913738 0.130376
vt 0.890649 0.137846
vt 0.880297 0.141936
vt 0.884626 0.149767
vt 0.894119 0.143403
vt 0.887605 0.132602
vt 0.876182 0.134147
vt 0.866920 0.147876
vt 0.852098 0.154827
vt 0.858328 0.167554
vt 0.872129 0.158289
vt 0.862366 0.137282
vt 0.846606 0.142077
vt 0.897291 0.245410
vt 0.908168 0.253558
vt 0.888160 0.260934
vt 0.901993 0.271240
vt 0.885330 0.235376
vt 0.873596 0.250326
vt 0.836291 0.161513
vt 0.843894 0.176213
vt 0.819618 0.167896
vt 0.827721 0.184394
vt 0.829549 0.147687
vt 0.812628 0.153392
vt 0.875868 0.275527
vt 0.895362 0.291389
vt 0.862713 0.287859
vt 0.888477 0.309537
vt 0.857147 0.263701
vt 0.840163 0.273289
vt 0.802719 0.174045
vt 0.809341 0.192231
vt 0.786302 0.179160
vt 0.789987 0.198470
vt 0.796932 0.158164
vt 0.782477 0.161276
vt 0.851999 0.298466
vt 0.883682 0.319764
vt 0.843439 0.312511
vt 0.880338 0.328653
vt 0.825891 0.280737
vt 0.812174 0.291855
vt 0.770183 0.181997
vt 0.769999 0.201140
vt 0.756195 0.179983
vt 0.753998 0.198412
vt 0.770017 0.161991
vt 0.761419 0.159951
vt 0.910665 0.137142
vt 0.904848 0.142490
vt 0.908164 0.146271
vt 0.913104 0.139950
vt 0.915236 0.132846
vt 0.916993 0.134968
vt 0.898011 0.148720
vt 0.889347 0.156857
vt 0.894682 0.163942
vt 0.902235 0.153906
vt 0.877953 0.167637
vt 0.865260 0.179602
vt 0.873664 0.192057
vt 0.884788 0.177145
vt 0.852322 0.191726
vt 0.837633 0.202951
vt 0.848580 0.221132
vt 0.862051 0.207430
vt 0.819051 0.212230
vt 0.798164 0.218770
vt 0.810275 0.238991
vt 0.830739 0.231703
vt 0.906989 0.159401
vt 0.911727 0.149773
vt 0.900948 0.171955
vt 0.892870 0.188100
vt 0.883567 0.205645
vt 0.873324 0.222370
vt 0.860390 0.236932
vt 0.842974 0.249335
vt 0.824227 0.258510
vt 0.805559 0.263009
vt 0.787056 0.268017
vt 0.788588 0.241256
vt 0.768868 0.240302
vt 0.921732 0.145226
vt 0.918645 0.144045
vt 0.923087 0.138860
vt 0.920984 0.138030
vt 0.924907 0.145374
vt 0.924842 0.139073
vt 0.776250 0.220638
vt 0.758469 0.216810
vt 0.915720 0.142215
vt 0.918894 0.136678
vt 0.913050 0.123671
vt 0.913660 0.123341
vt 0.913958 0.122244
vt 0.913155 0.122837
vt 0.005058 0.551880
vt 0.006657 0.532147
vt 0.001620 0.551782
vt 0.003235 0.531853
vt 0.005627 0.575742
vt 0.002200 0.576136
vt 0.010886 0.600979
vt 0.007571 0.601908
vt 0.019309 0.624743
vt 0.016090 0.625942
vt 0.029590 0.492698
vt 0.036816 0.495773
vt 0.031220 0.489659
vt 0.038126 0.492598
vt 0.045348 0.499179
vt 0.046400 0.495900
vt 0.054738 0.501487
vt 0.055380 0.498108
vt 0.067811 0.503256
vt 0.068422 0.499873
vt 0.083937 0.506919
vt 0.084818 0.503596
vt 0.102191 0.512472
vt 0.103227 0.509197
vt 0.027245 0.645068
vt 0.024022 0.646259
vt 0.034313 0.665293
vt 0.031060 0.666397
vt 0.121842 0.518928
vt 0.122927 0.515668
vt 0.141262 0.525468
vt 0.142310 0.522196
vt 0.041955 0.688475
vt 0.038717 0.689624
vt 0.049958 0.709497
vt 0.046796 0.710844
vt 0.159134 0.530898
vt 0.159996 0.527570
vt 0.175366 0.534397
vt 0.175831 0.530983
vt 0.055506 0.721239
vt 0.052343 0.722587
vt 0.059354 0.731335
vt 0.056145 0.732558
vt 0.188942 0.535190
vt 0.188643 0.531732
vt 0.198354 0.532977
vt 0.197568 0.529633
vt 0.007816 0.519369
vt 0.004382 0.519195
vt 0.007892 0.512265
vt 0.004457 0.512228
vt 0.025883 0.490188
vt 0.026730 0.490814
vt 0.027927 0.487427
vt 0.028697 0.487997
vt 0.774062 0.046332
vt 0.775655 0.066057
vt 0.777486 0.046039
vt 0.779095 0.065960
vt 0.775079 0.089917
vt 0.778507 0.090312
vt 0.769816 0.115158
vt 0.773133 0.116087
vt 0.761393 0.138922
vt 0.764614 0.140121
vt 0.735375 0.013360
vt 0.743913 0.009961
vt 0.734324 0.010080
vt 0.742606 0.006783
vt 0.751139 0.006895
vt 0.749510 0.003853
vt 0.712866 0.017444
vt 0.725963 0.015673
vt 0.712254 0.014059
vt 0.725321 0.012292
vt 0.678452 0.026666
vt 0.696719 0.021108
vt 0.677415 0.023390
vt 0.695837 0.017784
vt 0.753460 0.159248
vt 0.756684 0.160440
vt 0.746394 0.179481
vt 0.749649 0.180584
vt 0.639392 0.039672
vt 0.658801 0.033128
vt 0.638343 0.036399
vt 0.657715 0.029868
vt 0.738760 0.202680
vt 0.742000 0.203827
vt 0.730774 0.223730
vt 0.733941 0.225071
vt 0.605328 0.048590
vt 0.621539 0.045100
vt 0.604865 0.045174
vt 0.620676 0.041770
vt 0.725265 0.235477
vt 0.728434 0.236814
vt 0.721470 0.245566
vt 0.724687 0.246776
vt 0.582384 0.047139
vt 0.591776 0.049368
vt 0.583177 0.043796
vt 0.592081 0.045908
vt 0.772834 0.026454
vt 0.772908 0.033558
vt 0.776270 0.026418
vt 0.776342 0.033385
vt 0.754000 0.005012
vt 0.754847 0.004386
vt 0.752033 0.002193
vt 0.752805 0.001622
vt 0.220033 0.200381
vt 0.218427 0.186258
vt 0.239247 0.186871
vt 0.237797 0.201305
vt 0.259390 0.191221
vt 0.254625 0.204709
vt 0.234992 0.219554
vt 0.228106 0.216964
vt 0.241924 0.219424
vt 0.217997 0.181321
vt 0.239822 0.181506
vt 0.260883 0.186518
vt 0.218226 0.256788
vt 0.200397 0.247514
vt 0.208606 0.234771
vt 0.224685 0.244372
vt 0.241581 0.251368
vt 0.236242 0.265584
vt 0.231935 0.227823
vt 0.225453 0.225937
vt 0.237938 0.231811
vt 0.215845 0.261483
vt 0.198024 0.252060
vt 0.233982 0.270192
vt 0.209743 0.203845
vt 0.207130 0.188201
vt 0.270350 0.195742
vt 0.263711 0.210524
vt 0.220717 0.221189
vt 0.250695 0.226151
vt 0.206995 0.183049
vt 0.210646 0.271697
vt 0.192969 0.261565
vt 0.229345 0.279995
vt 0.271564 0.190610
vt 0.227981 0.025368
vt 0.225981 0.007775
vt 0.251913 0.008539
vt 0.250108 0.026518
vt 0.277003 0.013958
vt 0.271068 0.030758
vt 0.246615 0.049249
vt 0.238037 0.046023
vt 0.255249 0.049087
vt 0.225445 0.001626
vt 0.252630 0.001857
vt 0.278863 0.008100
vt 0.225730 0.095627
vt 0.203522 0.084075
vt 0.213748 0.068203
vt 0.233776 0.080162
vt 0.254821 0.088876
vt 0.248171 0.106583
vt 0.242806 0.059548
vt 0.234732 0.057199
vt 0.250284 0.064515
vt 0.222765 0.101475
vt 0.200567 0.089738
vt 0.245356 0.112323
vt 0.215165 0.029682
vt 0.211909 0.010196
vt 0.290656 0.019589
vt 0.282385 0.038000
vt 0.228833 0.051285
vt 0.266173 0.057466
vt 0.211741 0.003779
vt 0.216289 0.114197
vt 0.194271 0.101577
vt 0.239580 0.124533
vt 0.292167 0.013196
vt 0.931159 0.254434
vt 0.929606 0.240780
vt 0.949734 0.241372
vt 0.948333 0.255327
vt 0.969208 0.245578
vt 0.964602 0.258618
vt 0.945622 0.272970
vt 0.938964 0.270466
vt 0.952323 0.272844
vt 0.929191 0.236007
vt 0.950290 0.236186
vt 0.970652 0.241032
vt 0.929412 0.308966
vt 0.912175 0.300000
vt 0.920112 0.287681
vt 0.935657 0.296963
vt 0.951991 0.303727
vt 0.946830 0.317470
vt 0.942666 0.280963
vt 0.936399 0.279140
vt 0.948470 0.284819
vt 0.927111 0.313505
vt 0.909882 0.304395
vt 0.944645 0.321925
vt 0.921212 0.257783
vt 0.918685 0.242658
vt 0.979805 0.249949
vt 0.973385 0.264239
vt 0.931821 0.274550
vt 0.960802 0.279347
vt 0.918555 0.237678
vt 0.922085 0.323379
vt 0.904995 0.313584
vt 0.940162 0.331402
vt 0.980978 0.244987
vt 0.741316 0.330040
vt 0.749558 0.320992
vt 0.759880 0.333414
vt 0.751556 0.340854
vt 0.771151 0.345183
vt 0.761155 0.352291
vt 0.739709 0.351356
vt 0.737076 0.345387
vt 0.745386 0.353664
vt 0.752659 0.318162
vt 0.763002 0.330591
vt 0.774364 0.342454
vt 0.776349 0.318868
vt 0.766026 0.306744
vt 0.775716 0.300879
vt 0.784805 0.311465
vt 0.794336 0.320784
vt 0.787257 0.330063
vt 0.795130 0.300969
vt 0.790350 0.297566
vt 0.798545 0.305920
vt 0.773237 0.321655
vt 0.762622 0.308845
vt 0.784652 0.333207
vt 0.759822 0.293509
vt 0.771897 0.288385
vt 0.806033 0.326983
vt 0.798857 0.337717
vt 0.795914 0.288687
vt 0.802495 0.290793
vt 0.788367 0.287672
vt 0.811913 0.311204
vt 0.807206 0.294643
vt 0.756411 0.296056
vt 0.795934 0.340700
vt 0.005751 0.276017
vt 0.013782 0.267200
vt 0.023841 0.279304
vt 0.015730 0.286555
vt 0.034824 0.290773
vt 0.025083 0.297699
vt 0.004185 0.296788
vt 0.001620 0.290971
vt 0.009717 0.299037
vt 0.016805 0.264443
vt 0.026883 0.276553
vt 0.037955 0.288113
vt 0.039888 0.265131
vt 0.029830 0.253316
vt 0.039272 0.247601
vt 0.048128 0.257916
vt 0.057416 0.266997
vt 0.050518 0.276039
vt 0.058190 0.247689
vt 0.053532 0.244373
vt 0.061518 0.252513
vt 0.036857 0.267846
vt 0.026513 0.255364
vt 0.047980 0.279103
vt 0.023785 0.240420
vt 0.035551 0.235426
vt 0.068814 0.273037
vt 0.061822 0.283498
vt 0.058954 0.235721
vt 0.065366 0.237773
vt 0.051600 0.234731
vt 0.074543 0.257662
vt 0.069957 0.241525
vt 0.020460 0.242902
vt 0.058973 0.286404
vt 0.789370 0.639325
vt 0.797401 0.630509
vt 0.807459 0.642613
vt 0.799349 0.649863
vt 0.818443 0.654081
vt 0.808702 0.661007
vt 0.787804 0.660096
vt 0.785239 0.654280
vt 0.793336 0.662346
vt 0.800424 0.627751
vt 0.810502 0.639862
vt 0.821574 0.651422
vt 0.823507 0.628439
vt 0.813449 0.616625
vt 0.822891 0.610910
vt 0.831747 0.621225
vt 0.841035 0.630306
vt 0.834137 0.639348
vt 0.841809 0.610998
vt 0.837151 0.607682
vt 0.845137 0.615822
vt 0.820476 0.631154
vt 0.810132 0.618672
vt 0.831599 0.642412
vt 0.807404 0.603729
vt 0.819170 0.598735
vt 0.852433 0.636346
vt 0.845440 0.646806
vt 0.842573 0.599029
vt 0.848985 0.601081
vt 0.835219 0.598040
vt 0.858162 0.620970
vt 0.853576 0.604833
vt 0.804079 0.606210
vt 0.842592 0.649713
vt 0.915754 0.524283
vt 0.924019 0.515211
vt 0.934369 0.527666
vt 0.926023 0.535127
vt 0.945671 0.539467
vt 0.935647 0.546594
vt 0.914143 0.545657
vt 0.911503 0.539671
vt 0.919835 0.547971
vt 0.927128 0.512373
vt 0.937500 0.524835
vt 0.948893 0.536730
vt 0.950882 0.513081
vt 0.940532 0.500923
vt 0.950248 0.495043
vt 0.959362 0.505657
vt 0.968919 0.515002
vt 0.961821 0.524306
vt 0.969715 0.495133
vt 0.964922 0.491721
vt 0.973139 0.500097
vt 0.947763 0.515875
vt 0.937119 0.503030
vt 0.959208 0.527459
vt 0.934311 0.487653
vt 0.946419 0.482514
vt 0.980647 0.521217
vt 0.973452 0.531981
vt 0.970501 0.482817
vt 0.977099 0.484929
vt 0.962934 0.481799
vt 0.986543 0.505395
vt 0.981824 0.488790
vt 0.930890 0.490207
vt 0.970521 0.534972
vt 0.283171 0.044509
vt 0.291514 0.035351
vt 0.301961 0.047924
vt 0.293536 0.055455
vt 0.313369 0.059836
vt 0.303251 0.067030
vt 0.281545 0.066084
vt 0.278881 0.060042
vt 0.287291 0.068420
vt 0.294653 0.032487
vt 0.305121 0.045066
vt 0.316622 0.057073
vt 0.318630 0.033201
vt 0.308182 0.020930
vt 0.317990 0.014994
vt 0.327189 0.025708
vt 0.336836 0.035140
vt 0.329671 0.044532
vt 0.337640 0.015085
vt 0.332802 0.011641
vt 0.341096 0.020096
vt 0.315481 0.036021
vt 0.304737 0.023057
vt 0.327034 0.047715
vt 0.301903 0.007534
vt 0.314125 0.002348
vt 0.348675 0.041414
vt 0.341412 0.052279
vt 0.338433 0.002653
vt 0.345094 0.004785
vt 0.330795 0.001626
vt 0.354626 0.025443
vt 0.349862 0.008682
vt 0.298450 0.010112
vt 0.338453 0.055298
vt 0.397334 0.366012
vt 0.404925 0.357679
vt 0.414431 0.369119
vt 0.406765 0.375972
vt 0.424812 0.379958
vt 0.415605 0.386504
vt 0.395854 0.385643
vt 0.393430 0.380146
vt 0.401082 0.387769
vt 0.407781 0.355073
vt 0.417307 0.366519
vt 0.427771 0.377445
vt 0.429598 0.355723
vt 0.420092 0.344557
vt 0.429016 0.339156
vt 0.437386 0.348905
vt 0.446165 0.357487
vt 0.439645 0.366033
vt 0.446896 0.339238
vt 0.442493 0.336104
vt 0.450041 0.343798
vt 0.426733 0.358289
vt 0.416957 0.346492
vt 0.437246 0.368929
vt 0.414378 0.332368
vt 0.425499 0.327649
vt 0.456937 0.363196
vt 0.450328 0.373082
vt 0.447618 0.327927
vt 0.453678 0.329866
vt 0.440667 0.326992
vt 0.462352 0.348664
vt 0.458017 0.333412
vt 0.411236 0.334714
vt 0.447636 0.375829
vt 0.936000 0.163898
vt 0.943134 0.156067
vt 0.952068 0.166819
vt 0.944864 0.173259
vt 0.961824 0.177006
vt 0.953172 0.183158
vt 0.934609 0.182349
vt 0.932330 0.177182
vt 0.939522 0.184347
vt 0.945818 0.153617
vt 0.954771 0.164375
vt 0.964606 0.174643
vt 0.966323 0.154228
vt 0.957388 0.143734
vt 0.965776 0.138658
vt 0.973643 0.147820
vt 0.981893 0.155887
vt 0.975766 0.163918
vt 0.982580 0.138736
vt 0.978442 0.135790
vt 0.985536 0.143021
vt 0.963630 0.156640
vt 0.954442 0.145553
vt 0.973510 0.166640
vt 0.952019 0.132278
vt 0.962470 0.127843
vt 0.992017 0.161252
vt 0.985806 0.170544
vt 0.983259 0.128104
vt 0.988954 0.129927
vt 0.976726 0.127225
vt 0.997106 0.147594
vt 0.993033 0.133260
vt 0.949066 0.134483
vt 0.983275 0.173125
vt 0.944644 0.212306
vt 0.950868 0.205473
vt 0.958664 0.214854
vt 0.952378 0.220474
vt 0.967176 0.223743
vt 0.959627 0.229111
vt 0.943430 0.228405
vt 0.941442 0.223896
vt 0.947717 0.230148
vt 0.953211 0.203336
vt 0.961022 0.212722
vt 0.969603 0.221682
vt 0.971102 0.203869
vt 0.963306 0.194712
vt 0.970624 0.190283
vt 0.977488 0.198278
vt 0.984687 0.205316
vt 0.979340 0.212324
vt 0.985286 0.190351
vt 0.981676 0.187781
vt 0.987866 0.194090
vt 0.968752 0.205973
vt 0.960735 0.196299
vt 0.977373 0.214698
vt 0.958621 0.184717
vt 0.967740 0.180847
vt 0.993520 0.209997
vt 0.988101 0.218104
vt 0.985878 0.181075
vt 0.990848 0.182665
vt 0.980179 0.180308
vt 0.997961 0.198080
vt 0.994406 0.185574
vt 0.956044 0.186641
vt 0.985893 0.220357
vt 0.591313 0.027908
vt 0.596426 0.022296
vt 0.602829 0.030001
vt 0.597666 0.034617
vt 0.609821 0.037302
vt 0.603620 0.041711
vt 0.590317 0.041131
vt 0.588683 0.037428
vt 0.593838 0.042563
vt 0.598350 0.020540
vt 0.604766 0.028250
vt 0.611814 0.035609
vt 0.613045 0.020978
vt 0.606642 0.013457
vt 0.612653 0.009819
vt 0.618291 0.016386
vt 0.624204 0.022167
vt 0.619812 0.027923
vt 0.624696 0.009875
vt 0.621731 0.007764
vt 0.626815 0.012946
vt 0.611115 0.022707
vt 0.604530 0.014761
vt 0.618196 0.029873
vt 0.602794 0.005247
vt 0.610284 0.002068
vt 0.631459 0.026012
vt 0.627008 0.032671
vt 0.625183 0.002255
vt 0.629265 0.003562
vt 0.620501 0.001626
vt 0.635107 0.016223
vt 0.632187 0.005951
vt 0.600677 0.006827
vt 0.625195 0.034521
vt 0.024481 0.401148
vt 0.023125 0.389218
vt 0.040712 0.389735
vt 0.039487 0.401928
vt 0.057727 0.393410
vt 0.053702 0.404804
vt 0.037118 0.417344
vt 0.031301 0.415156
vt 0.042974 0.417234
vt 0.022762 0.385048
vt 0.041197 0.385204
vt 0.058988 0.389438
vt 0.022955 0.448796
vt 0.007894 0.440962
vt 0.014829 0.430198
vt 0.028411 0.438308
vt 0.042683 0.444218
vt 0.038174 0.456226
vt 0.034536 0.424328
vt 0.029060 0.422735
vt 0.039607 0.427697
vt 0.020944 0.452762
vt 0.005890 0.444802
vt 0.036265 0.460119
vt 0.015790 0.404074
vt 0.013582 0.390859
vt 0.066986 0.397229
vt 0.061377 0.409715
vt 0.025059 0.418725
vt 0.050382 0.422916
vt 0.013468 0.386507
vt 0.016553 0.461390
vt 0.001620 0.452831
vt 0.032348 0.468399
vt 0.068011 0.392894
vt 0.975992 0.003041
vt 0.980601 0.006739
vt 0.975810 0.011324
vt 0.971738 0.007214
vt 0.971165 0.016076
vt 0.967519 0.011432
vt 0.966733 0.002165
vt 0.968909 0.001626
vt 0.966174 0.004328
vt 0.981634 0.007560
vt 0.976708 0.012229
vt 0.971970 0.017120
vt 0.979651 0.015226
vt 0.984580 0.010730
vt 0.987782 0.015412
vt 0.983691 0.019435
vt 0.979805 0.023393
vt 0.975127 0.020103
vt 0.988628 0.024045
vt 0.989227 0.022136
vt 0.986792 0.025076
vt 0.978764 0.014326
vt 0.983808 0.009680
vt 0.974088 0.019311
vt 0.987247 0.009139
vt 0.990508 0.014405
vt 0.978671 0.026063
vt 0.973562 0.022674
vt 0.992011 0.023790
vt 0.990707 0.025802
vt 0.992125 0.021526
vt 0.986004 0.028050
vt 0.989044 0.027310
vt 0.986519 0.008038
vt 0.972470 0.021946
vt 0.265268 0.060814
vt 0.269877 0.064512
vt 0.265086 0.069097
vt 0.261014 0.064987
vt 0.260441 0.073849
vt 0.256795 0.069205
vt 0.256008 0.059938
vt 0.258185 0.059399
vt 0.255450 0.062101
vt 0.270910 0.065333
vt 0.265984 0.070002
vt 0.261245 0.074893
vt 0.268927 0.072998
vt 0.273855 0.068503
vt 0.277058 0.073185
vt 0.272967 0.077208
vt 0.269081 0.081166
vt 0.264402 0.077876
vt 0.277904 0.081818
vt 0.278503 0.079908
vt 0.276067 0.082849
vt 0.268040 0.072099
vt 0.273083 0.067453
vt 0.263364 0.077084
vt 0.276523 0.066912
vt 0.279784 0.072178
vt 0.267947 0.083836
vt 0.262838 0.080447
vt 0.281287 0.081563
vt 0.279982 0.083575
vt 0.281401 0.079299
vt 0.275280 0.085823
vt 0.278320 0.085083
vt 0.275795 0.065811
vt 0.261746 0.079719
vt 0.562054 0.148493
vt 0.566663 0.152191
vt 0.561872 0.156776
vt 0.557800 0.152666
vt 0.557226 0.161528
vt 0.553581 0.156883
vt 0.552794 0.147617
vt 0.554971 0.147078
vt 0.552236 0.149780
vt 0.567696 0.153012
vt 0.562770 0.157681
vt 0.558031 0.162572
vt 0.565713 0.160677
vt 0.570641 0.156182
vt 0.573844 0.160864
vt 0.569753 0.164887
vt 0.565867 0.168845
vt 0.561188 0.165555
vt 0.574690 0.169497
vt 0.575289 0.167587
vt 0.572853 0.170528
vt 0.564826 0.159778
vt 0.569869 0.155132
vt 0.560150 0.164763
vt 0.573309 0.154591
vt 0.576570 0.159857
vt 0.564733 0.171515
vt 0.559623 0.168126
vt 0.578072 0.169242
vt 0.576768 0.171253
vt 0.578187 0.166978
vt 0.572066 0.173502
vt 0.575106 0.172762
vt 0.572581 0.153490
vt 0.558532 0.167398
vt 0.072617 0.003041
vt 0.068363 0.007214
vt 0.072435 0.011324
vt 0.077226 0.006739
vt 0.064144 0.011432
vt 0.067790 0.016076
vt 0.065535 0.001626
vt 0.063358 0.002165
vt 0.062800 0.004328
vt 0.073333 0.012229
vt 0.078260 0.007560
vt 0.068595 0.017120
vt 0.076276 0.015226
vt 0.080316 0.019435
vt 0.084408 0.015412
vt 0.081205 0.010730
vt 0.076430 0.023393
vt 0.071752 0.020103
vt 0.085254 0.024045
vt 0.085852 0.022136
vt 0.083417 0.025076
vt 0.075389 0.014326
vt 0.080433 0.009680
vt 0.070713 0.019311
vt 0.083872 0.009139
vt 0.087133 0.014405
vt 0.075297 0.026063
vt 0.070187 0.022674
vt 0.088636 0.023790
vt 0.087332 0.025802
vt 0.088750 0.021526
vt 0.082629 0.028050
vt 0.085670 0.027310
vt 0.083144 0.008038
vt 0.069096 0.021946
vt 0.568562 0.126393
vt 0.564308 0.130566
vt 0.568380 0.134676
vt 0.573171 0.130091
vt 0.560089 0.134784
vt 0.563735 0.139428
vt 0.561480 0.124978
vt 0.559303 0.125517
vt 0.558744 0.127680
vt 0.569278 0.135581
vt 0.574204 0.130912
vt 0.564540 0.140472
vt 0.572221 0.138577
vt 0.576261 0.142787
vt 0.580352 0.138764
vt 0.577150 0.134082
vt 0.572375 0.146745
vt 0.567697 0.143455
vt 0.581199 0.147397
vt 0.581797 0.145487
vt 0.579362 0.148428
vt 0.571334 0.137678
vt 0.576378 0.133032
vt 0.566658 0.142663
vt 0.579817 0.132491
vt 0.583078 0.137757
vt 0.571242 0.149415
vt 0.566132 0.146026
vt 0.584581 0.147142
vt 0.583277 0.149153
vt 0.584695 0.144878
vt 0.578574 0.151402
vt 0.581615 0.150662
vt 0.579089 0.131390
vt 0.565040 0.145298
vt 0.252251 0.156987
vt 0.247997 0.161160
vt 0.252069 0.165270
vt 0.256860 0.160685
vt 0.243778 0.165378
vt 0.247424 0.170023
vt 0.245168 0.155573
vt 0.242992 0.156111
vt 0.242433 0.158274
vt 0.252967 0.166175
vt 0.257893 0.161506
vt 0.248229 0.171067
vt 0.255910 0.169172
vt 0.259950 0.173381
vt 0.264041 0.169358
vt 0.260838 0.164676
vt 0.256064 0.177339
vt 0.251386 0.174049
vt 0.264887 0.177991
vt 0.265486 0.176082
vt 0.263051 0.179022
vt 0.255023 0.168272
vt 0.260067 0.163626
vt 0.250347 0.173257
vt 0.263506 0.163085
vt 0.266767 0.168351
vt 0.254930 0.180010
vt 0.249821 0.176621
vt 0.268270 0.177736
vt 0.266966 0.179748
vt 0.268384 0.175472
vt 0.262263 0.181996
vt 0.265303 0.181256
vt 0.262778 0.161984
vt 0.248729 0.175893
vt 0.919833 0.633001
vt 0.914821 0.633712
vt 0.913144 0.638590
vt 0.919423 0.639710
vt 0.926277 0.640586
vt 0.925921 0.632869
vt 0.961802 0.050629
vt 0.963443 0.046698
vt 0.956999 0.045186
vt 0.956577 0.049510
vt 0.911662 0.644222
vt 0.918449 0.645764
vt 0.917669 0.625496
vt 0.911739 0.628909
vt 0.907846 0.635027
vt 0.972200 0.060513
vt 0.976063 0.059024
vt 0.970434 0.050992
vt 0.967643 0.053736
vt 0.905295 0.642559
vt 0.914500 0.658127
vt 0.916726 0.651842
vt 0.910778 0.650223
vt 0.910340 0.655478
vt 0.920298 0.660676
vt 0.923483 0.653800
vt 0.925541 0.647218
vt 0.910338 0.664054
vt 0.905969 0.658298
vt 0.904721 0.650830
vt 0.944953 0.051477
vt 0.942876 0.048103
vt 0.935827 0.053865
vt 0.939053 0.056429
vt 0.974554 0.072287
vt 0.979184 0.071991
vt 0.950797 0.116233
vt 0.950185 0.120188
vt 0.963005 0.117508
vt 0.961065 0.113591
vt 0.896326 0.626225
vt 0.902106 0.614805
vt 0.893014 0.610975
vt 0.890639 0.622422
vt 0.912873 0.615271
vt 0.906369 0.620633
vt 0.922002 0.611716
vt 0.918747 0.600318
vt 0.906664 0.606803
vt 0.901065 0.628973
vt 0.868835 0.579274
vt 0.875030 0.596717
vt 0.893067 0.588710
vt 0.885435 0.572530
vt 0.972992 0.107991
vt 0.979283 0.085454
vt 0.974772 0.084625
vt 0.969279 0.105742
vt 0.929255 0.065339
vt 0.933457 0.066709
vt 0.931474 0.078325
vt 0.926815 0.078094
vt 0.929167 0.101538
vt 0.933321 0.100080
vt 0.890040 0.655895
vt 0.891110 0.667104
vt 0.898097 0.663066
vt 0.896313 0.653672
vt 0.940734 0.110763
vt 0.937934 0.114139
vt 0.892833 0.675724
vt 0.880547 0.667792
vt 0.871559 0.687499
vt 0.902757 0.670716
vt 0.857660 0.700456
vt 0.875821 0.715145
vt 0.885712 0.703331
vt 0.897719 0.640937
vt 0.875940 0.624805
vt 0.875052 0.637152
vt 0.887639 0.640133
vt 0.892599 0.640905
vt 0.857901 0.673749
vt 0.844753 0.686906
vt 0.880434 0.559553
vt 0.860813 0.565012
vt 0.965764 0.042016
vt 0.974141 0.047639
vt 0.924630 0.623948
vt 0.948886 0.040281
vt 0.940060 0.044053
vt 0.950250 0.045514
vt 0.957527 0.039925
vt 0.915681 0.668101
vt 0.904572 0.553463
vt 0.907485 0.566129
vt 0.984738 0.071524
vt 0.984695 0.086567
vt 0.911367 0.579003
vt 0.908837 0.677158
vt 0.901651 0.685957
vt 0.848098 0.711086
vt 0.868718 0.725655
vt 0.934593 0.118305
vt 0.924023 0.103214
vt 0.876084 0.612747
vt 0.882183 0.657762
vt 0.865788 0.659742
vt 0.965734 0.055000
vt 0.968861 0.060507
vt 0.960874 0.052270
vt 0.956534 0.051321
vt 0.942847 0.057236
vt 0.946871 0.053239
vt 0.937641 0.067483
vt 0.951993 0.051546
vt 0.951117 0.049752
vt 0.970640 0.071930
vt 0.959396 0.108931
vt 0.950886 0.111506
vt 0.970309 0.083478
vt 0.965638 0.104094
vt 0.936739 0.099616
vt 0.935862 0.078679
vt 0.942887 0.106502
vt 0.956391 0.054073
vt 0.955654 0.069953
vt 0.954618 0.081016
vt 0.956285 0.059051
vt 0.951835 0.100935
vt 0.927346 0.640817
vt 0.927123 0.633330
vt 0.965964 0.040912
vt 0.957697 0.038865
vt 0.980830 0.057027
vt 0.981889 0.055741
vt 0.974512 0.046343
vt 0.921625 0.660684
vt 0.924620 0.653859
vt 0.926550 0.647629
vt 0.931852 0.050655
vt 0.939974 0.042662
vt 0.931271 0.049115
vt 0.986455 0.070926
vt 0.965358 0.122436
vt 0.949472 0.125133
vt 0.949252 0.126659
vt 0.965676 0.124136
vt 0.923787 0.611570
vt 0.920558 0.599761
vt 0.977605 0.110796
vt 0.978686 0.112191
vt 0.986547 0.086824
vt 0.924168 0.063485
vt 0.922720 0.062516
vt 0.921178 0.077744
vt 0.919313 0.077859
vt 0.922775 0.104466
vt 0.933851 0.119958
vt 0.877220 0.716360
vt 0.887033 0.704703
vt 0.926667 0.647078
vt 0.926180 0.624222
vt 0.948987 0.039128
vt 0.917208 0.668458
vt 0.909189 0.565491
vt 0.906499 0.553884
vt 0.913110 0.578249
vt 0.910379 0.677974
vt 0.903076 0.687189
vt 0.870662 0.726000
vt 0.869186 0.612500
vt 0.865986 0.612992
vt 0.866994 0.624609
vt 0.869952 0.624775
vt 0.866235 0.598267
vt 0.862967 0.599784
vt 0.861200 0.583013
vt 0.858104 0.585985
vt 0.866175 0.646176
vt 0.863310 0.645051
vt 0.857030 0.655164
vt 0.859643 0.657094
vt 0.848218 0.665783
vt 0.850463 0.668700
vt 0.866284 0.635099
vt 0.869181 0.635723
vt 0.837682 0.676235
vt 0.839321 0.680318
vt 0.852407 0.570041
vt 0.849821 0.575061
vt 0.825704 0.682923
vt 0.826476 0.688776
vt 0.861899 0.612961
vt 0.862941 0.624051
vt 0.859088 0.600878
vt 0.854742 0.588877
vt 0.859272 0.643845
vt 0.853385 0.653296
vt 0.845348 0.662925
vt 0.862211 0.634259
vt 0.835913 0.672061
vt 0.847609 0.579922
vt 0.825591 0.677366
vt 0.920769 0.919733
vt 0.917766 0.912916
vt 0.907616 0.917276
vt 0.911372 0.924635
vt 0.931362 0.914604
vt 0.928689 0.909488
vt 0.942362 0.909684
vt 0.939964 0.906008
vt 0.893924 0.932725
vt 0.890050 0.924981
vt 0.880841 0.930357
vt 0.884143 0.936910
vt 0.871170 0.936584
vt 0.873346 0.941781
vt 0.899141 0.921071
vt 0.902751 0.928887
vt 0.861392 0.942808
vt 0.862574 0.946935
vt 0.952146 0.904698
vt 0.950104 0.901453
vt 0.851393 0.947429
vt 0.852560 0.951066
vt 0.916449 0.910916
vt 0.907528 0.915400
vt 0.925735 0.906486
vt 0.935848 0.901757
vt 0.889395 0.923997
vt 0.880235 0.927889
vt 0.870908 0.932304
vt 0.898637 0.920027
vt 0.860603 0.936850
vt 0.946060 0.896510
vt 0.849877 0.941153
vt 0.900991 0.883225
vt 0.893968 0.886546
vt 0.915410 0.875717
vt 0.924954 0.870455
vt 0.875703 0.895044
vt 0.869393 0.897897
vt 0.854577 0.904083
vt 0.884786 0.890879
vt 0.843890 0.908271
vt 0.932654 0.867048
vt 0.836005 0.911962
vt 0.806152 0.105977
vt 0.804908 0.108771
vt 0.809856 0.113367
vt 0.812091 0.111627
vt 0.788846 0.104815
vt 0.789795 0.107899
vt 0.778558 0.110691
vt 0.781552 0.112684
vt 0.811217 0.132578
vt 0.809139 0.130409
vt 0.804409 0.134234
vt 0.805575 0.137263
vt 0.789528 0.133285
vt 0.788581 0.136158
vt 0.811103 0.122018
vt 0.813590 0.122246
vt 0.781448 0.127607
vt 0.778428 0.129122
vt 0.777429 0.119707
vt 0.778539 0.120000
vt 0.803557 0.112056
vt 0.807243 0.115392
vt 0.790829 0.111475
vt 0.784922 0.114975
vt 0.806709 0.127933
vt 0.803190 0.130699
vt 0.790636 0.129944
vt 0.808185 0.121763
vt 0.784845 0.125798
vt 0.782770 0.120280
vt 0.803383 0.121360
vt 0.790732 0.120844
vt 0.871580 0.648761
vt 0.832305 0.697039
vt 0.919833 0.800257
vt 0.919423 0.806966
vt 0.913144 0.805846
vt 0.914821 0.800968
vt 0.925921 0.800126
vt 0.926277 0.807842
vt 0.511417 0.126854
vt 0.506191 0.125736
vt 0.506613 0.121411
vt 0.513058 0.122924
vt 0.918449 0.813021
vt 0.911662 0.811478
vt 0.917669 0.792752
vt 0.911739 0.796165
vt 0.907846 0.802283
vt 0.520048 0.127218
vt 0.525677 0.135250
vt 0.521815 0.136739
vt 0.517257 0.129962
vt 0.905295 0.809815
vt 0.914500 0.825383
vt 0.910340 0.822734
vt 0.910778 0.817480
vt 0.916726 0.819098
vt 0.923483 0.821056
vt 0.920298 0.827932
vt 0.925541 0.814474
vt 0.910338 0.831310
vt 0.905969 0.825554
vt 0.904721 0.818086
vt 0.494567 0.127702
vt 0.488667 0.132654
vt 0.485441 0.130090
vt 0.492490 0.124329
vt 0.528799 0.148216
vt 0.524168 0.148513
vt 0.512620 0.193734
vt 0.499799 0.196414
vt 0.500412 0.192459
vt 0.510679 0.189817
vt 0.893014 0.778231
vt 0.902106 0.782061
vt 0.896326 0.793481
vt 0.890639 0.789678
vt 0.906369 0.787890
vt 0.912873 0.782527
vt 0.906664 0.774059
vt 0.918747 0.767574
vt 0.922002 0.778972
vt 0.901065 0.796229
vt 0.893067 0.755966
vt 0.875030 0.763974
vt 0.868835 0.746530
vt 0.885435 0.739786
vt 0.524387 0.160851
vt 0.528898 0.161680
vt 0.522606 0.184216
vt 0.518893 0.181968
vt 0.478870 0.141565
vt 0.483071 0.142935
vt 0.481089 0.154551
vt 0.482936 0.176306
vt 0.478781 0.177764
vt 0.476429 0.154320
vt 0.890040 0.823151
vt 0.896313 0.820928
vt 0.898097 0.830322
vt 0.891110 0.834360
vt 0.490348 0.186988
vt 0.487549 0.190364
vt 0.880547 0.835048
vt 0.892833 0.842980
vt 0.871559 0.854755
vt 0.902757 0.837972
vt 0.857660 0.867712
vt 0.885712 0.870587
vt 0.875821 0.882401
vt 0.897719 0.808193
vt 0.887639 0.807389
vt 0.875052 0.804408
vt 0.875940 0.792061
vt 0.892599 0.808161
vt 0.844753 0.854162
vt 0.857901 0.841005
vt 0.860813 0.732268
vt 0.880434 0.726809
vt 0.515378 0.118241
vt 0.523755 0.123865
vt 0.924630 0.791204
vt 0.498500 0.116507
vt 0.499864 0.121740
vt 0.489674 0.120278
vt 0.507141 0.116150
vt 0.915681 0.835357
vt 0.904572 0.720719
vt 0.907485 0.733385
vt 0.534352 0.147750
vt 0.534309 0.162792
vt 0.911367 0.746259
vt 0.908837 0.844414
vt 0.901651 0.853213
vt 0.848098 0.878342
vt 0.868718 0.892912
vt 0.484208 0.194530
vt 0.473637 0.179440
vt 0.876084 0.780003
vt 0.882183 0.825018
vt 0.865788 0.826998
vt 0.518476 0.136733
vt 0.515348 0.131226
vt 0.510488 0.128496
vt 0.506148 0.127547
vt 0.496485 0.129464
vt 0.492461 0.133462
vt 0.487255 0.143708
vt 0.500731 0.125978
vt 0.501607 0.127772
vt 0.520255 0.148155
vt 0.500500 0.187732
vt 0.509010 0.185157
vt 0.519923 0.159704
vt 0.515253 0.180319
vt 0.485476 0.154905
vt 0.486354 0.175842
vt 0.492501 0.182728
vt 0.506005 0.130299
vt 0.505268 0.146179
vt 0.504233 0.157241
vt 0.505900 0.135277
vt 0.501450 0.177160
vt 0.927123 0.800586
vt 0.927346 0.808073
vt 0.507312 0.115091
vt 0.515578 0.117138
vt 0.524126 0.122569
vt 0.531503 0.131966
vt 0.530445 0.133253
vt 0.924620 0.821115
vt 0.921625 0.827940
vt 0.926550 0.814885
vt 0.481467 0.126880
vt 0.480885 0.125341
vt 0.489589 0.118887
vt 0.536069 0.147152
vt 0.514973 0.198662
vt 0.515290 0.200362
vt 0.498867 0.202885
vt 0.499086 0.201359
vt 0.923787 0.778826
vt 0.920558 0.767018
vt 0.536161 0.163050
vt 0.528300 0.188417
vt 0.527219 0.187022
vt 0.473782 0.139710
vt 0.472334 0.138741
vt 0.472390 0.180692
vt 0.468928 0.154084
vt 0.470793 0.153970
vt 0.483466 0.196184
vt 0.887033 0.871959
vt 0.877220 0.883616
vt 0.926667 0.814334
vt 0.926180 0.791478
vt 0.498601 0.115354
vt 0.917208 0.835714
vt 0.906499 0.721140
vt 0.909189 0.732748
vt 0.913110 0.745505
vt 0.910379 0.845230
vt 0.903076 0.854445
vt 0.870662 0.893256
vt 0.869186 0.779757
vt 0.869952 0.792031
vt 0.866994 0.791865
vt 0.865986 0.780248
vt 0.866235 0.765523
vt 0.862967 0.767040
vt 0.861200 0.750269
vt 0.858104 0.753241
vt 0.866175 0.813432
vt 0.859643 0.824350
vt 0.857030 0.822420
vt 0.863310 0.812307
vt 0.850463 0.835956
vt 0.848218 0.833039
vt 0.869181 0.802979
vt 0.866284 0.802355
vt 0.839321 0.847574
vt 0.837682 0.843491
vt 0.852407 0.737297
vt 0.849821 0.742317
vt 0.826476 0.856032
vt 0.825704 0.850179
vt 0.862941 0.791308
vt 0.861899 0.780218
vt 0.859088 0.768134
vt 0.854742 0.756133
vt 0.853385 0.820552
vt 0.859272 0.811101
vt 0.845348 0.830181
vt 0.862211 0.801515
vt 0.835913 0.839317
vt 0.847609 0.747179
vt 0.825591 0.844622
vt 0.733325 0.919176
vt 0.723928 0.924078
vt 0.720173 0.916719
vt 0.730322 0.912359
vt 0.743918 0.914046
vt 0.741245 0.908931
vt 0.754918 0.909126
vt 0.752520 0.905450
vt 0.706480 0.932168
vt 0.696699 0.936353
vt 0.693397 0.929800
vt 0.702606 0.924424
vt 0.685902 0.941224
vt 0.683726 0.936027
vt 0.715308 0.928330
vt 0.711697 0.920513
vt 0.675131 0.946378
vt 0.673948 0.942250
vt 0.764702 0.904141
vt 0.762660 0.900896
vt 0.665116 0.950509
vt 0.663949 0.946872
vt 0.720085 0.914842
vt 0.729006 0.910358
vt 0.738291 0.905928
vt 0.748404 0.901199
vt 0.692791 0.927331
vt 0.701952 0.923440
vt 0.683464 0.931747
vt 0.711193 0.919469
vt 0.673159 0.936292
vt 0.758616 0.895953
vt 0.662433 0.940596
vt 0.706524 0.885988
vt 0.713547 0.882668
vt 0.727967 0.875160
vt 0.737510 0.869898
vt 0.681950 0.897340
vt 0.688259 0.894486
vt 0.667134 0.903526
vt 0.697342 0.890322
vt 0.656446 0.907714
vt 0.745210 0.866490
vt 0.648561 0.911405
vt 0.955846 0.002788
vt 0.961786 0.008438
vt 0.959551 0.010178
vt 0.954603 0.005582
vt 0.938541 0.001626
vt 0.939490 0.004710
vt 0.928253 0.007502
vt 0.931247 0.009496
vt 0.960911 0.029389
vt 0.955270 0.034074
vt 0.954104 0.031046
vt 0.958833 0.027220
vt 0.938275 0.032970
vt 0.939223 0.030096
vt 0.963285 0.019057
vt 0.960797 0.018829
vt 0.928123 0.025933
vt 0.931143 0.024418
vt 0.927123 0.016518
vt 0.928234 0.016811
vt 0.956937 0.012203
vt 0.953251 0.008867
vt 0.940524 0.008286
vt 0.934617 0.011786
vt 0.952884 0.027510
vt 0.956403 0.024744
vt 0.940331 0.026755
vt 0.957880 0.018574
vt 0.934540 0.022609
vt 0.932464 0.017091
vt 0.953077 0.018171
vt 0.940427 0.017655
vt 0.871580 0.816018
vt 0.832305 0.864295
s 1
usemtl caiman-character-001
f 1/1/1 2/2/2 3/3/3 4/4/4
f 5/5/5 1/1/1 4/4/4 6/6/6
f 1/1/1 5/5/5 7/7/7 8/8/8
f 2/2/2 1/1/1 8/8/8 9/9/9
f 10/10/10 5/5/5 6/6/6 11/11/11
f 12/12/12 10/10/10 11/11/11 13/13/13
f 10/10/10 12/12/12 14/14/14 15/15/15
f 5/5/5 10/10/10 15/15/15 7/7/7
f 16/16/16 17/17/17 417/18/18 418/19/19
f 18/20/20 16/16/16 418/19/19 420/21/21
f 16/16/16 18/20/20 7/7/7 15/15/15
f 17/17/17 16/16/16 15/15/15 14/14/14
f 19/22/22 18/20/20 420/21/21 422/23/23
f 20/24/24 19/22/22 422/23/23 21/25/25
f 19/22/22 20/24/24 9/9/9 8/8/8
f 18/20/20 19/22/22 8/8/8 7/7/7
f 22/26/26 12/12/12 13/13/13 23/27/27
f 24/28/28 22/26/26 23/27/27 25/29/29
f 22/26/26 24/28/28 26/30/30 27/31/31
f 12/12/12 22/26/26 27/31/31 14/14/14
f 28/32/32 24/28/28 25/29/29 29/33/33
f 389/34/34 390/35/35 31/36/36 30/37/37
f 389/34/34 388/38/38 33/39/39 28/32/32
f 24/28/28 28/32/32 33/39/39 26/30/30
f 387/40/40 440/41/41 37/42/42 34/43/43
f 38/44/44 34/43/43 37/42/42 442/45/45
f 34/43/43 38/44/44 26/30/30 33/39/39
f 387/40/40 388/38/38 32/46/46 35/47/47
f 39/48/48 38/44/44 442/45/45 40/49/49
f 17/17/17 39/48/48 40/49/49 417/18/18
f 39/48/48 17/17/17 14/14/14 27/31/31
f 38/44/44 39/48/48 27/31/31 26/30/30
f 41/50/50 42/51/51 43/52/52 44/53/53
f 45/54/54 41/50/50 44/53/53 46/55/55
f 41/50/50 45/54/54 47/56/56 48/57/57
f 42/51/51 41/50/50 48/57/57 49/58/58
f 46/55/55 51/59/59 50/60/60 45/54/54
f 52/61/61 47/56/56 45/54/54 50/60/60
f 455/62/62 55/63/63 54/64/64 53/65/65
f 54/64/64 47/56/56 52/61/61 53/65/65
f 56/66/66 54/64/64 55/63/63 57/67/67
f 58/68/68 56/66/66 57/67/67 59/69/69
f 56/66/66 58/68/68 49/58/58 48/57/57
f 54/64/64 56/66/66 48/57/57 47/56/56
f 60/70/70 61/71/71 59/69/69 57/67/67
f 62/72/72 60/70/70 57/67/67 55/63/63
f 60/70/70 62/72/72 63/73/73 64/74/74
f 61/71/71 60/70/70 64/74/74 65/75/75
f 55/63/63 455/62/62 468/76/76 62/72/72
f 469/77/77 63/73/73 62/72/72 468/76/76
f 470/78/78 399/79/79 398/80/80 66/81/81
f 66/81/81 348/82/82 349/83/83 470/78/78
f 66/81/81 398/80/80 397/84/84 68/85/85
f 68/85/85 397/84/84 396/86/86 70/87/87
f 70/87/87 346/88/88 347/89/89 68/85/85
f 68/85/85 347/89/89 348/82/82 66/81/81
f 72/90/90 73/91/91 3/3/3 2/2/2
f 74/92/92 72/90/90 2/2/2 9/9/9
f 75/93/93 74/92/92 9/9/9 20/24/24
f 484/94/94 75/93/93 20/24/24 21/25/25
f 75/93/93 484/94/94 485/95/95 76/96/96
f 74/92/92 75/93/93 76/96/96 307/97/97
f 80/98/98 79/99/99 51/59/59 46/55/55
f 81/100/100 80/98/98 46/55/55 44/53/53
f 82/101/101 81/100/100 44/53/53 43/52/52
f 391/102/102 390/35/35 29/33/33 83/103/103
f 25/29/29 23/27/27 85/104/104 122/105/105
f 86/106/106 85/104/104 23/27/27 13/13/13
f 92/107/107 86/106/106 13/13/13 11/11/11
f 93/108/108 92/107/107 11/11/11 6/6/6
f 92/107/107 93/108/108 94/109/109 95/110/110
f 86/106/106 92/107/107 95/110/110 87/111/111
f 96/112/112 93/108/108 6/6/6 4/4/4
f 73/91/91 96/112/112 4/4/4 3/3/3
f 97/113/113 369/114/114 370/115/115 88/116/116
f 97/113/113 88/116/116 87/111/111 95/110/110
f 362/117/117 97/113/113 95/110/110 94/109/109
f 116/118/118 102/119/119 59/69/69 61/71/71
f 103/120/120 395/121/121 396/86/86 71/122/122
f 103/120/120 99/123/123 394/124/124 395/121/121
f 104/125/125 100/126/126 89/127/127 98/128/128
f 104/125/125 364/129/129 105/130/130 106/131/131
f 100/126/126 104/125/125 106/131/131 101/132/132
f 107/133/133 82/101/101 43/52/52 42/51/51
f 108/134/134 107/133/133 42/51/51 49/58/58
f 107/133/133 108/134/134 105/130/130 317/135/135
f 109/136/136 108/134/134 49/58/58 58/68/68
f 102/119/119 109/136/136 58/68/68 59/69/69
f 109/136/136 102/119/119 101/132/132 106/131/131
f 108/134/134 109/136/136 106/131/131 105/130/130
f 113/137/137 89/127/127 100/126/126 112/138/138
f 85/104/104 86/106/106 87/111/111 114/139/139
f 115/140/140 392/141/141 391/102/102 83/103/103
f 61/71/71 65/75/75 117/142/142 116/118/118
f 65/75/75 346/88/88 118/143/143 117/142/142
f 102/119/119 116/118/118 119/144/144 101/132/132
f 101/132/132 119/144/144 112/138/138 100/126/126
f 87/111/111 88/116/116 120/145/145 114/139/139
f 29/33/33 25/29/29 122/105/105 83/103/103
f 394/124/124 393/146/146 123/147/147 111/148/148
f 90/149/149 392/141/141 393/150/146 91/151/150
f 121/152/151 370/153/115 89/127/127 113/137/137
f 126/154/152 371/155/153 372/156/154 125/157/155
f 131/158/156 132/159/157 381/160/158 382/161/159
f 112/162/138 119/163/144 379/164/160 378/165/161
f 139/166/162 138/167/163 140/168/164 141/169/165
f 124/170/166 139/166/162 141/169/165 142/171/167
f 142/171/167 141/169/165 143/172/168 144/173/169
f 145/174/170 142/175/167 144/176/169 146/177/171
f 147/178/172 145/174/170 146/177/171 148/179/173
f 149/180/174 147/178/172 148/179/173 150/181/175
f 151/182/176 149/180/174 150/181/175 152/183/177
f 153/184/178 151/182/176 152/183/177 154/185/179
f 155/186/180 153/184/178 154/185/179 156/187/181
f 157/188/182 155/186/180 156/187/181 158/189/183
f 157/188/182 158/189/183 159/190/184 160/191/185
f 131/158/156 157/188/182 160/191/185 132/159/157
f 160/191/185 159/190/184 161/192/186 162/193/187
f 160/191/185 162/193/187 163/194/188 164/195/189
f 132/159/157 160/191/185 164/195/189 133/196/190
f 165/197/191 164/198/189 163/199/188 166/200/192
f 165/197/191 166/200/192 167/201/193 168/202/194
f 165/197/191 168/202/194 169/203/195 170/204/196
f 134/205/197 165/197/191 170/204/196 135/206/198
f 171/207/199 170/204/196 169/203/195 172/208/200
f 173/209/201 171/207/199 172/208/200 174/210/202
f 140/168/164 173/209/201 174/210/202 175/211/203
f 175/211/203 174/210/202 176/212/204 177/213/205
f 143/172/168 175/211/203 177/213/205 178/214/206
f 178/214/206 177/213/205 179/215/207 180/216/208
f 181/217/209 178/214/206 180/216/208 182/218/210
f 183/219/211 181/220/209 182/221/210 184/222/212
f 185/223/213 183/219/211 184/222/212 186/224/214
f 187/225/215 185/223/213 186/224/214 188/226/216
f 189/227/217 187/225/215 188/226/216 190/228/218
f 191/229/219 189/227/217 190/228/218 192/230/220
f 193/231/221 191/229/219 192/230/220 194/232/222
f 195/233/223 193/231/221 194/232/222 196/234/224
f 197/235/225 195/233/223 196/234/224 198/236/226
f 199/237/227 197/238/225 198/239/226 200/240/228
f 201/241/229 199/242/227 200/240/228 202/243/230
f 203/244/231 201/241/229 202/243/230 204/245/232
f 205/246/233 203/244/231 204/245/232 206/247/234
f 176/212/204 205/246/233 206/247/234 207/248/235
f 207/248/235 206/247/234 208/249/236 209/250/237
f 207/248/235 209/250/237 210/251/238 211/252/239
f 212/253/240 207/248/235 211/252/239 213/254/241
f 214/255/242 212/253/240 213/254/241 215/256/243
f 216/257/244 214/255/242 215/256/243 217/258/245
f 216/257/244 217/258/245 218/259/246 219/260/247
f 219/260/247 218/259/246 220/261/248 221/262/249
f 222/263/250 219/260/247 221/262/249 223/264/251
f 222/263/250 223/264/251 224/265/252 225/266/253
f 214/255/242 222/263/250 225/266/253 212/253/240
f 225/266/253 224/265/252 180/216/208 179/215/207
f 224/265/252 223/264/251 226/267/254 227/268/255
f 224/265/252 227/268/255 182/218/210 180/216/208
f 182/221/210 227/269/255 228/270/256 184/222/212
f 228/270/256 227/269/255 226/271/254 229/272/257
f 230/273/258 228/270/256 229/272/257 231/274/259
f 232/275/260 230/273/258 231/274/259 233/276/261
f 232/275/260 233/276/261 215/277/243 213/278/241
f 234/279/262 233/276/261 231/274/259 235/280/263
f 217/281/245 234/279/262 235/280/263 218/282/246
f 233/276/261 234/279/262 217/281/245 215/277/243
f 230/273/258 232/275/260 188/226/216 186/224/214
f 211/283/239 188/226/216 232/275/260 213/278/241
f 235/280/263 231/274/259 229/272/257 236/284/264
f 218/282/246 235/280/263 236/284/264 220/285/248
f 228/270/256 230/273/258 186/224/214 184/222/212
f 236/284/264 229/272/257 226/271/254 220/285/248
f 220/261/248 226/267/254 223/264/251 221/262/249
f 219/260/247 222/263/250 214/255/242 216/257/244
f 207/248/235 212/253/240 225/266/253 179/215/207
f 188/226/216 211/283/239 210/286/238 237/287/265
f 188/226/216 237/287/265 238/288/266 190/228/218
f 239/289/267 238/288/266 237/287/265 240/290/268
f 241/291/269 239/289/267 240/290/268 242/292/270
f 243/293/271 241/291/269 242/292/270 244/294/272
f 245/295/273 243/296/271 244/297/272 246/298/274
f 247/299/275 245/295/273 246/298/274 248/300/276
f 247/299/275 248/300/276 209/250/237 208/249/236
f 245/295/273 247/299/275 249/301/277 250/302/278
f 250/302/278 249/301/277 251/303/279 252/304/280
f 250/302/278 252/304/280 243/296/271 245/295/273
f 252/305/280 251/306/279 253/307/281 254/308/282
f 252/305/280 254/308/282 241/291/269 243/293/271
f 254/308/282 253/307/281 239/289/267 241/291/269
f 239/289/267 253/307/281 255/309/283 238/288/266
f 255/309/283 253/307/281 251/306/279 256/310/284
f 255/309/283 256/310/284 257/311/285 192/230/220
f 238/288/266 255/309/283 192/230/220 190/228/218
f 258/312/286 192/230/220 257/311/285 259/313/287
f 260/314/288 258/312/286 259/313/287 261/315/289
f 262/316/290 260/314/288 261/315/289 263/317/291
f 262/316/290 263/317/291 264/318/292 265/319/293
f 265/319/293 264/318/292 266/320/294 267/321/295
f 268/322/296 265/319/293 267/321/295 269/323/297
f 268/322/296 269/323/297 270/324/298 271/325/299
f 268/322/296 271/325/299 258/312/286 260/314/288
f 271/325/299 270/324/298 196/234/224 194/232/222
f 270/324/298 269/323/297 272/326/300 273/327/301
f 270/324/298 273/327/301 198/236/226 196/234/224
f 198/239/226 273/328/301 274/329/302 200/240/228
f 275/330/303 274/329/302 273/328/301 272/331/300
f 276/332/304 274/329/302 275/330/303 277/333/305
f 278/334/306 276/332/304 277/333/305 279/335/307
f 278/334/306 279/335/307 261/336/289 259/337/287
f 280/338/308 279/335/307 277/333/305 281/339/309
f 263/340/291 280/338/308 281/339/309 264/341/292
f 279/335/307 280/338/308 263/340/291 261/336/289
f 276/332/304 278/334/306 204/245/232 202/243/230
f 204/245/232 278/334/306 259/337/287 257/342/285
f 281/339/309 277/333/305 275/330/303 282/343/310
f 264/341/292 281/339/309 282/343/310 266/344/294
f 282/343/310 275/330/303 272/331/300 266/344/294
f 274/329/302 276/332/304 202/243/230 200/240/228
f 266/320/294 272/326/300 269/323/297 267/321/295
f 265/319/293 268/322/296 260/314/288 262/316/290
f 283/345/311 204/245/232 257/342/285 256/346/284
f 192/230/220 258/312/286 271/325/299 194/232/222
f 249/301/277 283/345/311 256/346/284 251/303/279
f 208/249/236 283/345/311 249/301/277 247/299/275
f 248/300/276 246/298/274 244/297/272 284/347/312
f 248/300/276 284/347/312 210/251/238 209/250/237
f 284/348/312 244/294/272 242/292/270 240/290/268
f 284/348/312 240/290/268 237/287/265 210/286/238
f 283/345/311 208/249/236 206/247/234 204/245/232
f 203/244/231 205/246/233 172/208/200 169/203/195
f 168/202/194 201/241/229 203/244/231 169/203/195
f 199/242/227 201/241/229 285/349/313 286/350/314
f 199/351/227 286/352/314 287/353/315 197/235/225
f 288/354/316 287/353/315 286/352/314 289/355/317
f 290/356/318 288/354/316 289/355/317 291/357/319
f 290/356/318 291/357/319 292/358/320 293/359/321
f 293/359/321 292/358/320 294/360/322 295/361/323
f 296/362/324 293/359/321 295/361/323 297/363/325
f 161/192/186 296/362/324 297/363/325 162/193/187
f 288/354/316 296/362/324 161/192/186 287/353/315
f 293/359/321 296/362/324 288/354/316 290/356/318
f 297/363/325 295/361/323 294/360/322 298/364/326
f 297/363/325 298/364/326 163/194/188 162/193/187
f 163/199/188 298/365/326 299/366/327 166/200/192
f 300/367/328 299/366/327 298/365/326 294/368/322
f 299/366/327 300/367/328 301/369/329 302/370/330
f 166/200/192 299/366/327 302/370/330 167/201/193
f 302/370/330 301/369/329 303/371/331 304/372/332
f 302/370/330 304/372/332 285/349/313 167/201/193
f 285/349/313 304/372/332 289/373/317 286/350/314
f 304/372/332 303/371/331 291/374/319 289/373/317
f 291/374/319 303/371/331 301/369/329 292/375/320
f 292/375/320 301/369/329 300/367/328 294/368/322
f 167/201/193 285/349/313 201/241/229 168/202/194
f 159/190/184 197/235/225 287/353/315 161/192/186
f 158/189/183 195/233/223 197/235/225 159/190/184
f 193/231/221 195/233/223 158/189/183 156/187/181
f 191/229/219 193/231/221 156/187/181 154/185/179
f 189/227/217 191/229/219 154/185/179 152/183/177
f 187/225/215 189/227/217 152/183/177 150/181/175
f 185/223/213 187/225/215 150/181/175 148/179/173
f 183/219/211 185/223/213 148/179/173 146/177/171
f 181/220/209 183/219/211 146/177/171 144/176/169
f 178/214/206 181/217/209 144/173/169 143/172/168
f 207/248/235 179/215/207 177/213/205 176/212/204
f 205/246/233 176/212/204 174/210/202 172/208/200
f 171/207/199 173/209/201 137/376/333 136/377/334
f 170/204/196 171/207/199 136/377/334 135/206/198
f 133/378/190 164/198/189 165/197/191 134/205/197
f 130/379/335 155/186/180 157/188/182 131/158/156
f 129/380/336 153/184/178 155/186/180 130/379/335
f 128/381/337 151/182/176 153/184/178 129/380/336
f 127/382/338 149/180/174 151/182/176 128/381/337
f 147/178/172 149/180/174 127/382/338 126/154/152
f 145/174/170 147/178/172 126/154/152 125/157/155
f 142/175/167 145/174/170 125/157/155 124/383/166
f 175/211/203 143/172/168 141/169/165 140/168/164
f 173/209/201 140/168/164 138/167/163 137/376/333
f 306/384/339 360/385/340 357/386/341 305/387/342
f 78/388/343 358/389/344 357/386/341 77/390/345
f 80/98/98 320/391/346 308/392/347 361/393/348
f 311/394/349 72/90/90 74/92/92 307/97/97
f 73/91/91 72/90/90 311/394/349 312/395/350
f 93/108/108 96/112/112 313/396/351 94/109/109
f 96/112/112 73/91/91 312/395/350 313/396/351
f 104/125/125 98/128/128 363/397/352 364/129/129
f 82/101/101 107/133/133 317/135/135 318/398/353
f 81/100/100 82/101/101 318/398/353 319/399/354
f 80/98/98 81/100/100 319/399/354 320/391/346
f 326/400/355 327/401/356 317/402/135 316/403/357
f 337/404/358 336/405/359 804/406/360 803/407/361
f 338/408/362 337/404/358 803/407/361 802/409/363
f 339/410/364 338/408/362 802/409/363 818/411/365
f 340/412/366 339/410/364 818/411/365 817/413/367
f 341/414/368 340/412/366 817/413/367 816/415/369
f 324/416/370 814/417/371 815/418/372 366/419/373
f 813/420/374 814/417/371 324/416/370 323/421/375
f 322/422/376 812/423/377 813/420/374 323/421/375
f 344/424/378 812/423/377 811/425/379 345/426/380
f 345/426/380 811/425/379 810/427/381 335/428/382
f 85/429/104 373/430/383 372/156/154 122/431/105
f 115/432/140 83/433/103 371/155/153 386/434/384
f 115/432/140 386/434/384 385/435/385 123/436/147
f 123/436/147 385/435/385 384/437/386 111/438/148
f 111/438/148 384/437/386 383/439/387 110/440/388
f 110/440/388 383/439/387 382/161/159 118/441/143
f 132/159/157 133/196/190 380/442/389 381/160/158
f 133/378/190 134/205/197 379/164/160 380/443/389
f 135/206/198 136/377/334 377/444/390 378/165/161
f 113/445/137 377/444/390 376/446/391 121/447/151
f 121/447/151 376/446/391 375/448/392 120/449/145
f 120/449/145 375/448/392 374/450/393 114/451/139
f 114/451/139 374/450/393 373/452/383 85/453/104
f 369/454/114 368/455/394 363/397/352 98/128/128
f 307/456/97 353/457/395 321/458/396 311/459/349
f 311/459/349 321/458/396 322/422/376 312/460/350
f 312/460/350 322/422/376 323/421/375 313/461/351
f 313/461/351 323/421/375 324/416/370 314/462/397
f 314/462/397 324/416/370 366/419/373 367/463/398
f 316/403/357 315/464/399 325/465/400 326/400/355
f 327/401/356 328/466/401 318/467/353 317/402/135
f 328/466/401 329/468/402 319/469/354 318/467/353
f 354/470/403 355/471/404 308/472/347 320/473/346
f 336/405/359 330/474/405 805/475/406 804/406/360
f 330/474/405 331/476/407 806/477/408 805/475/406
f 331/476/407 332/478/409 807/479/410 806/477/408
f 310/480/411 350/481/412 351/482/413 305/483/342
f 305/483/342 351/482/413 352/484/414 306/485/339
f 306/485/339 352/484/414 353/457/395 307/456/97
f 348/82/82 63/73/73 469/77/77 349/83/83
f 346/88/88 65/75/75 64/74/74 347/89/89
f 347/89/89 64/74/74 63/73/73 348/82/82
f 70/87/87 110/486/388 118/143/143 346/88/88
f 309/487/415 310/488/411 358/489/344 359/490/416
f 309/491/415 308/472/347 355/471/404 356/492/417
f 310/493/411 309/491/415 356/492/417 350/494/412
f 350/481/412 807/495/410 808/496/418 351/482/413
f 351/482/413 808/496/418 809/497/419 352/484/414
f 352/484/414 809/497/419 810/427/381 353/457/395
f 320/473/346 319/469/354 329/468/402 354/470/403
f 310/498/411 305/387/342 357/386/341 358/389/344
f 78/499/343 796/500/420 359/490/416 358/489/344
f 797/501/421 77/390/345 357/386/341 360/385/340
f 79/99/99 80/98/98 361/393/348 798/502/422
f 306/384/339 307/97/97 76/96/96 360/385/340
f 360/385/340 76/96/96 485/95/95 797/501/421
f 309/487/415 359/490/416 361/393/348 308/392/347
f 361/393/348 359/490/416 796/500/420 798/502/422
f 94/109/109 313/396/351 314/503/397 362/117/117
f 362/117/117 314/503/397 367/504/398 368/505/394
f 315/506/399 316/507/357 364/129/129 363/397/352
f 316/507/357 317/135/135 105/130/130 364/129/129
f 369/454/114 98/128/128 89/127/127 370/153/115
f 341/414/368 816/415/369 815/508/372 365/509/423
f 97/113/113 362/117/117 368/505/394 369/114/114
f 325/465/400 315/464/399 367/510/398 366/511/373
f 315/506/399 363/397/352 368/455/394 367/512/398
f 121/513/151 120/145/145 88/116/116 370/115/115
f 371/155/153 83/433/103 122/431/105 372/156/154
f 117/514/142 118/441/143 382/161/159 381/160/158
f 134/205/197 135/206/198 378/165/161 379/164/160
f 373/430/383 124/383/166 125/157/155 372/156/154
f 371/155/153 126/154/152 127/382/338 386/434/384
f 386/434/384 127/382/338 128/381/337 385/435/385
f 385/435/385 128/381/337 129/380/336 384/437/386
f 384/437/386 129/380/336 130/379/335 383/439/387
f 383/439/387 130/379/335 131/158/156 382/161/159
f 116/515/118 117/514/142 381/160/158 380/442/389
f 119/163/144 116/516/118 380/443/389 379/164/160
f 113/445/137 112/162/138 378/165/161 377/444/390
f 136/377/334 137/376/333 376/446/391 377/444/390
f 376/446/391 137/376/333 138/167/163 375/448/392
f 375/448/392 138/167/163 139/166/162 374/450/393
f 374/450/393 139/166/162 124/170/166 373/452/383
f 28/32/32 29/33/33 390/35/35 389/34/34
f 30/37/37 32/46/46 388/38/38 389/34/34
f 35/47/47 36/517/424 440/41/41 387/40/40
f 34/43/43 33/39/39 388/38/38 387/40/40
f 399/79/79 799/518/425 67/519/426 398/80/80
f 398/80/80 67/519/426 69/520/427 397/84/84
f 397/84/84 69/520/427 71/122/122 396/86/86
f 84/521/428 31/36/36 390/35/35 391/102/102
f 395/121/121 110/486/388 70/87/87 396/86/86
f 111/148/148 110/486/388 395/121/121 394/124/124
f 392/141/141 90/149/149 84/521/428 391/102/102
f 99/123/123 91/522/150 393/146/146 394/124/124
f 392/141/141 115/140/140 123/523/147 393/150/146
f 400/524/429 403/525/430 402/526/431 401/527/432
f 404/528/433 405/529/434 403/525/430 400/524/429
f 400/524/429 407/530/435 406/531/436 404/528/433
f 401/527/432 408/532/437 407/530/435 400/524/429
f 409/533/438 410/534/439 405/529/434 404/528/433
f 411/535/440 412/536/441 410/534/439 409/533/438
f 409/533/438 414/537/442 413/538/443 411/535/440
f 404/528/433 406/531/436 414/537/442 409/533/438
f 415/539/444 418/19/19 417/18/18 416/540/445
f 419/541/446 420/21/21 418/19/19 415/539/444
f 415/539/444 414/537/442 406/531/436 419/541/446
f 416/540/445 413/538/443 414/537/442 415/539/444
f 421/542/447 422/23/23 420/21/21 419/541/446
f 423/543/448 21/25/25 422/23/23 421/542/447
f 421/542/447 407/530/435 408/532/437 423/543/448
f 419/541/446 406/531/436 407/530/435 421/542/447
f 424/544/449 425/545/450 412/536/441 411/535/440
f 426/546/451 427/547/452 425/545/450 424/544/449
f 424/544/449 429/548/453 428/549/454 426/546/451
f 411/535/440 413/538/443 429/548/453 424/544/449
f 430/550/455 431/551/456 427/547/452 426/546/451
f 435/552/457 434/553/458 433/554/459 432/555/460
f 437/556/461 436/557/462 433/554/459 430/550/455
f 426/546/451 428/549/454 437/556/461 430/550/455
f 37/42/42 440/41/41 439/558/463 438/559/464
f 441/560/465 442/45/45 37/42/42 438/559/464
f 438/559/464 437/556/461 428/549/454 441/560/465
f 444/561/466 436/557/462 439/558/463 443/562/467
f 445/563/468 40/49/49 442/45/45 441/560/465
f 416/540/445 417/18/18 40/49/49 445/563/468
f 445/563/468 429/548/453 413/538/443 416/540/445
f 441/560/465 428/549/454 429/548/453 445/563/468
f 446/564/469 449/565/470 448/566/471 447/567/472
f 450/568/473 451/569/474 449/565/470 446/564/469
f 446/564/469 453/570/475 452/571/476 450/568/473
f 447/567/472 454/572/477 453/570/475 446/564/469
f 50/60/60 51/59/59 451/569/474 450/568/473
f 450/568/473 452/571/476 52/61/61 50/60/60
f 457/573/478 456/574/479 455/62/62 53/65/65
f 457/573/478 53/65/65 52/61/61 452/571/476
f 458/575/480 459/576/481 456/574/479 457/573/478
f 460/577/482 461/578/483 459/576/481 458/575/480
f 458/575/480 453/570/475 454/572/477 460/577/482
f 457/573/478 452/571/476 453/570/475 458/575/480
f 462/579/484 459/576/481 461/578/483 463/580/485
f 464/581/486 456/574/479 459/576/481 462/579/484
f 462/579/484 466/582/487 465/583/488 464/581/486
f 463/580/485 467/584/489 466/582/487 462/579/484
f 468/76/76 455/62/62 456/574/479 464/581/486
f 464/581/486 465/583/488 469/77/77 468/76/76
f 470/78/78 472/585/490 471/586/491 399/79/79
f 472/585/490 470/78/78 349/83/83 473/587/492
f 475/588/493 471/586/491 472/585/490 474/589/494
f 477/590/495 475/588/493 474/589/494 476/591/496
f 479/592/497 478/593/498 476/591/496 474/589/494
f 473/587/492 479/592/497 474/589/494 472/585/490
f 480/594/499 401/527/432 402/526/431 481/595/500
f 482/596/501 408/532/437 401/527/432 480/594/499
f 483/597/502 423/543/448 408/532/437 482/596/501
f 484/94/94 21/25/25 423/543/448 483/597/502
f 483/597/502 486/598/503 485/95/95 484/94/94
f 482/596/501 487/599/504 486/598/503 483/597/502
f 488/600/505 451/569/474 51/59/59 79/99/99
f 489/601/506 449/565/470 451/569/474 488/600/505
f 490/602/507 448/566/471 449/565/470 489/601/506
f 431/551/456 434/553/458 492/603/508 531/604/509
f 427/547/452 494/605/510 493/606/511 425/545/450
f 495/607/512 412/536/441 425/545/450 493/606/511
f 496/608/513 410/534/439 412/536/441 495/607/512
f 497/609/514 405/529/434 410/534/439 496/608/513
f 496/608/513 499/610/515 498/611/516 497/609/514
f 495/607/512 500/612/517 499/610/515 496/608/513
f 501/613/518 403/525/430 405/529/434 497/609/514
f 481/595/500 402/526/431 403/525/430 501/613/518
f 505/614/519 504/615/520 503/616/521 502/617/522
f 503/616/521 499/610/515 500/612/517 502/617/522
f 506/618/523 498/611/516 499/610/515 503/616/521
f 507/619/524 463/580/485 461/578/483 508/620/525
f 509/621/526 511/622/527 477/590/495 510/623/528
f 509/621/526 510/623/528 513/624/529 512/625/530
f 514/626/531 517/627/532 516/628/533 515/629/534
f 514/626/531 520/630/535 519/631/536 518/632/537
f 515/629/534 521/633/538 520/630/535 514/626/531
f 522/634/539 447/567/472 448/566/471 490/602/507
f 523/635/540 454/572/477 447/567/472 522/634/539
f 522/634/539 524/636/541 519/631/536 523/635/540
f 525/637/542 460/577/482 454/572/477 523/635/540
f 508/620/525 461/578/483 460/577/482 525/637/542
f 525/637/542 520/630/535 521/633/538 508/620/525
f 523/635/540 519/631/536 520/630/535 525/637/542
f 515/629/534 516/628/533 527/638/543 526/639/544
f 493/606/511 528/640/545 500/612/517 495/607/512
f 529/641/546 531/604/509 492/603/508 530/642/547
f 532/643/548 467/584/489 463/580/485 507/619/524
f 467/584/489 532/643/548 533/644/549 478/593/498
f 534/645/550 507/619/524 508/620/525 521/633/538
f 521/633/538 515/629/534 526/639/544 534/645/550
f 500/612/517 528/640/545 535/646/551 502/617/522
f 494/605/510 427/547/452 431/551/456 531/604/509
f 538/647/552 537/648/553 513/624/529 536/649/554
f 539/650/555 540/651/556 537/652/553 530/642/547
f 516/628/533 505/653/519 541/654/557 527/638/543
f 545/655/558 544/656/559 543/657/560 542/658/561
f 546/659/562 549/660/563 548/661/564 547/662/565
f 526/663/544 551/664/566 550/665/567 534/666/550
f 552/667/568 555/668/569 554/669/570 553/670/571
f 556/671/572 557/672/573 555/668/569 552/667/568
f 557/672/573 559/673/574 558/674/575 555/668/569
f 560/675/576 561/676/577 559/677/574 557/678/573
f 562/679/578 563/680/579 561/676/577 560/675/576
f 564/681/580 565/682/581 563/680/579 562/679/578
f 566/683/582 567/684/583 565/682/581 564/681/580
f 568/685/584 569/686/585 567/684/583 566/683/582
f 570/687/586 571/688/587 569/686/585 568/685/584
f 572/689/588 573/690/589 571/688/587 570/687/586
f 572/689/588 575/691/590 574/692/591 573/690/589
f 546/659/562 547/662/565 575/691/590 572/689/588
f 575/691/590 577/693/592 576/694/593 574/692/591
f 575/691/590 579/695/594 578/696/595 577/693/592
f 547/662/565 580/697/596 579/695/594 575/691/590
f 581/698/597 582/699/598 578/700/595 579/701/594
f 581/698/597 584/702/599 583/703/600 582/699/598
f 581/698/597 586/704/601 585/705/602 584/702/599
f 587/706/603 588/707/604 586/704/601 581/698/597
f 589/708/605 590/709/606 585/705/602 586/704/601
f 591/710/607 592/711/608 590/709/606 589/708/605
f 554/669/570 593/712/609 592/711/608 591/710/607
f 593/712/609 595/713/610 594/714/611 592/711/608
f 558/674/575 596/715/612 595/713/610 593/712/609
f 596/715/612 598/716/613 597/717/614 595/713/610
f 599/718/615 600/719/616 598/716/613 596/715/612
f 601/720/617 602/721/618 600/722/616 599/723/615
f 603/724/619 604/725/620 602/721/618 601/720/617
f 605/726/621 606/727/622 604/725/620 603/724/619
f 607/728/623 608/729/624 606/727/622 605/726/621
f 609/730/625 610/731/626 608/729/624 607/728/623
f 611/732/627 612/733/628 610/731/626 609/730/625
f 613/734/629 614/735/630 612/733/628 611/732/627
f 615/736/631 616/737/632 614/735/630 613/734/629
f 617/738/633 618/739/634 616/740/632 615/741/631
f 619/742/635 620/743/636 618/739/634 617/744/633
f 621/745/637 622/746/638 620/743/636 619/742/635
f 623/747/639 624/748/640 622/746/638 621/745/637
f 594/714/611 625/749/641 624/748/640 623/747/639
f 625/749/641 627/750/642 626/751/643 624/748/640
f 625/749/641 629/752/644 628/753/645 627/750/642
f 630/754/646 631/755/647 629/752/644 625/749/641
f 632/756/648 633/757/649 631/755/647 630/754/646
f 634/758/650 635/759/651 633/757/649 632/756/648
f 634/758/650 637/760/652 636/761/653 635/759/651
f 637/760/652 639/762/654 638/763/655 636/761/653
f 640/764/656 641/765/657 639/762/654 637/760/652
f 640/764/656 643/766/658 642/767/659 641/765/657
f 632/756/648 630/754/646 643/766/658 640/764/656
f 643/766/658 597/717/614 598/716/613 642/767/659
f 642/767/659 645/768/660 644/769/661 641/765/657
f 642/767/659 598/716/613 600/719/616 645/768/660
f 600/722/616 602/721/618 646/770/662 645/771/660
f 646/770/662 647/772/663 644/773/661 645/771/660
f 648/774/664 649/775/665 647/772/663 646/770/662
f 650/776/666 651/777/667 649/775/665 648/774/664
f 650/776/666 631/778/647 633/779/649 651/777/667
f 652/780/668 653/781/669 649/775/665 651/777/667
f 635/782/651 636/783/653 653/781/669 652/780/668
f 651/777/667 633/779/649 635/782/651 652/780/668
f 648/774/664 604/725/620 606/727/622 650/776/666
f 629/784/644 631/778/647 650/776/666 606/727/622
f 653/781/669 654/785/670 647/772/663 649/775/665
f 636/783/653 638/786/655 654/785/670 653/781/669
f 646/770/662 602/721/618 604/725/620 648/774/664
f 654/785/670 638/786/655 644/773/661 647/772/663
f 638/763/655 639/762/654 641/765/657 644/769/661
f 637/760/652 634/758/650 632/756/648 640/764/656
f 625/749/641 597/717/614 643/766/658 630/754/646
f 606/727/622 655/787/671 628/788/645 629/784/644
f 606/727/622 608/729/624 656/789/672 655/787/671
f 657/790/673 658/791/674 655/787/671 656/789/672
f 659/792/675 660/793/676 658/791/674 657/790/673
f 661/794/677 662/795/678 660/793/676 659/792/675
f 663/796/679 664/797/680 662/798/678 661/799/677
f 665/800/681 666/801/682 664/797/680 663/796/679
f 665/800/681 626/751/643 627/750/642 666/801/682
f 663/796/679 668/802/683 667/803/684 665/800/681
f 668/802/683 670/804/685 669/805/686 667/803/684
f 668/802/683 663/796/679 661/799/677 670/804/685
f 670/806/685 672/807/687 671/808/688 669/809/686
f 670/806/685 661/794/677 659/792/675 672/807/687
f 672/807/687 659/792/675 657/790/673 671/808/688
f 657/790/673 656/789/672 673/810/689 671/808/688
f 673/810/689 674/811/690 669/809/686 671/808/688
f 673/810/689 610/731/626 675/812/691 674/811/690
f 656/789/672 608/729/624 610/731/626 673/810/689
f 676/813/692 677/814/693 675/812/691 610/731/626
f 678/815/694 679/816/695 677/814/693 676/813/692
f 680/817/696 681/818/697 679/816/695 678/815/694
f 680/817/696 683/819/698 682/820/699 681/818/697
f 683/819/698 685/821/700 684/822/701 682/820/699
f 686/823/702 687/824/703 685/821/700 683/819/698
f 686/823/702 689/825/704 688/826/705 687/824/703
f 686/823/702 678/815/694 676/813/692 689/825/704
f 689/825/704 612/733/628 614/735/630 688/826/705
f 688/826/705 691/827/706 690/828/707 687/824/703
f 688/826/705 614/735/630 616/737/632 691/827/706
f 616/740/632 618/739/634 692/829/708 691/830/706
f 693/831/709 690/832/707 691/830/706 692/829/708
f 694/833/710 695/834/711 693/831/709 692/829/708
f 696/835/712 697/836/713 695/834/711 694/833/710
f 696/835/712 677/837/693 679/838/695 697/836/713
f 698/839/714 699/840/715 695/834/711 697/836/713
f 681/841/697 682/842/699 699/840/715 698/839/714
f 697/836/713 679/838/695 681/841/697 698/839/714
f 694/833/710 620/743/636 622/746/638 696/835/712
f 622/746/638 675/843/691 677/837/693 696/835/712
f 699/840/715 700/844/716 693/831/709 695/834/711
f 682/842/699 684/845/701 700/844/716 699/840/715
f 700/844/716 684/845/701 690/832/707 693/831/709
f 692/829/708 618/739/634 620/743/636 694/833/710
f 684/822/701 685/821/700 687/824/703 690/828/707
f 683/819/698 680/817/696 678/815/694 686/823/702
f 701/846/717 674/847/690 675/843/691 622/746/638
f 610/731/626 612/733/628 689/825/704 676/813/692
f 667/803/684 669/805/686 674/847/690 701/846/717
f 626/751/643 665/800/681 667/803/684 701/846/717
f 666/801/682 702/848/718 662/798/678 664/797/680
f 666/801/682 627/750/642 628/753/645 702/848/718
f 702/849/718 658/791/674 660/793/676 662/795/678
f 702/849/718 628/788/645 655/787/671 658/791/674
f 701/846/717 622/746/638 624/748/640 626/751/643
f 621/745/637 585/705/602 590/709/606 623/747/639
f 584/702/599 585/705/602 621/745/637 619/742/635
f 617/744/633 704/850/719 703/851/720 619/742/635
f 617/852/633 615/736/631 705/853/721 704/854/719
f 706/855/722 707/856/723 704/854/719 705/853/721
f 708/857/724 709/858/725 707/856/723 706/855/722
f 708/857/724 711/859/726 710/860/727 709/858/725
f 711/859/726 713/861/728 712/862/729 710/860/727
f 714/863/730 715/864/731 713/861/728 711/859/726
f 576/694/593 577/693/592 715/864/731 714/863/730
f 706/855/722 705/853/721 576/694/593 714/863/730
f 711/859/726 708/857/724 706/855/722 714/863/730
f 715/864/731 716/865/732 712/862/729 713/861/728
f 715/864/731 577/693/592 578/696/595 716/865/732
f 578/700/595 582/699/598 717/866/733 716/867/732
f 718/868/734 712/869/729 716/867/732 717/866/733
f 717/866/733 720/870/735 719/871/736 718/868/734
f 582/699/598 583/703/600 720/870/735 717/866/733
f 720/870/735 722/872/737 721/873/738 719/871/736
f 720/870/735 583/703/600 703/851/720 722/872/737
f 703/851/720 704/850/719 707/874/723 722/872/737
f 722/872/737 707/874/723 709/875/725 721/873/738
f 709/875/725 710/876/727 719/871/736 721/873/738
f 710/876/727 712/869/729 718/868/734 719/871/736
f 583/703/600 584/702/599 619/742/635 703/851/720
f 574/692/591 576/694/593 705/853/721 615/736/631
f 573/690/589 574/692/591 615/736/631 613/734/629
f 611/732/627 571/688/587 573/690/589 613/734/629
f 609/730/625 569/686/585 571/688/587 611/732/627
f 607/728/623 567/684/583 569/686/585 609/730/625
f 605/726/621 565/682/581 567/684/583 607/728/623
f 603/724/619 563/680/579 565/682/581 605/726/621
f 601/720/617 561/676/577 563/680/579 603/724/619
f 599/723/615 559/677/574 561/676/577 601/720/617
f 596/715/612 558/674/575 559/673/574 599/718/615
f 625/749/641 594/714/611 595/713/610 597/717/614
f 623/747/639 590/709/606 592/711/608 594/714/611
f 589/708/605 724/877/739 723/878/740 591/710/607
f 586/704/601 588/707/604 724/877/739 589/708/605
f 580/879/596 587/706/603 581/698/597 579/701/594
f 725/880/741 546/659/562 572/689/588 570/687/586
f 726/881/742 725/880/741 570/687/586 568/685/584
f 727/882/743 726/881/742 568/685/584 566/683/582
f 728/883/744 727/882/743 566/683/582 564/681/580
f 562/679/578 543/657/560 728/883/744 564/681/580
f 560/675/576 542/658/561 543/657/560 562/679/578
f 557/678/573 556/884/572 542/658/561 560/675/576
f 593/712/609 554/669/570 555/668/569 558/674/575
f 591/710/607 723/878/740 553/670/571 554/669/570
f 729/885/745 732/886/746 731/887/747 730/888/748
f 731/887/747 733/889/749 78/388/343 77/390/345
f 736/890/750 735/891/751 488/600/505 734/892/752
f 737/893/753 487/599/504 482/596/501 480/594/499
f 737/893/753 480/594/499 481/595/500 738/894/754
f 739/895/755 501/613/518 497/609/514 498/611/516
f 738/894/754 481/595/500 501/613/518 739/895/755
f 740/896/756 517/627/532 514/626/531 518/632/537
f 524/636/541 522/634/539 490/602/507 741/897/757
f 741/897/757 490/602/507 489/601/506 742/898/758
f 742/898/758 489/601/506 488/600/505 735/891/751
f 743/899/759 745/900/760 524/901/541 744/902/761
f 746/903/762 835/904/763 819/905/764 747/906/765
f 750/907/766 834/908/767 835/904/763 746/903/762
f 752/909/768 833/910/769 834/908/767 750/907/766
f 753/911/770 832/912/771 833/910/769 752/909/768
f 754/913/772 831/914/773 832/912/771 753/911/770
f 756/915/774 759/916/775 830/917/776 829/918/777
f 756/915/774 829/918/777 828/919/778 760/920/779
f 762/921/780 760/920/779 828/919/778 827/922/781
f 763/923/782 765/924/783 826/925/784 827/922/781
f 765/924/783 767/926/785 825/927/786 826/925/784
f 545/655/558 768/928/787 493/929/511 494/930/510
f 529/931/546 769/932/788 544/656/559 531/933/509
f 770/934/789 769/932/788 529/931/546 538/935/552
f 771/936/790 770/934/789 538/935/552 536/937/554
f 536/937/554 773/938/791 772/939/792 771/936/790
f 773/938/791 533/940/549 549/660/563 772/939/792
f 547/662/565 548/661/564 774/941/793 580/697/596
f 580/879/596 774/942/793 550/665/567 587/706/603
f 588/707/604 551/664/566 775/943/794 724/877/739
f 527/944/543 541/945/557 776/946/795 775/943/794
f 777/947/796 776/946/795 541/948/557 535/949/551
f 778/950/797 777/947/796 535/949/551 528/951/545
f 528/951/545 493/952/511 768/953/787 778/950/797
f 740/896/756 779/954/798 504/955/520 517/627/532
f 487/956/504 737/957/753 764/958/799 766/959/800
f 762/921/780 764/958/799 737/957/753 738/960/754
f 760/920/779 762/921/780 738/960/754 739/961/755
f 739/961/755 780/962/801 756/915/774 760/920/779
f 780/962/801 781/963/802 759/916/775 756/915/774
f 745/900/760 743/899/759 755/964/803 782/965/804
f 744/902/761 524/901/541 741/966/757 751/967/805
f 751/967/805 741/966/757 742/968/758 749/969/806
f 736/970/750 783/971/807 748/972/808 735/973/751
f 747/906/765 819/905/764 820/974/809 784/975/810
f 784/975/810 820/974/809 821/976/811 785/977/812
f 785/977/812 821/976/811 822/978/813 787/979/814
f 790/980/815 788/981/816 789/982/817 732/983/746
f 791/984/818 790/980/815 732/983/746 729/985/745
f 766/959/800 791/984/818 729/985/745 487/956/504
f 473/587/492 349/83/83 469/77/77 465/583/488
f 478/593/498 479/592/497 466/582/487 467/584/489
f 479/592/497 473/587/492 465/583/488 466/582/487
f 533/644/549 773/986/791 476/591/496 478/593/498
f 792/987/819 793/988/820 733/989/749 789/990/817
f 783/971/807 736/970/750 792/991/819 786/992/821
f 786/992/821 792/991/819 789/993/817 788/994/816
f 788/981/816 790/980/815 823/995/822 822/996/813
f 790/980/815 791/984/818 824/997/823 823/995/822
f 791/984/818 766/959/800 825/927/786 824/997/823
f 749/969/806 742/968/758 735/973/751 748/972/808
f 731/887/747 732/886/746 789/998/817 733/889/749
f 793/988/820 796/500/420 78/499/343 733/989/749
f 797/501/421 730/888/748 731/887/747 77/390/345
f 734/892/752 488/600/505 79/99/99 798/502/422
f 729/885/745 730/888/748 486/598/503 487/599/504
f 730/888/748 797/501/421 485/95/95 486/598/503
f 734/892/752 793/988/820 792/987/819 736/890/750
f 734/892/752 798/502/422 796/500/420 793/988/820
f 498/611/516 506/618/523 780/999/801 739/895/755
f 506/618/523 779/1000/798 781/1001/802 780/999/801
f 518/632/537 745/1002/760 782/1003/804 740/896/756
f 519/631/536 524/636/541 745/1002/760 518/632/537
f 504/955/520 505/653/519 516/628/533 517/627/532
f 830/1004/776 831/914/773 754/913/772 758/1005/824
f 779/1000/798 506/618/523 503/616/521 504/615/520
f 781/1006/802 782/965/804 755/964/803 759/1007/775
f 779/954/798 740/896/756 782/1003/804 781/1008/802
f 541/1009/557 505/614/519 502/617/522 535/646/551
f 544/656/559 545/655/558 494/930/510 531/933/509
f 549/660/563 533/940/549 532/1010/548 548/661/564
f 551/664/566 588/707/604 587/706/603 550/665/567
f 768/928/787 545/655/558 542/658/561 556/884/572
f 544/656/559 769/932/788 728/883/744 543/657/560
f 769/932/788 770/934/789 727/882/743 728/883/744
f 770/934/789 771/936/790 726/881/742 727/882/743
f 771/936/790 772/939/792 725/880/741 726/881/742
f 772/939/792 549/660/563 546/659/562 725/880/741
f 548/661/564 532/1010/548 507/1011/524 774/941/793
f 774/942/793 507/1012/524 534/666/550 550/665/567
f 551/664/566 526/663/544 527/944/543 775/943/794
f 776/946/795 723/878/740 724/877/739 775/943/794
f 776/946/795 777/947/796 553/670/571 723/878/740
f 777/947/796 778/950/797 552/667/568 553/670/571
f 778/950/797 768/953/787 556/671/572 552/667/568
f 434/553/458 431/551/456 430/550/455 433/554/459
f 436/557/462 444/561/466 432/555/460 433/554/459
f 440/41/41 36/517/424 443/562/467 439/558/463
f 436/557/462 437/556/461 438/559/464 439/558/463
f 399/79/79 471/586/491 800/1013/825 799/518/425
f 471/586/491 475/588/493 801/1014/826 800/1013/825
f 475/588/493 477/590/495 511/622/527 801/1014/826
f 434/553/458 435/552/457 491/1015/827 492/603/508
f 510/623/528 477/590/495 476/591/496 773/986/791
f 510/623/528 773/986/791 536/649/554 513/624/529
f 530/642/547 492/603/508 491/1015/827 539/650/555
f 537/648/553 540/1016/556 512/625/530 513/624/529
f 530/642/547 537/652/553 538/1017/552 529/641/546
f 354/470/403 329/468/402 803/407/361 804/406/360
f 329/468/402 328/466/401 802/409/363 803/407/361
f 328/466/401 327/401/356 818/411/365 802/409/363
f 327/401/356 326/400/355 817/413/367 818/411/365
f 326/400/355 325/465/400 816/415/369 817/413/367
f 814/417/371 342/1018/828 365/1019/423 815/418/372
f 813/420/374 343/1020/829 342/1018/828 814/417/371
f 812/423/377 344/424/378 343/1020/829 813/420/374
f 812/423/377 322/422/376 321/458/396 811/425/379
f 811/425/379 321/458/396 353/457/395 810/427/381
f 355/471/404 354/470/403 804/406/360 805/475/406
f 356/492/417 355/471/404 805/475/406 806/477/408
f 350/494/412 356/492/417 806/477/408 807/479/410
f 807/495/410 332/1021/409 333/1022/830 808/496/418
f 808/496/418 333/1022/830 334/1023/831 809/497/419
f 809/497/419 334/1023/831 335/428/382 810/427/381
f 325/465/400 366/511/373 815/508/372 816/415/369
f 835/904/763 749/969/806 748/972/808 819/905/764
f 834/908/767 751/967/805 749/969/806 835/904/763
f 833/910/769 744/902/761 751/967/805 834/908/767
f 832/912/771 743/899/759 744/902/761 833/910/769
f 831/914/773 755/964/803 743/899/759 832/912/771
f 758/1024/824 757/1025/832 829/918/777 830/917/776
f 757/1025/832 761/1026/833 828/919/778 829/918/777
f 761/1026/833 763/923/782 827/922/781 828/919/778
f 764/958/799 762/921/780 827/922/781 826/925/784
f 766/959/800 764/958/799 826/925/784 825/927/786
f 819/905/764 748/972/808 783/971/807 820/974/809
f 820/974/809 783/971/807 786/992/821 821/976/811
f 821/976/811 786/992/821 788/994/816 822/978/813
f 794/1027/834 787/1028/814 822/996/813 823/995/822
f 795/1029/835 794/1027/834 823/995/822 824/997/823
f 767/926/785 795/1029/835 824/997/823 825/927/786
f 759/1007/775 755/964/803 831/914/773 830/1004/776
f 836/1030/836 934/1031/837 886/1032/838 937/1033/839
f 934/1031/837 844/1034/840 935/1035/841 886/1032/838
f 845/1036/842 936/1037/843 886/1032/838 935/1035/841
f 936/1037/843 837/1038/844 937/1033/839 886/1032/838
f 837/1038/844 936/1037/843 887/1039/845 940/1040/846
f 936/1037/843 845/1036/842 938/1041/847 887/1039/845
f 846/1042/848 939/1043/849 887/1039/845 938/1041/847
f 939/1043/849 838/1044/850 940/1040/846 887/1039/845
f 838/1044/850 939/1043/849 888/1045/851 943/1046/852
f 939/1043/849 846/1042/848 941/1047/853 888/1045/851
f 847/1048/854 942/1049/855 888/1045/851 941/1047/853
f 942/1049/855 839/1050/856 943/1046/852 888/1045/851
f 839/1050/856 942/1049/855 889/1051/857 946/1052/858
f 942/1049/855 847/1048/854 944/1053/859 889/1051/857
f 848/1054/860 945/1055/861 889/1051/857 944/1053/859
f 945/1055/861 840/1056/862 946/1052/858 889/1051/857
f 840/1057/862 945/1058/861 890/1059/863 949/1060/864
f 945/1058/861 848/1061/860 947/1062/865 890/1059/863
f 849/1063/866 948/1064/867 890/1059/863 947/1062/865
f 948/1064/867 841/1065/868 949/1060/864 890/1059/863
f 841/1065/868 948/1064/867 891/1066/869 952/1067/870
f 948/1064/867 849/1063/866 950/1068/871 891/1066/869
f 850/1069/872 951/1070/873 891/1066/869 950/1068/871
f 951/1070/873 842/1071/874 952/1067/870 891/1066/869
f 842/1071/874 951/1070/873 892/1072/875 955/1073/876
f 951/1070/873 850/1069/872 953/1074/877 892/1072/875
f 851/1075/878 954/1076/879 892/1072/875 953/1074/877
f 954/1076/879 843/1077/880 955/1073/876 892/1072/875
f 843/1077/880 954/1076/879 893/1078/881 957/1079/882
f 954/1076/879 851/1075/878 956/1080/883 893/1078/881
f 844/1081/840 934/1082/837 893/1078/881 956/1080/883
f 934/1082/837 836/1083/836 957/1079/882 893/1078/881
f 844/1034/840 958/1084/884 894/1085/885 935/1035/841
f 958/1084/884 852/1086/886 959/1087/887 894/1085/885
f 853/1088/888 960/1089/889 894/1085/885 959/1087/887
f 960/1089/889 845/1036/842 935/1035/841 894/1085/885
f 845/1036/842 960/1089/889 895/1090/890 938/1041/847
f 960/1089/889 853/1088/888 961/1091/891 895/1090/890
f 854/1092/892 962/1093/893 895/1090/890 961/1091/891
f 962/1093/893 846/1042/848 938/1041/847 895/1090/890
f 846/1042/848 962/1093/893 896/1094/894 941/1047/853
f 962/1093/893 854/1092/892 963/1095/895 896/1094/894
f 855/1096/896 964/1097/897 896/1094/894 963/1095/895
f 964/1097/897 847/1048/854 941/1047/853 896/1094/894
f 847/1048/854 964/1097/897 897/1098/898 944/1053/859
f 964/1097/897 855/1096/896 965/1099/899 897/1098/898
f 856/1100/900 966/1101/901 897/1098/898 965/1099/899
f 966/1101/901 848/1054/860 944/1053/859 897/1098/898
f 848/1061/860 966/1102/901 898/1103/902 947/1062/865
f 966/1102/901 856/1104/900 967/1105/903 898/1103/902
f 857/1106/904 968/1107/905 898/1103/902 967/1105/903
f 968/1107/905 849/1063/866 947/1062/865 898/1103/902
f 849/1063/866 968/1107/905 899/1108/906 950/1068/871
f 968/1107/905 857/1106/904 969/1109/907 899/1108/906
f 858/1110/908 970/1111/909 899/1108/906 969/1109/907
f 970/1111/909 850/1069/872 950/1068/871 899/1108/906
f 850/1069/872 970/1111/909 900/1112/910 953/1074/877
f 970/1111/909 858/1110/908 971/1113/911 900/1112/910
f 859/1114/912 972/1115/913 900/1112/910 971/1113/911
f 972/1115/913 851/1075/878 953/1074/877 900/1112/910
f 851/1075/878 972/1115/913 901/1116/914 956/1080/883
f 972/1115/913 859/1114/912 973/1117/915 901/1116/914
f 852/1118/886 958/1119/884 901/1116/914 973/1117/915
f 958/1119/884 844/1081/840 956/1080/883 901/1116/914
f 852/1086/886 974/1120/916 902/1121/917 959/1087/887
f 974/1120/916 860/1122/918 975/1123/919 902/1121/917
f 861/1124/920 976/1125/921 902/1121/917 975/1123/919
f 976/1125/921 853/1088/888 959/1087/887 902/1121/917
f 853/1088/888 976/1125/921 903/1126/922 961/1091/891
f 976/1125/921 861/1124/920 977/1127/923 903/1126/922
f 862/1128/924 978/1129/925 903/1126/922 977/1127/923
f 978/1129/925 854/1092/892 961/1091/891 903/1126/922
f 854/1092/892 978/1129/925 904/1130/926 963/1095/895
f 978/1129/925 862/1128/924 979/1131/927 904/1130/926
f 863/1132/928 980/1133/929 904/1130/926 979/1131/927
f 980/1133/929 855/1096/896 963/1095/895 904/1130/926
f 855/1096/896 980/1133/929 905/1134/930 965/1099/899
f 980/1133/929 863/1132/928 981/1135/931 905/1134/930
f 864/1136/932 982/1137/933 905/1134/930 981/1135/931
f 982/1137/933 856/1100/900 965/1099/899 905/1134/930
f 856/1104/900 982/1138/933 906/1139/934 967/1105/903
f 982/1138/933 864/1140/932 983/1141/935 906/1139/934
f 865/1142/936 984/1143/937 906/1139/934 983/1141/935
f 984/1143/937 857/1106/904 967/1105/903 906/1139/934
f 857/1106/904 984/1143/937 907/1144/938 969/1109/907
f 984/1143/937 865/1142/936 985/1145/939 907/1144/938
f 866/1146/940 986/1147/941 907/1144/938 985/1145/939
f 986/1147/941 858/1110/908 969/1109/907 907/1144/938
f 858/1110/908 986/1147/941 908/1148/942 971/1113/911
f 986/1147/941 866/1146/940 987/1149/943 908/1148/942
f 867/1150/944 988/1151/945 908/1148/942 987/1149/943
f 988/1151/945 859/1114/912 971/1113/911 908/1148/942
f 859/1114/912 988/1151/945 909/1152/946 973/1117/915
f 988/1151/945 867/1150/944 989/1153/947 909/1152/946
f 860/1154/918 974/1155/916 909/1152/946 989/1153/947
f 974/1155/916 852/1118/886 973/1117/915 909/1152/946
f 836/1030/836 937/1033/839 910/1156/948 998/1157/949
f 937/1033/839 837/1038/844 999/1158/950 910/1156/948
f 869/1159/951 990/1160/952 910/1156/948 999/1158/950
f 990/1160/952 868/1161/953 998/1157/949 910/1156/948
f 837/1038/844 940/1040/846 911/1162/954 999/1158/950
f 940/1040/846 838/1044/850 1000/1163/955 911/1162/954
f 870/1164/956 991/1165/957 911/1162/954 1000/1163/955
f 991/1165/957 869/1159/951 999/1158/950 911/1162/954
f 838/1044/850 943/1046/852 912/1166/958 1000/1163/955
f 943/1046/852 839/1050/856 1001/1167/959 912/1166/958
f 871/1168/960 992/1169/961 912/1166/958 1001/1167/959
f 992/1169/961 870/1164/956 1000/1163/955 912/1166/958
f 839/1050/856 946/1052/858 913/1170/962 1001/1167/959
f 946/1052/858 840/1056/862 1002/1171/963 913/1170/962
f 872/1172/964 993/1173/965 913/1170/962 1002/1171/963
f 993/1173/965 871/1168/960 1001/1167/959 913/1170/962
f 840/1057/862 949/1060/864 914/1174/966 1002/1175/963
f 949/1060/864 841/1065/868 1003/1176/967 914/1174/966
f 873/1177/968 994/1178/969 914/1174/966 1003/1176/967
f 994/1178/969 872/1179/964 1002/1175/963 914/1174/966
f 841/1065/868 952/1067/870 915/1180/970 1003/1176/967
f 952/1067/870 842/1071/874 1004/1181/971 915/1180/970
f 874/1182/972 995/1183/973 915/1180/970 1004/1181/971
f 995/1183/973 873/1177/968 1003/1176/967 915/1180/970
f 842/1071/874 955/1073/876 916/1184/974 1004/1181/971
f 955/1073/876 843/1077/880 1005/1185/975 916/1184/974
f 875/1186/976 996/1187/977 916/1184/974 1005/1185/975
f 996/1187/977 874/1182/972 1004/1181/971 916/1184/974
f 843/1077/880 957/1079/882 917/1188/978 1005/1185/975
f 957/1079/882 836/1083/836 998/1189/949 917/1188/978
f 868/1190/953 997/1191/979 917/1188/978 998/1189/949
f 997/1191/979 875/1186/976 1005/1185/975 917/1188/978
f 868/1161/953 990/1160/952 918/1192/980 1006/1193/981
f 990/1160/952 869/1159/951 991/1165/957 918/1192/980
f 870/1164/956 1007/1194/982 918/1192/980 991/1165/957
f 1007/1194/982 876/1195/983 1006/1193/981 918/1192/980
f 870/1164/956 992/1169/961 919/1196/984 1007/1194/982
f 992/1169/961 871/1168/960 993/1173/965 919/1196/984
f 872/1172/964 1008/1197/985 919/1196/984 993/1173/965
f 1008/1197/985 876/1195/983 1007/1194/982 919/1196/984
f 872/1179/964 994/1178/969 920/1198/986 1008/1199/985
f 994/1178/969 873/1177/968 995/1183/973 920/1198/986
f 874/1182/972 1009/1200/987 920/1198/986 995/1183/973
f 1009/1200/987 876/1201/983 1008/1199/985 920/1198/986
f 874/1182/972 996/1187/977 921/1202/988 1009/1200/987
f 996/1187/977 875/1186/976 997/1191/979 921/1202/988
f 868/1190/953 1006/1203/981 921/1202/988 997/1191/979
f 1006/1203/981 876/1201/983 1009/1200/987 921/1202/988
f 861/1124/920 975/1123/919 922/1204/989 1018/1205/990
f 975/1123/919 860/1122/918 1019/1206/991 922/1204/989
f 878/1207/992 1010/1208/993 922/1204/989 1019/1206/991
f 1010/1208/993 877/1209/994 1018/1205/990 922/1204/989
f 860/1154/918 989/1153/947 923/1210/995 1019/1211/991
f 989/1153/947 867/1150/944 1020/1212/996 923/1210/995
f 879/1213/997 1011/1214/998 923/1210/995 1020/1212/996
f 1011/1214/998 878/1215/992 1019/1211/991 923/1210/995
f 867/1150/944 987/1149/943 924/1216/999 1020/1212/996
f 987/1149/943 866/1146/940 1021/1217/1000 924/1216/999
f 880/1218/1001 1012/1219/1002 924/1216/999 1021/1217/1000
f 1012/1219/1002 879/1213/997 1020/1212/996 924/1216/999
f 866/1146/940 985/1145/939 925/1220/1003 1021/1217/1000
f 985/1145/939 865/1142/936 1022/1221/1004 925/1220/1003
f 881/1222/1005 1013/1223/1006 925/1220/1003 1022/1221/1004
f 1013/1223/1006 880/1218/1001 1021/1217/1000 925/1220/1003
f 865/1142/936 983/1141/935 926/1224/1007 1022/1221/1004
f 983/1141/935 864/1140/932 1023/1225/1008 926/1224/1007
f 882/1226/1009 1014/1227/1010 926/1224/1007 1023/1225/1008
f 1014/1227/1010 881/1222/1005 1022/1221/1004 926/1224/1007
f 864/1136/932 981/1135/931 927/1228/1011 1023/1229/1008
f 981/1135/931 863/1132/928 1024/1230/1012 927/1228/1011
f 883/1231/1013 1015/1232/1014 927/1228/1011 1024/1230/1012
f 1015/1232/1014 882/1233/1009 1023/1229/1008 927/1228/1011
f 863/1132/928 979/1131/927 928/1234/1015 1024/1230/1012
f 979/1131/927 862/1128/924 1025/1235/1016 928/1234/1015
f 884/1236/1017 1016/1237/1018 928/1234/1015 1025/1235/1016
f 1016/1237/1018 883/1231/1013 1024/1230/1012 928/1234/1015
f 862/1128/924 977/1127/923 929/1238/1019 1025/1235/1016
f 977/1127/923 861/1124/920 1018/1205/990 929/1238/1019
f 877/1209/994 1017/1239/1020 929/1238/1019 1018/1205/990
f 1017/1239/1020 884/1236/1017 1025/1235/1016 929/1238/1019
f 878/1215/992 1011/1214/998 930/1240/1021 1026/1241/1022
f 1011/1214/998 879/1213/997 1012/1219/1002 930/1240/1021
f 880/1218/1001 1027/1242/1023 930/1240/1021 1012/1219/1002
f 1027/1242/1023 885/1243/1024 1026/1241/1022 930/1240/1021
f 880/1218/1001 1013/1223/1006 931/1244/1025 1027/1242/1023
f 1013/1223/1006 881/1222/1005 1014/1227/1010 931/1244/1025
f 882/1226/1009 1028/1245/1026 931/1244/1025 1014/1227/1010
f 1028/1245/1026 885/1243/1024 1027/1242/1023 931/1244/1025
f 882/1233/1009 1015/1232/1014 932/1246/1027 1028/1247/1026
f 1015/1232/1014 883/1231/1013 1016/1237/1018 932/1246/1027
f 884/1236/1017 1029/1248/1028 932/1246/1027 1016/1237/1018
f 1029/1248/1028 885/1249/1024 1028/1247/1026 932/1246/1027
f 884/1236/1017 1017/1239/1020 933/1250/1029 1029/1248/1028
f 1017/1239/1020 877/1209/994 1010/1208/993 933/1250/1029
f 878/1207/992 1026/1251/1022 933/1250/1029 1010/1208/993
f 1026/1251/1022 885/1249/1024 1029/1248/1028 933/1250/1029
f 1030/1252/1030 1031/1253/1031 1039/1254/1032 1038/1255/1033
f 1031/1253/1031 1032/1256/1034 1040/1257/1035 1039/1254/1032
f 1032/1256/1034 1033/1258/1036 1041/1259/1037 1040/1257/1035
f 1033/1258/1036 1034/1260/1038 1042/1261/1039 1041/1259/1037
f 1034/1262/1038 1035/1263/1040 1043/1264/1041 1042/1265/1039
f 1035/1263/1040 1036/1266/1042 1044/1267/1043 1043/1264/1041
f 1036/1266/1042 1037/1268/1044 1045/1269/1045 1044/1267/1043
f 1037/1268/1044 1030/1270/1030 1038/1271/1033 1045/1269/1045
f 1038/1255/1033 1039/1254/1032 1047/1272/1046 1046/1273/1047
f 1039/1254/1032 1040/1257/1035 1048/1274/1048 1047/1272/1046
f 1040/1257/1035 1041/1259/1037 1049/1275/1049 1048/1274/1048
f 1041/1259/1037 1042/1261/1039 1050/1276/1050 1049/1275/1049
f 1042/1265/1039 1043/1264/1041 1051/1277/1051 1050/1278/1050
f 1043/1264/1041 1044/1267/1043 1052/1279/1052 1051/1277/1051
f 1044/1267/1043 1045/1269/1045 1053/1280/1053 1052/1279/1052
f 1045/1269/1045 1038/1271/1033 1046/1281/1047 1053/1280/1053
f 1046/1273/1047 1047/1272/1046 1055/1282/1054 1054/1283/1055
f 1047/1272/1046 1048/1274/1048 1056/1284/1056 1055/1282/1054
f 1048/1274/1048 1049/1275/1049 1057/1285/1057 1056/1284/1056
f 1049/1275/1049 1050/1276/1050 1058/1286/1058 1057/1285/1057
f 1050/1278/1050 1051/1277/1051 1059/1287/1059 1058/1288/1058
f 1051/1277/1051 1052/1279/1052 1060/1289/1060 1059/1287/1059
f 1052/1279/1052 1053/1280/1053 1061/1290/1061 1060/1289/1060
f 1053/1280/1053 1046/1281/1047 1054/1291/1055 1061/1290/1061
f 1030/1252/1030 1062/1292/1062 1063/1293/1063 1031/1253/1031
f 1031/1253/1031 1063/1293/1063 1064/1294/1064 1032/1256/1034
f 1032/1256/1034 1064/1294/1064 1065/1295/1065 1033/1258/1036
f 1033/1258/1036 1065/1295/1065 1066/1296/1066 1034/1260/1038
f 1034/1262/1038 1066/1297/1066 1067/1298/1067 1035/1263/1040
f 1035/1263/1040 1067/1298/1067 1068/1299/1068 1036/1266/1042
f 1036/1266/1042 1068/1299/1068 1069/1300/1069 1037/1268/1044
f 1037/1268/1044 1069/1300/1069 1062/1301/1062 1030/1270/1030
f 1070/1302/1070 1064/1294/1064 1063/1293/1063 1062/1292/1062
f 1070/1302/1070 1066/1296/1066 1065/1295/1065 1064/1294/1064
f 1070/1303/1070 1068/1299/1068 1067/1298/1067 1066/1297/1066
f 1070/1303/1070 1062/1301/1062 1069/1300/1069 1068/1299/1068
f 1055/1282/1054 1071/1304/1071 1072/1305/1072 1054/1283/1055
f 1054/1291/1055 1072/1306/1072 1073/1307/1073 1061/1290/1061
f 1061/1290/1061 1073/1307/1073 1074/1308/1074 1060/1289/1060
f 1060/1289/1060 1074/1308/1074 1075/1309/1075 1059/1287/1059
f 1059/1287/1059 1075/1309/1075 1076/1310/1076 1058/1288/1058
f 1058/1286/1058 1076/1311/1076 1077/1312/1077 1057/1285/1057
f 1057/1285/1057 1077/1312/1077 1078/1313/1078 1056/1284/1056
f 1056/1284/1056 1078/1313/1078 1071/1304/1071 1055/1282/1054
f 1079/1314/1079 1074/1308/1074 1073/1307/1073 1072/1306/1072
f 1079/1314/1079 1076/1310/1076 1075/1309/1075 1074/1308/1074
f 1079/1315/1079 1078/1313/1078 1077/1312/1077 1076/1311/1076
f 1079/1315/1079 1072/1305/1072 1071/1304/1071 1078/1313/1078
f 1093/1316/1080 1112/1317/1081 1113/1318/1082 1092/1319/1083
f 1101/1320/1084 1083/1321/1085 1081/1322/1086 1100/1323/1087
f 1098/1324/1088 1108/1325/1089 1119/1326/1090 1097/1327/1091
f 1089/1328/1092 1150/1329/1093 1151/1330/1094 1082/1331/1095
f 1080/1332/1096 1105/1333/1097 1147/1334/1098 1148/1335/1099
f 1104/1336/1100 1087/1337/1101 1089/1328/1092 1103/1338/1102
f 1080/1332/1096 1148/1335/1099 1149/1339/1103 1087/1337/1101
f 1087/1337/1101 1149/1339/1103 1150/1329/1093 1089/1328/1092
f 1103/1338/1102 1089/1328/1092 1082/1331/1095 1102/1340/1104
f 1101/1320/1084 1096/1341/1105 1095/1342/1106 1102/1340/1104
f 1104/1336/1100 1093/1316/1080 1092/1319/1083 1105/1333/1097
f 1097/1327/1091 1119/1326/1090 1107/1343/1107 1096/1341/1105
f 1100/1323/1087 1099/1344/1108 1098/1324/1088 1097/1327/1091
f 1092/1319/1083 1113/1318/1082 1145/1345/1109 1146/1346/1110
f 1096/1341/1105 1101/1320/1084 1100/1323/1087 1097/1327/1091
f 1105/1333/1097 1092/1319/1083 1146/1346/1110 1147/1334/1098
f 1093/1316/1080 1104/1336/1100 1103/1338/1102 1094/1347/1111
f 1103/1338/1102 1102/1340/1104 1095/1342/1106 1094/1347/1111
f 1083/1321/1085 1101/1320/1084 1102/1340/1104 1082/1331/1095
f 1087/1337/1101 1104/1336/1100 1105/1333/1097 1080/1332/1096
f 1085/1348/1112 1099/1344/1108 1100/1323/1087 1081/1322/1086
f 1141/1349/1113 1095/1342/1106 1096/1341/1105 1107/1343/1107
f 1112/1317/1081 1093/1316/1080 1094/1347/1111 1109/1350/1114
f 1094/1347/1111 1095/1342/1106 1141/1349/1113 1109/1350/1114
f 1111/1351/1115 1110/1352/1116 1113/1318/1082 1112/1317/1081
f 1116/1353/1117 1115/1354/1118 1114/1355/1119 1117/1356/1120
f 1119/1326/1090 1108/1325/1089 1124/1357/1121 1118/1358/1122
f 1120/1359/1123 1121/1360/1124 1152/1361/1125 1153/1362/1126
f 1122/1363/1127 1142/1364/1128 1143/1365/1129 1123/1366/1130
f 1130/1367/1131 1129/1368/1132 1120/1359/1123 1131/1369/1133
f 1122/1363/1127 1131/1369/1133 1154/1370/1134 1142/1364/1128
f 1131/1369/1133 1120/1359/1123 1153/1362/1126 1154/1370/1134
f 1129/1368/1132 1133/1371/1135 1121/1360/1124 1120/1359/1123
f 1116/1353/1117 1133/1371/1135 1134/1372/1136 1135/1373/1137
f 1130/1367/1131 1123/1366/1130 1110/1352/1116 1111/1351/1115
f 1118/1358/1122 1135/1373/1137 1107/1343/1107 1119/1326/1090
f 1115/1354/1118 1118/1358/1122 1124/1357/1121 1136/1374/1138
f 1110/1352/1116 1144/1375/1139 1145/1345/1109 1113/1318/1082
f 1135/1373/1137 1118/1358/1122 1115/1354/1118 1116/1353/1117
f 1123/1366/1130 1143/1365/1129 1144/1375/1139 1110/1352/1116
f 1111/1351/1115 1139/1376/1140 1129/1368/1132 1130/1367/1131
f 1129/1368/1132 1139/1376/1140 1134/1372/1136 1133/1371/1135
f 1117/1356/1120 1121/1360/1124 1133/1371/1135 1116/1353/1117
f 1131/1369/1133 1122/1363/1127 1123/1366/1130 1130/1367/1131
f 1114/1355/1119 1115/1354/1118 1136/1374/1138 1140/1377/1141
f 1141/1349/1113 1107/1343/1107 1135/1373/1137 1134/1372/1136
f 1112/1317/1081 1109/1350/1114 1139/1376/1140 1111/1351/1115
f 1139/1376/1140 1109/1350/1114 1141/1349/1113 1134/1372/1136
f 1150/1329/1093 1090/1378/1142 1086/1379/1143 1151/1330/1094
f 1106/1380/1144 1084/1381/1145 1148/1335/1099 1147/1334/1098
f 1148/1335/1099 1084/1381/1145 1088/1382/1146 1149/1339/1103
f 1149/1339/1103 1088/1382/1146 1090/1378/1142 1150/1329/1093
f 1137/1383/1147 1091/1384/1148 1146/1346/1110 1145/1345/1109
f 1091/1384/1148 1106/1380/1144 1147/1334/1098 1146/1346/1110
f 1126/1385/1149 1125/1386/1150 1153/1362/1126 1152/1361/1125
f 1142/1364/1128 1128/1387/1151 1127/1388/1152 1143/1365/1129
f 1132/1389/1153 1128/1387/1151 1142/1364/1128 1154/1370/1134
f 1125/1386/1150 1132/1389/1153 1154/1370/1134 1153/1362/1126
f 1144/1375/1139 1138/1390/1154 1137/1383/1147 1145/1345/1109
f 1143/1365/1129 1127/1388/1152 1138/1390/1154 1144/1375/1139
f 1188/1391/1155 1187/1392/1156 1168/1393/1157 1167/1394/1158
f 1156/1395/1159 1158/1396/1160 1176/1397/1161 1175/1398/1162
f 1194/1399/1163 1183/1400/1164 1173/1401/1165 1172/1402/1166
f 1226/1403/1167 1225/1404/1168 1164/1405/1169 1157/1406/1170
f 1222/1407/1171 1180/1408/1172 1155/1409/1173 1223/1410/1174
f 1164/1405/1169 1162/1411/1175 1179/1412/1176 1178/1413/1177
f 1224/1414/1178 1223/1410/1174 1155/1409/1173 1162/1411/1175
f 1225/1404/1168 1224/1414/1178 1162/1411/1175 1164/1405/1169
f 1157/1406/1170 1164/1405/1169 1178/1413/1177 1177/1415/1179
f 1170/1416/1180 1171/1417/1181 1176/1397/1161 1177/1415/1179
f 1167/1394/1158 1168/1393/1157 1179/1412/1176 1180/1408/1172
f 1182/1418/1182 1194/1399/1163 1172/1402/1166 1171/1417/1181
f 1173/1401/1165 1174/1419/1183 1175/1398/1162 1172/1402/1166
f 1220/1420/1184 1188/1391/1155 1167/1394/1158 1221/1421/1185
f 1175/1398/1162 1176/1397/1161 1171/1417/1181 1172/1402/1166
f 1221/1421/1185 1167/1394/1158 1180/1408/1172 1222/1407/1171
f 1178/1413/1177 1179/1412/1176 1168/1393/1157 1169/1422/1186
f 1170/1416/1180 1177/1415/1179 1178/1413/1177 1169/1422/1186
f 1177/1415/1179 1176/1397/1161 1158/1396/1160 1157/1406/1170
f 1180/1408/1172 1179/1412/1176 1162/1411/1175 1155/1409/1173
f 1175/1398/1162 1174/1419/1183 1160/1423/1187 1156/1395/1159
f 1171/1417/1181 1170/1416/1180 1216/1424/1188 1182/1418/1182
f 1169/1422/1186 1168/1393/1157 1187/1392/1156 1184/1425/1189
f 1216/1424/1188 1170/1416/1180 1169/1422/1186 1184/1425/1189
f 1188/1391/1155 1185/1426/1190 1186/1427/1191 1187/1392/1156
f 1189/1428/1192 1190/1429/1193 1191/1430/1194 1192/1431/1195
f 1199/1432/1196 1183/1400/1164 1194/1399/1163 1193/1433/1197
f 1227/1434/1198 1196/1435/1199 1195/1436/1200 1228/1437/1201
f 1218/1438/1202 1217/1439/1203 1197/1440/1204 1198/1441/1205
f 1195/1436/1200 1204/1442/1206 1205/1443/1207 1206/1444/1208
f 1229/1445/1209 1206/1444/1208 1197/1440/1204 1217/1439/1203
f 1228/1437/1201 1195/1436/1200 1206/1444/1208 1229/1445/1209
f 1196/1435/1199 1208/1446/1210 1204/1442/1206 1195/1436/1200
f 1209/1447/1211 1208/1446/1210 1191/1430/1194 1210/1448/1212
f 1185/1426/1190 1198/1441/1205 1205/1443/1207 1186/1427/1191
f 1182/1418/1182 1210/1448/1212 1193/1433/1197 1194/1399/1163
f 1199/1432/1196 1193/1433/1197 1190/1429/1193 1211/1449/1213
f 1220/1420/1184 1219/1450/1214 1185/1426/1190 1188/1391/1155
f 1190/1429/1193 1193/1433/1197 1210/1448/1212 1191/1430/1194
f 1219/1450/1214 1218/1438/1202 1198/1441/1205 1185/1426/1190
f 1204/1442/1206 1214/1451/1215 1186/1427/1191 1205/1443/1207
f 1209/1447/1211 1214/1451/1215 1204/1442/1206 1208/1446/1210
f 1208/1446/1210 1196/1435/1199 1192/1431/1195 1191/1430/1194
f 1198/1441/1205 1197/1440/1204 1206/1444/1208 1205/1443/1207
f 1211/1449/1213 1190/1429/1193 1189/1428/1192 1215/1452/1216
f 1210/1448/1212 1182/1418/1182 1216/1424/1188 1209/1447/1211
f 1214/1451/1215 1184/1425/1189 1187/1392/1156 1186/1427/1191
f 1216/1424/1188 1184/1425/1189 1214/1451/1215 1209/1447/1211
f 1161/1453/1217 1165/1454/1218 1225/1404/1168 1226/1403/1167
f 1223/1410/1174 1159/1455/1219 1181/1456/1220 1222/1407/1171
f 1163/1457/1221 1159/1455/1219 1223/1410/1174 1224/1414/1178
f 1165/1454/1218 1163/1457/1221 1224/1414/1178 1225/1404/1168
f 1221/1421/1185 1166/1458/1222 1212/1459/1223 1220/1420/1184
f 1222/1407/1171 1181/1456/1220 1166/1458/1222 1221/1421/1185
f 1228/1437/1201 1200/1460/1224 1201/1461/1225 1227/1434/1198
f 1202/1462/1226 1203/1463/1227 1217/1439/1203 1218/1438/1202
f 1217/1439/1203 1203/1463/1227 1207/1464/1228 1229/1445/1209
f 1229/1445/1209 1207/1464/1228 1200/1460/1224 1228/1437/1201
f 1212/1459/1223 1213/1465/1229 1219/1450/1214 1220/1420/1184
f 1213/1465/1229 1202/1462/1226 1218/1438/1202 1219/1450/1214
f 1081/1322/1086 1083/1321/1085 1158/1466/1160 1156/1467/1159
f 1108/1325/1089 1098/1324/1088 1173/1468/1165 1183/1469/1164
f 1082/1331/1095 1151/1330/1094 1226/1470/1167 1157/1471/1170
f 1098/1324/1088 1099/1344/1108 1174/1472/1183 1173/1468/1165
f 1083/1321/1085 1082/1331/1095 1157/1471/1170 1158/1466/1160
f 1099/1344/1108 1085/1348/1112 1160/1473/1187 1174/1472/1183
f 1085/1348/1112 1081/1322/1086 1156/1467/1159 1160/1473/1187
f 1117/1356/1120 1114/1355/1119 1189/1474/1192 1192/1475/1195
f 1124/1357/1121 1108/1325/1089 1183/1469/1164 1199/1476/1196
f 1152/1361/1125 1121/1360/1124 1196/1477/1199 1227/1478/1198
f 1136/1374/1138 1124/1357/1121 1199/1476/1196 1211/1479/1213
f 1121/1360/1124 1117/1356/1120 1192/1475/1195 1196/1477/1199
f 1140/1377/1141 1136/1374/1138 1211/1479/1213 1215/1480/1216
f 1114/1355/1119 1140/1377/1141 1215/1480/1216 1189/1474/1192
f 1086/1379/1143 1090/1378/1142 1165/1481/1218 1161/1482/1217
f 1151/1330/1094 1086/1379/1143 1161/1482/1217 1226/1470/1167
f 1084/1381/1145 1106/1380/1144 1181/1483/1220 1159/1484/1219
f 1088/1382/1146 1084/1381/1145 1159/1484/1219 1163/1485/1221
f 1090/1378/1142 1088/1382/1146 1163/1485/1221 1165/1481/1218
f 1091/1384/1148 1137/1383/1147 1212/1486/1223 1166/1487/1222
f 1106/1380/1144 1091/1384/1148 1166/1487/1222 1181/1483/1220
f 1125/1386/1150 1126/1385/1149 1201/1488/1225 1200/1489/1224
f 1126/1385/1149 1152/1361/1125 1227/1478/1198 1201/1488/1225
f 1127/1388/1152 1128/1387/1151 1203/1490/1227 1202/1491/1226
f 1128/1387/1151 1132/1389/1153 1207/1492/1228 1203/1490/1227
f 1132/1389/1153 1125/1386/1150 1200/1489/1224 1207/1492/1228
f 1137/1383/1147 1138/1390/1154 1213/1493/1229 1212/1486/1223
f 1138/1390/1154 1127/1388/1152 1202/1491/1226 1213/1493/1229
f 1230/1494/1230 1565/1495/1231 1376/1496/1232 1509/1497/1233
f 1565/1495/1231 1303/1498/1234 1648/1499/1235 1376/1496/1232
f 1304/1500/1236 1508/1501/1237 1376/1496/1232 1648/1499/1235
f 1508/1501/1237 1231/1502/1238 1509/1497/1233 1376/1496/1232
f 1232/1503/1239 1510/1504/1240 1377/1505/1241 1566/1506/1242
f 1510/1507/1240 1231/1502/1238 1508/1501/1237 1377/1508/1241
f 1304/1500/1236 1652/1509/1243 1377/1508/1241 1508/1501/1237
f 1652/1510/1243 1307/1511/1244 1566/1506/1242 1377/1505/1241
f 1235/1512/1245 1514/1513/1246 1378/1514/1247 1513/1515/1248
f 1514/1513/1246 1309/1516/1249 1655/1517/1250 1378/1514/1247
f 1310/1518/1251 1512/1519/1252 1378/1520/1247 1655/1521/1250
f 1512/1519/1252 1234/1522/1253 1513/1523/1248 1378/1520/1247
f 1259/1524/1254 1630/1525/1255 1379/1526/1256 1570/1527/1257
f 1630/1525/1255 1292/1528/1258 1524/1529/1259 1379/1526/1256
f 1266/1530/1260 1577/1531/1261 1379/1526/1256 1524/1529/1259
f 1577/1531/1261 1314/1532/1262 1570/1527/1257 1379/1526/1256
f 1230/1494/1230 1509/1497/1233 1380/1533/1263 1515/1534/1264
f 1509/1497/1233 1231/1502/1238 1517/1535/1265 1380/1533/1263
f 1240/1536/1266 1525/1537/1267 1380/1533/1263 1517/1535/1265
f 1525/1537/1267 1239/1538/1268 1515/1534/1264 1380/1533/1263
f 1232/1503/1239 1519/1539/1269 1381/1540/1270 1510/1504/1240
f 1519/1539/1269 1241/1541/1271 1526/1542/1272 1381/1540/1270
f 1240/1536/1266 1517/1535/1265 1381/1543/1270 1526/1544/1272
f 1517/1535/1265 1231/1502/1238 1510/1507/1240 1381/1543/1270
f 1246/1545/1273 1537/1546/1274 1382/1547/1275 1535/1548/1276
f 1537/1546/1274 1234/1522/1253 1511/1549/1277 1382/1547/1275
f 1233/1550/1278 1527/1551/1279 1382/1547/1275 1511/1549/1277
f 1527/1551/1279 1236/1552/1280 1535/1548/1276 1382/1547/1275
f 1237/1553/1281 1520/1554/1282 1383/1555/1283 1529/1556/1284
f 1520/1557/1282 1238/1558/1285 1528/1559/1286 1383/1560/1283
f 1235/1512/1245 1513/1515/1248 1383/1560/1283 1528/1559/1286
f 1513/1523/1248 1234/1522/1253 1529/1556/1284 1383/1555/1283
f 1232/1503/1239 1566/1506/1242 1384/1561/1287 1519/1539/1269
f 1566/1506/1242 1307/1511/1244 1578/1562/1288 1384/1561/1287
f 1267/1563/1289 1569/1564/1290 1384/1561/1287 1578/1562/1288
f 1569/1564/1290 1241/1541/1271 1519/1539/1269 1384/1561/1287
f 1293/1565/1291 1631/1566/1292 1385/1567/1293 1576/1568/1294
f 1631/1566/1292 1260/1569/1295 1562/1570/1296 1385/1567/1293
f 1262/1571/1297 1571/1572/1298 1385/1567/1293 1562/1570/1296
f 1571/1572/1298 1325/1573/1299 1576/1568/1294 1385/1567/1293
f 1245/1574/1300 1531/1575/1301 1386/1576/1302 1538/1577/1303
f 1531/1575/1301 1243/1578/1304 1521/1579/1305 1386/1576/1302
f 1239/1538/1268 1525/1537/1267 1386/1576/1302 1521/1579/1305
f 1525/1537/1267 1240/1536/1266 1538/1577/1303 1386/1576/1302
f 1238/1558/1285 1520/1557/1282 1387/1580/1306 1553/1581/1307
f 1520/1554/1282 1237/1553/1281 1554/1582/1308 1387/1583/1306
f 1256/1584/1309 1557/1585/1310 1387/1583/1306 1554/1582/1308
f 1557/1586/1310 1255/1587/1311 1553/1581/1307 1387/1580/1306
f 1246/1545/1273 1532/1588/1312 1388/1589/1313 1537/1546/1274
f 1532/1588/1312 1244/1590/1314 1518/1591/1315 1388/1589/1313
f 1237/1553/1281 1529/1556/1284 1388/1589/1313 1518/1591/1315
f 1529/1556/1284 1234/1522/1253 1537/1546/1274 1388/1589/1313
f 1244/1590/1314 1555/1592/1316 1389/1593/1317 1518/1591/1315
f 1555/1592/1316 1257/1594/1318 1559/1595/1319 1389/1593/1317
f 1256/1584/1309 1554/1582/1308 1389/1593/1317 1559/1595/1319
f 1554/1582/1308 1237/1553/1281 1518/1591/1315 1389/1593/1317
f 1236/1552/1280 1530/1596/1320 1390/1597/1321 1546/1598/1322
f 1530/1596/1320 1247/1599/1323 1547/1600/1324 1390/1597/1321
f 1249/1601/1325 1539/1602/1326 1390/1597/1321 1547/1600/1324
f 1539/1602/1326 1248/1603/1327 1546/1598/1322 1390/1597/1321
f 1247/1599/1323 1536/1604/1328 1391/1605/1329 1547/1600/1324
f 1536/1604/1328 1242/1606/1330 1548/1607/1331 1391/1605/1329
f 1250/1608/1332 1540/1609/1333 1391/1605/1329 1548/1607/1331
f 1540/1609/1333 1249/1601/1325 1547/1600/1324 1391/1605/1329
f 1242/1606/1330 1533/1610/1334 1392/1611/1335 1548/1607/1331
f 1533/1610/1334 1243/1578/1304 1549/1612/1336 1392/1611/1335
f 1251/1613/1337 1541/1614/1338 1392/1611/1335 1549/1612/1336
f 1541/1614/1338 1250/1608/1332 1548/1607/1331 1392/1611/1335
f 1243/1578/1304 1531/1575/1301 1393/1615/1339 1549/1612/1336
f 1531/1575/1301 1245/1574/1300 1550/1616/1340 1393/1615/1339
f 1252/1617/1341 1542/1618/1342 1393/1615/1339 1550/1616/1340
f 1542/1618/1342 1251/1613/1337 1549/1612/1336 1393/1615/1339
f 1257/1594/1318 1560/1619/1343 1394/1620/1344 1534/1621/1345
f 1560/1619/1343 1258/1622/1346 1556/1623/1347 1394/1620/1344
f 1252/1617/1341 1550/1616/1340 1394/1620/1344 1556/1623/1347
f 1550/1616/1340 1245/1574/1300 1534/1621/1345 1394/1620/1344
f 1244/1590/1314 1532/1588/1312 1395/1624/1348 1551/1625/1349
f 1532/1588/1312 1246/1545/1273 1552/1626/1350 1395/1624/1348
f 1254/1627/1351 1544/1628/1352 1395/1624/1348 1552/1626/1350
f 1544/1628/1352 1253/1629/1353 1551/1625/1349 1395/1624/1348
f 1246/1545/1273 1535/1548/1276 1396/1630/1354 1552/1626/1350
f 1535/1548/1276 1236/1552/1280 1546/1598/1322 1396/1630/1354
f 1248/1603/1327 1545/1631/1355 1396/1630/1354 1546/1598/1322
f 1545/1631/1355 1254/1627/1351 1552/1626/1350 1396/1630/1354
f 1256/1584/1309 1522/1632/1356 1397/1633/1357 1557/1585/1310
f 1522/1632/1356 1240/1536/1266 1526/1544/1272 1397/1633/1357
f 1241/1541/1271 1523/1634/1358 1397/1635/1357 1526/1542/1272
f 1523/1634/1358 1255/1587/1311 1557/1586/1310 1397/1635/1357
f 1255/1587/1311 1523/1634/1358 1398/1636/1359 1558/1637/1360
f 1523/1634/1358 1241/1541/1271 1569/1564/1290 1398/1636/1359
f 1267/1563/1289 1572/1638/1361 1398/1636/1359 1569/1564/1290
f 1572/1638/1361 1263/1639/1362 1558/1637/1360 1398/1636/1359
f 1245/1574/1300 1538/1577/1303 1399/1640/1363 1534/1621/1345
f 1538/1577/1303 1240/1536/1266 1522/1632/1356 1399/1640/1363
f 1256/1584/1309 1559/1595/1319 1399/1640/1363 1522/1632/1356
f 1559/1595/1319 1257/1594/1318 1534/1621/1345 1399/1640/1363
f 1257/1594/1318 1555/1592/1316 1400/1641/1364 1560/1619/1343
f 1555/1592/1316 1244/1590/1314 1551/1625/1349 1400/1641/1364
f 1253/1629/1353 1543/1642/1365 1400/1641/1364 1551/1625/1349
f 1543/1642/1365 1258/1622/1346 1560/1619/1343 1400/1641/1364
f 1236/1552/1280 1564/1643/1366 1401/1644/1367 1530/1596/1320
f 1564/1643/1366 1268/1645/1368 1579/1646/1369 1401/1644/1367
f 1264/1647/1370 1563/1648/1371 1401/1644/1367 1579/1646/1369
f 1563/1648/1371 1247/1599/1323 1530/1596/1320 1401/1644/1367
f 1233/1550/1278 1567/1649/1372 1402/1650/1373 1527/1551/1279
f 1567/1649/1372 1265/1651/1374 1573/1652/1375 1402/1650/1373
f 1268/1645/1368 1564/1643/1366 1402/1650/1373 1573/1652/1375
f 1564/1643/1366 1236/1552/1280 1527/1551/1279 1402/1650/1373
f 1233/1550/1278 1511/1549/1277 1403/1653/1376 1567/1649/1372
f 1511/1549/1277 1234/1522/1253 1512/1519/1252 1403/1653/1376
f 1310/1518/1251 1713/1654/1377 1403/1653/1376 1512/1519/1252
f 1713/1654/1377 1265/1651/1374 1567/1649/1372 1403/1653/1376
f 1342/1655/1378 1516/1656/1379 1404/1657/1380 1574/1658/1381
f 1516/1656/1379 1242/1606/1330 1536/1604/1328 1404/1657/1380
f 1247/1599/1323 1563/1648/1371 1404/1657/1380 1536/1604/1328
f 1563/1648/1371 1264/1647/1370 1574/1658/1381 1404/1657/1380
f 1235/1512/1245 1528/1559/1286 1405/1659/1382 1514/1513/1246
f 1528/1559/1286 1238/1558/1285 1568/1660/1383 1405/1659/1382
f 1343/1661/1384 1716/1662/1385 1405/1659/1382 1568/1660/1383
f 1716/1662/1385 1309/1516/1249 1514/1513/1246 1405/1659/1382
f 1238/1558/1285 1553/1581/1307 1406/1663/1386 1568/1660/1383
f 1553/1581/1307 1255/1587/1311 1558/1637/1360 1406/1663/1386
f 1263/1639/1362 1717/1664/1387 1406/1663/1386 1558/1637/1360
f 1717/1664/1387 1343/1661/1384 1568/1660/1383 1406/1663/1386
f 1289/1665/1388 1622/1666/1389 1407/1667/1390 1621/1668/1391
f 1622/1666/1389 1286/1669/1392 1619/1670/1393 1407/1667/1390
f 1287/1671/1394 1620/1672/1395 1407/1667/1390 1619/1670/1393
f 1620/1672/1395 1288/1673/1396 1621/1668/1391 1407/1667/1390
f 1274/1674/1397 1595/1675/1398 1408/1676/1399 1594/1677/1400
f 1595/1675/1398 1275/1678/1401 1596/1679/1402 1408/1676/1399
f 1276/1680/1403 1597/1681/1404 1408/1676/1399 1596/1679/1402
f 1597/1681/1404 1350/1682/1405 1594/1677/1400 1408/1676/1399
f 1259/1524/1254 1581/1683/1406 1409/1684/1407 1630/1525/1255
f 1581/1683/1406 1270/1685/1408 1585/1686/1409 1409/1684/1407
f 1290/1687/1410 1627/1688/1411 1409/1684/1407 1585/1686/1409
f 1627/1688/1411 1292/1528/1258 1630/1525/1255 1409/1684/1407
f 1293/1565/1291 1582/1689/1412 1410/1690/1413 1631/1566/1292
f 1582/1689/1412 1291/1691/1414 1629/1692/1415 1410/1690/1413
f 1271/1693/1416 1583/1694/1417 1410/1690/1413 1629/1692/1415
f 1583/1694/1417 1260/1569/1295 1631/1566/1292 1410/1690/1413
f 1261/1695/1418 1561/1696/1419 1411/1697/1420 1584/1698/1421
f 1561/1696/1419 1260/1569/1295 1583/1694/1417 1411/1697/1420
f 1271/1693/1416 1586/1699/1422 1411/1697/1420 1583/1694/1417
f 1586/1699/1422 1272/1700/1423 1584/1698/1421 1411/1697/1420
f 1259/1524/1254 1570/1527/1257 1412/1701/1424 1581/1683/1406
f 1570/1527/1257 1314/1532/1262 1734/1702/1425 1412/1701/1424
f 1357/1703/1426 1588/1704/1427 1412/1701/1424 1734/1702/1425
f 1588/1704/1427 1270/1685/1408 1581/1683/1406 1412/1701/1424
f 1303/1498/1234 1565/1495/1231 1413/1705/1428 1738/1706/1429
f 1565/1495/1231 1230/1494/1230 1590/1707/1430 1413/1705/1428
f 1300/1708/1431 1641/1709/1432 1413/1705/1428 1590/1707/1430
f 1641/1709/1432 1301/1710/1433 1738/1706/1429 1413/1705/1428
f 1230/1494/1230 1515/1534/1264 1414/1711/1434 1590/1707/1430
f 1515/1534/1264 1239/1538/1268 1591/1712/1435 1414/1711/1434
f 1299/1713/1436 1642/1714/1437 1414/1711/1434 1591/1712/1435
f 1642/1714/1437 1300/1708/1431 1590/1707/1430 1414/1711/1434
f 1239/1538/1268 1521/1579/1305 1415/1715/1438 1591/1712/1435
f 1521/1579/1305 1243/1578/1304 1592/1716/1439 1415/1715/1438
f 1298/1717/1440 1643/1718/1441 1415/1715/1438 1592/1716/1439
f 1643/1718/1441 1299/1713/1436 1591/1712/1435 1415/1715/1438
f 1243/1578/1304 1533/1610/1334 1416/1719/1442 1592/1716/1439
f 1533/1610/1334 1242/1606/1330 1593/1720/1443 1416/1719/1442
f 1297/1721/1444 1644/1722/1445 1416/1719/1442 1593/1720/1443
f 1644/1722/1445 1298/1717/1440 1592/1716/1439 1416/1719/1442
f 1242/1606/1330 1516/1656/1379 1417/1723/1446 1593/1720/1443
f 1516/1656/1379 1342/1655/1378 1745/1724/1447 1417/1723/1446
f 1362/1725/1448 1645/1726/1449 1417/1723/1446 1745/1724/1447
f 1645/1726/1449 1297/1721/1444 1593/1720/1443 1417/1723/1446
f 1269/1727/1450 1575/1728/1451 1418/1729/1452 1749/1730/1453
f 1575/1728/1451 1261/1695/1418 1598/1731/1454 1418/1729/1452
f 1274/1674/1397 1594/1677/1400 1418/1729/1452 1598/1731/1454
f 1594/1677/1400 1350/1682/1405 1749/1730/1453 1418/1729/1452
f 1261/1695/1418 1584/1698/1421 1419/1732/1455 1598/1731/1454
f 1584/1698/1421 1272/1700/1423 1599/1733/1456 1419/1732/1455
f 1275/1678/1401 1595/1675/1398 1419/1732/1455 1599/1733/1456
f 1595/1675/1398 1274/1674/1397 1598/1731/1454 1419/1732/1455
f 1272/1700/1423 1587/1734/1457 1420/1735/1458 1599/1733/1456
f 1587/1734/1457 1273/1736/1459 1600/1737/1460 1420/1735/1458
f 1276/1680/1403 1596/1679/1402 1420/1735/1458 1600/1737/1460
f 1596/1679/1402 1275/1678/1401 1599/1733/1456 1420/1735/1458
f 1280/1738/1461 1604/1739/1462 1421/1740/1463 1606/1741/1464
f 1604/1739/1462 1270/1685/1408 1588/1704/1427 1421/1740/1463
f 1357/1703/1426 1589/1742/1465 1421/1740/1463 1588/1704/1427
f 1589/1742/1465 1281/1743/1466 1606/1741/1464 1421/1740/1463
f 1279/1744/1467 1628/1745/1468 1422/1746/1469 1607/1747/1470
f 1628/1745/1468 1290/1687/1410 1585/1686/1409 1422/1746/1469
f 1270/1685/1408 1604/1739/1462 1422/1746/1469 1585/1686/1409
f 1604/1739/1462 1280/1738/1461 1607/1747/1470 1422/1746/1469
f 1278/1748/1471 1602/1749/1472 1423/1750/1473 1608/1751/1474
f 1602/1749/1472 1271/1693/1416 1629/1692/1415 1423/1750/1473
f 1291/1691/1414 1603/1752/1475 1423/1750/1473 1629/1692/1415
f 1603/1752/1475 1279/1744/1467 1608/1751/1474 1423/1750/1473
f 1277/1753/1476 1601/1754/1477 1424/1755/1478 1609/1756/1479
f 1601/1754/1477 1272/1700/1423 1586/1699/1422 1424/1755/1478
f 1271/1693/1416 1602/1749/1472 1424/1755/1478 1586/1699/1422
f 1602/1749/1472 1278/1748/1471 1609/1756/1479 1424/1755/1478
f 1367/1757/1480 1761/1758/1481 1425/1759/1482 1610/1760/1483
f 1761/1758/1481 1273/1736/1459 1587/1734/1457 1425/1759/1482
f 1272/1700/1423 1601/1754/1477 1425/1759/1482 1587/1734/1457
f 1601/1754/1477 1277/1753/1476 1610/1760/1483 1425/1759/1482
f 1260/1569/1295 1561/1696/1419 1426/1761/1484 1615/1762/1485
f 1561/1696/1419 1261/1695/1418 1616/1763/1486 1426/1761/1484
f 1283/1764/1487 1611/1765/1488 1426/1761/1484 1616/1763/1486
f 1611/1765/1488 1282/1766/1489 1615/1762/1485 1426/1761/1484
f 1261/1695/1418 1575/1728/1451 1427/1767/1490 1616/1763/1486
f 1575/1728/1451 1269/1727/1450 1617/1768/1491 1427/1767/1490
f 1284/1769/1492 1612/1770/1493 1427/1767/1490 1617/1768/1491
f 1612/1770/1493 1283/1764/1487 1616/1763/1486 1427/1767/1490
f 1269/1727/1450 1580/1771/1494 1428/1772/1495 1617/1768/1491
f 1580/1771/1494 1262/1571/1297 1618/1773/1496 1428/1772/1495
f 1285/1774/1497 1613/1775/1498 1428/1772/1495 1618/1773/1496
f 1613/1775/1498 1284/1769/1492 1617/1768/1491 1428/1772/1495
f 1262/1571/1297 1562/1570/1296 1429/1776/1499 1618/1773/1496
f 1562/1570/1296 1260/1569/1295 1615/1762/1485 1429/1776/1499
f 1282/1766/1489 1614/1777/1500 1429/1776/1499 1615/1762/1485
f 1614/1777/1500 1285/1774/1497 1618/1773/1496 1429/1776/1499
f 1282/1766/1489 1611/1765/1488 1430/1778/1501 1623/1779/1502
f 1611/1765/1488 1283/1764/1487 1624/1780/1503 1430/1778/1501
f 1287/1671/1394 1619/1670/1393 1430/1778/1501 1624/1780/1503
f 1619/1670/1393 1286/1669/1392 1623/1779/1502 1430/1778/1501
f 1283/1764/1487 1612/1770/1493 1431/1781/1504 1624/1780/1503
f 1612/1770/1493 1284/1769/1492 1625/1782/1505 1431/1781/1504
f 1288/1673/1396 1620/1672/1395 1431/1781/1504 1625/1782/1505
f 1620/1672/1395 1287/1671/1394 1624/1780/1503 1431/1781/1504
f 1284/1769/1492 1613/1775/1498 1432/1783/1506 1625/1782/1505
f 1613/1775/1498 1285/1774/1497 1626/1784/1507 1432/1783/1506
f 1289/1665/1388 1621/1668/1391 1432/1783/1506 1626/1784/1507
f 1621/1668/1391 1288/1673/1396 1625/1782/1505 1432/1783/1506
f 1285/1774/1497 1614/1777/1500 1433/1785/1508 1626/1784/1507
f 1614/1777/1500 1282/1766/1489 1623/1779/1502 1433/1785/1508
f 1286/1669/1392 1622/1666/1389 1433/1785/1508 1623/1779/1502
f 1622/1666/1389 1289/1665/1388 1626/1784/1507 1433/1785/1508
f 1293/1565/1291 1576/1568/1294 1434/1786/1509 1634/1787/1510
f 1576/1568/1294 1325/1573/1299 1775/1788/1511 1434/1786/1509
f 1372/1789/1512 1646/1790/1513 1434/1786/1509 1775/1788/1511
f 1646/1790/1513 1296/1791/1514 1634/1787/1510 1434/1786/1509
f 1291/1691/1414 1582/1689/1412 1435/1792/1515 1633/1793/1516
f 1582/1689/1412 1293/1565/1291 1634/1787/1510 1435/1792/1515
f 1296/1791/1514 1635/1794/1517 1435/1792/1515 1634/1787/1510
f 1635/1794/1517 1295/1795/1518 1633/1793/1516 1435/1792/1515
f 1279/1744/1467 1603/1752/1475 1436/1796/1519 1632/1797/1520
f 1603/1752/1475 1291/1691/1414 1633/1793/1516 1436/1796/1519
f 1295/1795/1518 1636/1798/1521 1436/1796/1519 1633/1793/1516
f 1636/1798/1521 1294/1799/1522 1632/1797/1520 1436/1796/1519
f 1300/1708/1431 1640/1800/1523 1437/1801/1524 1641/1709/1432
f 1640/1800/1523 1280/1738/1461 1606/1741/1464 1437/1801/1524
f 1281/1743/1466 1605/1802/1525 1437/1801/1524 1606/1741/1464
f 1605/1802/1525 1301/1710/1433 1641/1709/1432 1437/1801/1524
f 1299/1713/1436 1639/1803/1526 1438/1804/1527 1642/1714/1437
f 1639/1803/1526 1279/1744/1467 1607/1747/1470 1438/1804/1527
f 1280/1738/1461 1640/1800/1523 1438/1804/1527 1607/1747/1470
f 1640/1800/1523 1300/1708/1431 1642/1714/1437 1438/1804/1527
f 1298/1717/1440 1638/1805/1528 1439/1806/1529 1643/1718/1441
f 1638/1805/1528 1278/1748/1471 1608/1751/1474 1439/1806/1529
f 1279/1744/1467 1639/1803/1526 1439/1806/1529 1608/1751/1474
f 1639/1803/1526 1299/1713/1436 1643/1718/1441 1439/1806/1529
f 1297/1721/1444 1637/1807/1530 1440/1808/1531 1644/1722/1445
f 1637/1807/1530 1277/1753/1476 1609/1756/1479 1440/1808/1531
f 1278/1748/1471 1638/1805/1528 1440/1808/1531 1609/1756/1479
f 1638/1805/1528 1298/1717/1440 1644/1722/1445 1440/1808/1531
f 1362/1725/1448 1786/1809/1532 1441/1810/1533 1645/1726/1449
f 1786/1809/1532 1367/1757/1480 1610/1760/1483 1441/1810/1533
f 1277/1753/1476 1637/1807/1530 1441/1810/1533 1610/1760/1483
f 1637/1807/1530 1297/1721/1444 1645/1726/1449 1441/1810/1533
f 1302/1811/1534 1650/1812/1535 1442/1813/1536 1647/1814/1537
f 1650/1812/1535 1305/1815/1538 1649/1816/1539 1442/1813/1536
f 1304/1817/1236 1648/1818/1235 1442/1813/1536 1649/1816/1539
f 1648/1818/1235 1303/1819/1234 1647/1814/1537 1442/1813/1536
f 1306/1820/1540 1653/1821/1541 1443/1822/1542 1651/1823/1543
f 1653/1821/1541 1307/1511/1244 1652/1510/1243 1443/1822/1542
f 1304/1817/1236 1649/1816/1539 1443/1824/1542 1652/1825/1243
f 1649/1816/1539 1305/1815/1538 1651/1826/1543 1443/1824/1542
f 1308/1827/1544 1657/1828/1545 1444/1829/1546 1654/1830/1547
f 1657/1831/1545 1311/1832/1548 1656/1833/1549 1444/1834/1546
f 1310/1835/1251 1655/1836/1250 1444/1834/1546 1656/1833/1549
f 1655/1517/1250 1309/1516/1249 1654/1830/1547 1444/1829/1546
f 1312/1837/1550 1660/1838/1551 1445/1839/1552 1658/1840/1553
f 1660/1838/1551 1314/1841/1262 1577/1842/1261 1445/1839/1552
f 1266/1843/1260 1659/1844/1554 1445/1839/1552 1577/1842/1261
f 1659/1844/1554 1313/1845/1555 1658/1840/1553 1445/1839/1552
f 1302/1811/1534 1663/1846/1556 1446/1847/1557 1650/1812/1535
f 1663/1846/1556 1316/1848/1558 1662/1849/1559 1446/1847/1557
f 1315/1850/1560 1661/1851/1561 1446/1847/1557 1662/1849/1559
f 1661/1851/1561 1305/1815/1538 1650/1812/1535 1446/1847/1557
f 1306/1820/1540 1651/1823/1543 1447/1852/1562 1664/1853/1563
f 1651/1826/1543 1305/1815/1538 1661/1851/1561 1447/1854/1562
f 1315/1850/1560 1665/1855/1564 1447/1854/1562 1661/1851/1561
f 1665/1856/1564 1317/1857/1565 1664/1853/1563 1447/1852/1562
f 1318/1858/1566 1669/1859/1567 1448/1860/1568 1666/1861/1569
f 1669/1859/1567 1320/1862/1570 1668/1863/1571 1448/1860/1568
f 1319/1864/1572 1667/1865/1573 1448/1860/1568 1668/1863/1571
f 1667/1865/1573 1311/1832/1548 1666/1861/1569 1448/1860/1568
f 1321/1866/1574 1672/1867/1575 1449/1868/1576 1670/1869/1577
f 1672/1867/1575 1311/1832/1548 1657/1831/1545 1449/1868/1576
f 1308/1827/1544 1671/1870/1578 1449/1871/1576 1657/1828/1545
f 1671/1870/1578 1322/1872/1579 1670/1873/1577 1449/1871/1576
f 1306/1820/1540 1664/1853/1563 1450/1874/1580 1653/1821/1541
f 1664/1853/1563 1317/1857/1565 1673/1875/1581 1450/1874/1580
f 1267/1563/1289 1578/1562/1288 1450/1874/1580 1673/1875/1581
f 1578/1562/1288 1307/1511/1244 1653/1821/1541 1450/1874/1580
f 1323/1876/1582 1676/1877/1583 1451/1878/1584 1674/1879/1585
f 1676/1877/1583 1325/1880/1299 1571/1881/1298 1451/1878/1584
f 1262/1882/1297 1675/1883/1586 1451/1878/1584 1571/1881/1298
f 1675/1883/1586 1324/1884/1587 1674/1879/1585 1451/1878/1584
f 1326/1885/1588 1679/1886/1589 1452/1887/1590 1677/1888/1591
f 1679/1886/1589 1315/1850/1560 1662/1849/1559 1452/1887/1590
f 1316/1848/1558 1678/1889/1592 1452/1887/1590 1662/1849/1559
f 1678/1889/1592 1327/1890/1593 1677/1888/1591 1452/1887/1590
f 1322/1872/1579 1682/1891/1594 1453/1892/1595 1670/1873/1577
f 1682/1891/1594 1329/1893/1596 1681/1894/1597 1453/1892/1595
f 1328/1895/1598 1680/1896/1599 1453/1897/1595 1681/1898/1597
f 1680/1896/1599 1321/1866/1574 1670/1869/1577 1453/1897/1595
f 1318/1858/1566 1666/1861/1569 1454/1899/1600 1683/1900/1601
f 1666/1861/1569 1311/1832/1548 1672/1867/1575 1454/1899/1600
f 1321/1866/1574 1684/1901/1602 1454/1899/1600 1672/1867/1575
f 1684/1901/1602 1330/1902/1603 1683/1900/1601 1454/1899/1600
f 1330/1902/1603 1684/1901/1602 1455/1903/1604 1685/1904/1605
f 1684/1901/1602 1321/1866/1574 1680/1896/1599 1455/1903/1604
f 1328/1895/1598 1686/1905/1606 1455/1903/1604 1680/1896/1599
f 1686/1905/1606 1331/1906/1607 1685/1904/1605 1455/1903/1604
f 1320/1862/1570 1690/1907/1608 1456/1908/1609 1687/1909/1610
f 1690/1907/1608 1334/1910/1611 1689/1911/1612 1456/1908/1609
f 1333/1912/1613 1688/1913/1614 1456/1908/1609 1689/1911/1612
f 1688/1913/1614 1332/1914/1615 1687/1909/1610 1456/1908/1609
f 1332/1914/1615 1688/1913/1614 1457/1915/1616 1691/1916/1617
f 1688/1913/1614 1333/1912/1613 1693/1917/1618 1457/1915/1616
f 1336/1918/1619 1692/1919/1620 1457/1915/1616 1693/1917/1618
f 1692/1919/1620 1335/1920/1621 1691/1916/1617 1457/1915/1616
f 1335/1920/1621 1692/1919/1620 1458/1921/1622 1694/1922/1623
f 1692/1919/1620 1336/1918/1619 1696/1923/1624 1458/1921/1622
f 1337/1924/1625 1695/1925/1626 1458/1921/1622 1696/1923/1624
f 1695/1925/1626 1327/1890/1593 1694/1922/1623 1458/1921/1622
f 1327/1890/1593 1695/1925/1626 1459/1926/1627 1677/1888/1591
f 1695/1925/1626 1337/1924/1625 1698/1927/1628 1459/1926/1627
f 1338/1928/1629 1697/1929/1630 1459/1926/1627 1698/1927/1628
f 1697/1929/1630 1326/1885/1588 1677/1888/1591 1459/1926/1627
f 1331/1906/1607 1701/1930/1631 1460/1931/1632 1699/1932/1633
f 1701/1930/1631 1326/1885/1588 1697/1929/1630 1460/1931/1632
f 1338/1928/1629 1700/1933/1634 1460/1931/1632 1697/1929/1630
f 1700/1933/1634 1339/1934/1635 1699/1932/1633 1460/1931/1632
f 1330/1902/1603 1704/1935/1636 1461/1936/1637 1683/1900/1601
f 1704/1935/1636 1341/1937/1638 1703/1938/1639 1461/1936/1637
f 1340/1939/1640 1702/1940/1641 1461/1936/1637 1703/1938/1639
f 1702/1940/1641 1318/1858/1566 1683/1900/1601 1461/1936/1637
f 1318/1858/1566 1702/1940/1641 1462/1941/1642 1669/1859/1567
f 1702/1940/1641 1340/1939/1640 1705/1942/1643 1462/1941/1642
f 1334/1910/1611 1690/1907/1608 1462/1941/1642 1705/1942/1643
f 1690/1907/1608 1320/1862/1570 1669/1859/1567 1462/1941/1642
f 1328/1895/1598 1681/1898/1597 1463/1943/1644 1706/1944/1645
f 1681/1894/1597 1329/1893/1596 1707/1945/1646 1463/1946/1644
f 1317/1857/1565 1665/1856/1564 1463/1946/1644 1707/1945/1646
f 1665/1855/1564 1315/1850/1560 1706/1944/1645 1463/1943/1644
f 1329/1893/1596 1708/1947/1647 1464/1948/1648 1707/1945/1646
f 1708/1947/1647 1263/1639/1362 1572/1638/1361 1464/1948/1648
f 1267/1563/1289 1673/1875/1581 1464/1948/1648 1572/1638/1361
f 1673/1875/1581 1317/1857/1565 1707/1945/1646 1464/1948/1648
f 1326/1885/1588 1701/1930/1631 1465/1949/1649 1679/1886/1589
f 1701/1930/1631 1331/1906/1607 1686/1905/1606 1465/1949/1649
f 1328/1895/1598 1706/1944/1645 1465/1949/1649 1686/1905/1606
f 1706/1944/1645 1315/1850/1560 1679/1886/1589 1465/1949/1649
f 1331/1906/1607 1699/1932/1633 1466/1950/1650 1685/1904/1605
f 1699/1932/1633 1339/1934/1635 1709/1951/1651 1466/1950/1650
f 1341/1937/1638 1704/1935/1636 1466/1950/1650 1709/1951/1651
f 1704/1935/1636 1330/1902/1603 1685/1904/1605 1466/1950/1650
f 1320/1862/1570 1687/1909/1610 1467/1952/1652 1710/1953/1653
f 1687/1909/1610 1332/1914/1615 1711/1954/1654 1467/1952/1652
f 1264/1955/1370 1579/1956/1369 1467/1952/1652 1711/1954/1654
f 1579/1956/1369 1268/1957/1368 1710/1953/1653 1467/1952/1652
f 1319/1864/1572 1668/1863/1571 1468/1958/1655 1712/1959/1656
f 1668/1863/1571 1320/1862/1570 1710/1953/1653 1468/1958/1655
f 1268/1957/1368 1573/1960/1375 1468/1958/1655 1710/1953/1653
f 1573/1960/1375 1265/1961/1374 1712/1959/1656 1468/1958/1655
f 1319/1864/1572 1712/1959/1656 1469/1962/1657 1667/1865/1573
f 1712/1959/1656 1265/1961/1374 1713/1963/1377 1469/1962/1657
f 1310/1835/1251 1656/1833/1549 1469/1962/1657 1713/1963/1377
f 1656/1833/1549 1311/1832/1548 1667/1865/1573 1469/1962/1657
f 1342/1964/1378 1574/1965/1381 1470/1966/1658 1714/1967/1659
f 1574/1965/1381 1264/1955/1370 1711/1954/1654 1470/1966/1658
f 1332/1914/1615 1691/1916/1617 1470/1966/1658 1711/1954/1654
f 1691/1916/1617 1335/1920/1621 1714/1967/1659 1470/1966/1658
f 1308/1827/1544 1654/1830/1547 1471/1968/1660 1671/1870/1578
f 1654/1830/1547 1309/1516/1249 1716/1662/1385 1471/1968/1660
f 1343/1661/1384 1715/1969/1661 1471/1968/1660 1716/1662/1385
f 1715/1969/1661 1322/1872/1579 1671/1870/1578 1471/1968/1660
f 1322/1872/1579 1715/1969/1661 1472/1970/1662 1682/1891/1594
f 1715/1969/1661 1343/1661/1384 1717/1664/1387 1472/1970/1662
f 1263/1639/1362 1708/1947/1647 1472/1970/1662 1717/1664/1387
f 1708/1947/1647 1329/1893/1596 1682/1891/1594 1472/1970/1662
f 1344/1971/1663 1721/1972/1664 1473/1973/1665 1718/1974/1666
f 1721/1972/1664 1347/1975/1667 1720/1976/1668 1473/1973/1665
f 1346/1977/1669 1719/1978/1670 1473/1973/1665 1720/1976/1668
f 1719/1978/1670 1345/1979/1671 1718/1974/1666 1473/1973/1665
f 1348/1980/1672 1724/1981/1673 1474/1982/1674 1722/1983/1675
f 1724/1981/1673 1350/1984/1405 1597/1985/1404 1474/1982/1674
f 1276/1986/1403 1723/1987/1676 1474/1982/1674 1597/1985/1404
f 1723/1987/1676 1349/1988/1677 1722/1983/1675 1474/1982/1674
f 1312/1837/1550 1658/1840/1553 1475/1989/1678 1725/1990/1679
f 1658/1840/1553 1313/1845/1555 1727/1991/1680 1475/1989/1678
f 1352/1992/1681 1726/1993/1682 1475/1989/1678 1727/1991/1680
f 1726/1993/1682 1351/1994/1683 1725/1990/1679 1475/1989/1678
f 1323/1876/1582 1674/1879/1585 1476/1995/1684 1728/1996/1685
f 1674/1879/1585 1324/1884/1587 1730/1997/1686 1476/1995/1684
f 1354/1998/1687 1729/1999/1688 1476/1995/1684 1730/1997/1686
f 1729/1999/1688 1353/2000/1689 1728/1996/1685 1476/1995/1684
f 1355/2001/1690 1733/2002/1691 1477/2003/1692 1731/2004/1693
f 1733/2002/1691 1356/2005/1694 1732/2006/1695 1477/2003/1692
f 1354/1998/1687 1730/1997/1686 1477/2003/1692 1732/2006/1695
f 1730/1997/1686 1324/1884/1587 1731/2004/1693 1477/2003/1692
f 1312/1837/1550 1725/1990/1679 1478/2007/1696 1660/1838/1551
f 1725/1990/1679 1351/1994/1683 1735/2008/1697 1478/2007/1696
f 1357/2009/1426 1734/2010/1425 1478/2007/1696 1735/2008/1697
f 1734/2010/1425 1314/1841/1262 1660/1838/1551 1478/2007/1696
f 1303/1819/1234 1738/2011/1429 1479/2012/1698 1647/1814/1537
f 1738/2011/1429 1301/2013/1433 1737/2014/1699 1479/2012/1698
f 1358/2015/1700 1736/2016/1701 1479/2012/1698 1737/2014/1699
f 1736/2016/1701 1302/1811/1534 1647/1814/1537 1479/2012/1698
f 1302/1811/1534 1736/2016/1701 1480/2017/1702 1663/1846/1556
f 1736/2016/1701 1358/2015/1700 1740/2018/1703 1480/2017/1702
f 1359/2019/1704 1739/2020/1705 1480/2017/1702 1740/2018/1703
f 1739/2020/1705 1316/1848/1558 1663/1846/1556 1480/2017/1702
f 1316/1848/1558 1739/2020/1705 1481/2021/1706 1678/1889/1592
f 1739/2020/1705 1359/2019/1704 1742/2022/1707 1481/2021/1706
f 1360/2023/1708 1741/2024/1709 1481/2021/1706 1742/2022/1707
f 1741/2024/1709 1327/1890/1593 1678/1889/1592 1481/2021/1706
f 1327/1890/1593 1741/2024/1709 1482/2025/1710 1694/1922/1623
f 1741/2024/1709 1360/2023/1708 1744/2026/1711 1482/2025/1710
f 1361/2027/1712 1743/2028/1713 1482/2025/1710 1744/2026/1711
f 1743/2028/1713 1335/1920/1621 1694/1922/1623 1482/2025/1710
f 1335/1920/1621 1743/2028/1713 1483/2029/1714 1714/1967/1659
f 1743/2028/1713 1361/2027/1712 1746/2030/1715 1483/2029/1714
f 1362/2031/1448 1745/2032/1447 1483/2029/1714 1746/2030/1715
f 1745/2032/1447 1342/1964/1378 1714/1967/1659 1483/2029/1714
f 1269/2033/1450 1749/2034/1453 1484/2035/1716 1747/2036/1717
f 1749/2034/1453 1350/1984/1405 1724/1981/1673 1484/2035/1716
f 1348/1980/1672 1748/2037/1718 1484/2035/1716 1724/1981/1673
f 1748/2037/1718 1355/2001/1690 1747/2036/1717 1484/2035/1716
f 1355/2001/1690 1748/2037/1718 1485/2038/1719 1733/2002/1691
f 1748/2037/1718 1348/1980/1672 1722/1983/1675 1485/2038/1719
f 1349/1988/1677 1750/2039/1720 1485/2038/1719 1722/1983/1675
f 1750/2039/1720 1356/2005/1694 1733/2002/1691 1485/2038/1719
f 1356/2005/1694 1750/2039/1720 1486/2040/1721 1751/2041/1722
f 1750/2039/1720 1349/1988/1677 1723/1987/1676 1486/2040/1721
f 1276/1986/1403 1600/2042/1460 1486/2040/1721 1723/1987/1676
f 1600/2042/1460 1273/2043/1459 1751/2041/1722 1486/2040/1721
f 1363/2044/1723 1753/2045/1724 1487/2046/1725 1752/2047/1726
f 1753/2045/1724 1281/2048/1466 1589/2049/1465 1487/2046/1725
f 1357/2009/1426 1735/2008/1697 1487/2046/1725 1589/2049/1465
f 1735/2008/1697 1351/1994/1683 1752/2047/1726 1487/2046/1725
f 1364/2050/1727 1755/2051/1728 1488/2052/1729 1754/2053/1730
f 1755/2051/1728 1363/2044/1723 1752/2047/1726 1488/2052/1729
f 1351/1994/1683 1726/1993/1682 1488/2052/1729 1752/2047/1726
f 1726/1993/1682 1352/1992/1681 1754/2053/1730 1488/2052/1729
f 1365/2054/1731 1758/2055/1732 1489/2056/1733 1756/2057/1734
f 1758/2055/1732 1364/2050/1727 1757/2058/1735 1489/2056/1733
f 1353/2000/1689 1729/1999/1688 1489/2056/1733 1757/2058/1735
f 1729/1999/1688 1354/1998/1687 1756/2057/1734 1489/2056/1733
f 1366/2059/1736 1760/2060/1737 1490/2061/1738 1759/2062/1739
f 1760/2060/1737 1365/2054/1731 1756/2057/1734 1490/2061/1738
f 1354/1998/1687 1732/2006/1695 1490/2061/1738 1756/2057/1734
f 1732/2006/1695 1356/2005/1694 1759/2062/1739 1490/2061/1738
f 1367/2063/1480 1762/2064/1740 1491/2065/1741 1761/2066/1481
f 1762/2064/1740 1366/2059/1736 1759/2062/1739 1491/2065/1741
f 1356/2005/1694 1751/2041/1722 1491/2065/1741 1759/2062/1739
f 1751/2041/1722 1273/2043/1459 1761/2066/1481 1491/2065/1741
f 1324/1884/1587 1765/2067/1742 1492/2068/1743 1731/2004/1693
f 1765/2067/1742 1369/2069/1744 1764/2070/1745 1492/2068/1743
f 1368/2071/1746 1763/2072/1747 1492/2068/1743 1764/2070/1745
f 1763/2072/1747 1355/2001/1690 1731/2004/1693 1492/2068/1743
f 1355/2001/1690 1763/2072/1747 1493/2073/1748 1747/2036/1717
f 1763/2072/1747 1368/2071/1746 1767/2074/1749 1493/2073/1748
f 1370/2075/1750 1766/2076/1751 1493/2073/1748 1767/2074/1749
f 1766/2076/1751 1269/2033/1450 1747/2036/1717 1493/2073/1748
f 1269/2033/1450 1766/2076/1751 1494/2077/1752 1580/2078/1494
f 1766/2076/1751 1370/2075/1750 1769/2079/1753 1494/2077/1752
f 1371/2080/1754 1768/2081/1755 1494/2077/1752 1769/2079/1753
f 1768/2081/1755 1262/1882/1297 1580/2078/1494 1494/2077/1752
f 1262/1882/1297 1768/2081/1755 1495/2082/1756 1675/1883/1586
f 1768/2081/1755 1371/2080/1754 1770/2083/1757 1495/2082/1756
f 1369/2069/1744 1765/2067/1742 1495/2082/1756 1770/2083/1757
f 1765/2067/1742 1324/1884/1587 1675/1883/1586 1495/2082/1756
f 1369/2069/1744 1772/2084/1758 1496/2085/1759 1764/2070/1745
f 1772/2084/1758 1345/1979/1671 1719/1978/1670 1496/2085/1759
f 1346/1977/1669 1771/2086/1760 1496/2085/1759 1719/1978/1670
f 1771/2086/1760 1368/2071/1746 1764/2070/1745 1496/2085/1759
f 1368/2071/1746 1771/2086/1760 1497/2087/1761 1767/2074/1749
f 1771/2086/1760 1346/1977/1669 1720/1976/1668 1497/2087/1761
f 1347/1975/1667 1773/2088/1762 1497/2087/1761 1720/1976/1668
f 1773/2088/1762 1370/2075/1750 1767/2074/1749 1497/2087/1761
f 1370/2075/1750 1773/2088/1762 1498/2089/1763 1769/2079/1753
f 1773/2088/1762 1347/1975/1667 1721/1972/1664 1498/2089/1763
f 1344/1971/1663 1774/2090/1764 1498/2089/1763 1721/1972/1664
f 1774/2090/1764 1371/2080/1754 1769/2079/1753 1498/2089/1763
f 1371/2080/1754 1774/2090/1764 1499/2091/1765 1770/2083/1757
f 1774/2090/1764 1344/1971/1663 1718/1974/1666 1499/2091/1765
f 1345/1979/1671 1772/2084/1758 1499/2091/1765 1718/1974/1666
f 1772/2084/1758 1369/2069/1744 1770/2083/1757 1499/2091/1765
f 1323/1876/1582 1777/2092/1766 1500/2093/1767 1676/1877/1583
f 1777/2092/1766 1373/2094/1768 1776/2095/1769 1500/2093/1767
f 1372/2096/1512 1775/2097/1511 1500/2093/1767 1776/2095/1769
f 1775/2097/1511 1325/1880/1299 1676/1877/1583 1500/2093/1767
f 1353/2000/1689 1779/2098/1770 1501/2099/1771 1728/1996/1685
f 1779/2098/1770 1374/2100/1772 1778/2101/1773 1501/2099/1771
f 1373/2094/1768 1777/2092/1766 1501/2099/1771 1778/2101/1773
f 1777/2092/1766 1323/1876/1582 1728/1996/1685 1501/2099/1771
f 1364/2050/1727 1781/2102/1774 1502/2103/1775 1757/2058/1735
f 1781/2102/1774 1375/2104/1776 1780/2105/1777 1502/2103/1775
f 1374/2100/1772 1779/2098/1770 1502/2103/1775 1780/2105/1777
f 1779/2098/1770 1353/2000/1689 1757/2058/1735 1502/2103/1775
f 1358/2015/1700 1737/2014/1699 1503/2106/1778 1782/2107/1779
f 1737/2014/1699 1301/2013/1433 1605/2108/1525 1503/2106/1778
f 1281/2048/1466 1753/2045/1724 1503/2106/1778 1605/2108/1525
f 1753/2045/1724 1363/2044/1723 1782/2107/1779 1503/2106/1778
f 1359/2019/1704 1740/2018/1703 1504/2109/1780 1783/2110/1781
f 1740/2018/1703 1358/2015/1700 1782/2107/1779 1504/2109/1780
f 1363/2044/1723 1755/2051/1728 1504/2109/1780 1782/2107/1779
f 1755/2051/1728 1364/2050/1727 1783/2110/1781 1504/2109/1780
f 1360/2023/1708 1742/2022/1707 1505/2111/1782 1784/2112/1783
f 1742/2022/1707 1359/2019/1704 1783/2110/1781 1505/2111/1782
f 1364/2050/1727 1758/2055/1732 1505/2111/1782 1783/2110/1781
f 1758/2055/1732 1365/2054/1731 1784/2112/1783 1505/2111/1782
f 1361/2027/1712 1744/2026/1711 1506/2113/1784 1785/2114/1785
f 1744/2026/1711 1360/2023/1708 1784/2112/1783 1506/2113/1784
f 1365/2054/1731 1760/2060/1737 1506/2113/1784 1784/2112/1783
f 1760/2060/1737 1366/2059/1736 1785/2114/1785 1506/2113/1784
f 1362/2031/1448 1746/2030/1715 1507/2115/1786 1786/2116/1532
f 1746/2030/1715 1361/2027/1712 1785/2114/1785 1507/2115/1786
f 1366/2059/1736 1762/2064/1740 1507/2115/1786 1785/2114/1785
f 1762/2064/1740 1367/2063/1480 1786/2116/1532 1507/2115/1786
f 1787/2117/1787 1816/2118/1788 1804/2119/1789 1819/2120/1790
f 1816/2118/1788 1788/2121/1791 1817/2122/1792 1804/2119/1789
f 1791/2123/1793 1818/2124/1794 1804/2119/1789 1817/2122/1792
f 1818/2124/1794 1790/2125/1795 1819/2120/1790 1804/2119/1789
f 1788/2121/1791 1820/2126/1796 1805/2127/1797 1817/2122/1792
f 1820/2126/1796 1789/2128/1798 1821/2129/1799 1805/2127/1797
f 1792/2130/1800 1822/2131/1801 1805/2127/1797 1821/2129/1799
f 1822/2131/1801 1791/2123/1793 1817/2122/1792 1805/2127/1797
f 1790/2125/1795 1818/2124/1794 1806/2132/1802 1825/2133/1803
f 1818/2124/1794 1791/2123/1793 1823/2134/1804 1806/2132/1802
f 1794/2135/1805 1824/2136/1806 1806/2132/1802 1823/2134/1804
f 1824/2136/1806 1793/2137/1807 1825/2133/1803 1806/2132/1802
f 1791/2123/1793 1822/2131/1801 1807/2138/1808 1823/2134/1804
f 1822/2131/1801 1792/2130/1800 1826/2139/1809 1807/2138/1808
f 1795/2140/1810 1827/2141/1811 1807/2138/1808 1826/2139/1809
f 1827/2141/1811 1794/2135/1805 1823/2134/1804 1807/2138/1808
f 1796/2142/1812 1828/2143/1813 1808/2144/1814 1831/2145/1815
f 1828/2143/1813 1797/2146/1816 1830/2147/1817 1808/2144/1814
f 1788/2121/1791 1816/2118/1788 1808/2144/1814 1830/2147/1817
f 1816/2118/1788 1787/2117/1787 1831/2145/1815 1808/2144/1814
f 1797/2146/1816 1829/2148/1818 1809/2149/1819 1830/2147/1817
f 1829/2148/1818 1798/2150/1820 1832/2151/1821 1809/2149/1819
f 1789/2128/1798 1820/2126/1796 1809/2149/1819 1832/2151/1821
f 1820/2126/1796 1788/2121/1791 1830/2147/1817 1809/2149/1819
f 1798/2150/1820 1833/2152/1822 1810/2153/1823 1832/2151/1821
f 1833/2152/1822 1799/2154/1824 1835/2155/1825 1810/2153/1823
f 1792/2130/1800 1821/2129/1799 1810/2153/1823 1835/2155/1825
f 1821/2129/1799 1789/2128/1798 1832/2151/1821 1810/2153/1823
f 1799/2154/1824 1834/2156/1826 1811/2157/1827 1835/2155/1825
f 1834/2156/1826 1800/2158/1828 1836/2159/1829 1811/2157/1827
f 1795/2140/1810 1826/2139/1809 1811/2157/1827 1836/2159/1829
f 1826/2139/1809 1792/2130/1800 1835/2155/1825 1811/2157/1827
f 1800/2158/1828 1837/2160/1830 1812/2161/1831 1836/2159/1829
f 1837/2160/1830 1801/2162/1832 1839/2163/1833 1812/2161/1831
f 1794/2135/1805 1827/2141/1811 1812/2161/1831 1839/2163/1833
f 1827/2141/1811 1795/2140/1810 1836/2159/1829 1812/2161/1831
f 1801/2162/1832 1838/2164/1834 1813/2165/1835 1839/2163/1833
f 1838/2164/1834 1802/2166/1836 1840/2167/1837 1813/2165/1835
f 1793/2137/1807 1824/2136/1806 1813/2165/1835 1840/2167/1837
f 1824/2136/1806 1794/2135/1805 1839/2163/1833 1813/2165/1835
f 1802/2166/1836 1841/2168/1838 1814/2169/1839 1840/2167/1837
f 1841/2168/1838 1803/2170/1840 1843/2171/1841 1814/2169/1839
f 1790/2125/1795 1825/2133/1803 1814/2169/1839 1843/2171/1841
f 1825/2133/1803 1793/2137/1807 1840/2167/1837 1814/2169/1839
f 1803/2170/1840 1842/2172/1842 1815/2173/1843 1843/2171/1841
f 1842/2172/1842 1796/2142/1812 1831/2145/1815 1815/2173/1843
f 1787/2117/1787 1819/2120/1790 1815/2173/1843 1831/2145/1815
f 1819/2120/1790 1790/2125/1795 1843/2171/1841 1815/2173/1843
f 1844/2174/1844 1876/2175/1845 1861/2176/1846 1873/2177/1847
f 1873/2177/1847 1861/2176/1846 1874/2178/1848 1845/2179/1849
f 1848/2180/1850 1874/2178/1848 1861/2176/1846 1875/2181/1851
f 1875/2181/1851 1861/2176/1846 1876/2175/1845 1847/2182/1852
f 1845/2179/1849 1874/2178/1848 1862/2183/1853 1877/2184/1854
f 1877/2184/1854 1862/2183/1853 1878/2185/1855 1846/2186/1856
f 1849/2187/1857 1878/2185/1855 1862/2183/1853 1879/2188/1858
f 1879/2188/1858 1862/2183/1853 1874/2178/1848 1848/2180/1850
f 1847/2182/1852 1882/2189/1859 1863/2190/1860 1875/2181/1851
f 1875/2181/1851 1863/2190/1860 1880/2191/1861 1848/2180/1850
f 1851/2192/1862 1880/2191/1861 1863/2190/1860 1881/2193/1863
f 1881/2193/1863 1863/2190/1860 1882/2189/1859 1850/2194/1864
f 1848/2180/1850 1880/2191/1861 1864/2195/1865 1879/2188/1858
f 1879/2188/1858 1864/2195/1865 1883/2196/1866 1849/2187/1857
f 1852/2197/1867 1883/2196/1866 1864/2195/1865 1884/2198/1868
f 1884/2198/1868 1864/2195/1865 1880/2191/1861 1851/2192/1862
f 1853/2199/1869 1888/2200/1870 1865/2201/1871 1885/2202/1872
f 1885/2202/1872 1865/2201/1871 1887/2203/1873 1854/2204/1874
f 1845/2179/1849 1887/2203/1873 1865/2201/1871 1873/2177/1847
f 1873/2177/1847 1865/2201/1871 1888/2200/1870 1844/2174/1844
f 1854/2204/1874 1887/2203/1873 1866/2205/1875 1886/2206/1876
f 1886/2206/1876 1866/2205/1875 1889/2207/1877 1855/2208/1878
f 1846/2186/1856 1889/2207/1877 1866/2205/1875 1877/2184/1854
f 1877/2184/1854 1866/2205/1875 1887/2203/1873 1845/2179/1849
f 1855/2208/1878 1889/2207/1877 1867/2209/1879 1890/2210/1880
f 1890/2210/1880 1867/2209/1879 1892/2211/1881 1856/2212/1882
f 1849/2187/1857 1892/2211/1881 1867/2209/1879 1878/2185/1855
f 1878/2185/1855 1867/2209/1879 1889/2207/1877 1846/2186/1856
f 1856/2212/1882 1892/2211/1881 1868/2213/1883 1891/2214/1884
f 1891/2214/1884 1868/2213/1883 1893/2215/1885 1857/2216/1886
f 1852/2197/1867 1893/2215/1885 1868/2213/1883 1883/2196/1866
f 1883/2196/1866 1868/2213/1883 1892/2211/1881 1849/2187/1857
f 1857/2216/1886 1893/2215/1885 1869/2217/1887 1894/2218/1888
f 1894/2218/1888 1869/2217/1887 1896/2219/1889 1858/2220/1890
f 1851/2192/1862 1896/2219/1889 1869/2217/1887 1884/2198/1868
f 1884/2198/1868 1869/2217/1887 1893/2215/1885 1852/2197/1867
f 1858/2220/1890 1896/2219/1889 1870/2221/1891 1895/2222/1892
f 1895/2222/1892 1870/2221/1891 1897/2223/1893 1859/2224/1894
f 1850/2194/1864 1897/2223/1893 1870/2221/1891 1881/2193/1863
f 1881/2193/1863 1870/2221/1891 1896/2219/1889 1851/2192/1862
f 1859/2224/1894 1897/2223/1893 1871/2225/1895 1898/2226/1896
f 1898/2226/1896 1871/2225/1895 1900/2227/1897 1860/2228/1898
f 1847/2182/1852 1900/2227/1897 1871/2225/1895 1882/2189/1859
f 1882/2189/1859 1871/2225/1895 1897/2223/1893 1850/2194/1864
f 1860/2228/1898 1900/2227/1897 1872/2229/1899 1899/2230/1900
f 1899/2230/1900 1872/2229/1899 1888/2200/1870 1853/2199/1869
f 1844/2174/1844 1888/2200/1870 1872/2229/1899 1876/2175/1845
f 1876/2175/1845 1872/2229/1899 1900/2227/1897 1847/2182/1852
f 1902/2231/1901 1904/2232/1902 1903/2233/1903 1901/2234/1904
f 1905/2235/1905 1906/2236/1906 1901/2234/1904 1903/2233/1903
f 2020/2237/1907 2021/2238/1908 1907/2239/1909 1908/2240/1910
f 1906/2236/1906 1905/2235/1905 1908/2240/1910 1907/2239/1909
f 1904/2232/1902 1910/2241/1911 1909/2242/1912 1903/2233/1903
f 1910/2241/1911 1912/2243/1913 1911/2244/1914 1909/2242/1912
f 1913/2245/1915 1914/2246/1916 1909/2242/1912 1911/2244/1914
f 1914/2246/1916 1905/2235/1905 1903/2233/1903 1909/2242/1912
f 1912/2243/1913 1916/2247/1917 1915/2248/1918 1911/2244/1914
f 2002/2249/1919 2001/2250/1920 1917/2251/1921 1915/2248/1918
f 1917/2251/1921 1913/2245/1915 1911/2244/1914 1915/2248/1918
f 2000/2252/1922 2036/2253/1923 1919/2254/42 1918/2255/1924
f 1919/2254/42 2038/2256/45 1920/2257/1925 1918/2255/1924
f 1913/2245/1915 1917/2251/1921 1918/2255/1924 1920/2257/1925
f 2038/2256/45 1922/2258/1926 1921/2259/1927 1920/2257/1925
f 1922/2258/1926 2020/2237/1907 1908/2240/1910 1921/2259/1927
f 1905/2235/1905 1914/2246/1916 1921/2259/1927 1908/2240/1910
f 1914/2246/1916 1913/2245/1915 1920/2257/1925 1921/2259/1927
f 2040/2260/1928 1925/2261/1929 1924/2262/1930 1923/2263/1931
f 1925/2261/1929 1927/2264/1932 1926/2265/1933 1924/2262/1930
f 1927/2264/1932 1929/2266/1934 1928/2267/1935 1926/2265/1933
f 1929/2266/1934 1927/2264/1932 1930/2268/1936 1931/2269/1937
f 1927/2264/1932 1925/2261/1929 1932/2270/1938 1930/2268/1936
f 1933/2271/1939 1934/2272/1940 1930/2268/1936 1932/2270/1938
f 1934/2272/1940 1935/2273/1941 1931/2269/1937 1930/2268/1936
f 1925/2261/1929 2040/2260/1928 2052/2274/1942 1932/2270/1938
f 2053/2275/1943 1933/2271/1939 1932/2270/1938 2052/2274/1942
f 2054/2276/1944 2012/2277/1945 2011/2278/1946 1936/2279/1947
f 1936/2279/1947 1981/2280/1948 1982/2281/1949 2054/2276/1944
f 1936/2279/1947 2011/2278/1946 2010/2282/1950 1937/2283/1951
f 1937/2283/1951 2010/2282/1950 2009/2284/1952 1938/2285/1953
f 1938/2285/1953 1979/2286/1954 1980/2287/1955 1937/2283/1951
f 1937/2283/1951 1980/2287/1955 1981/2280/1948 1936/2279/1947
f 2004/2288/1956 2003/2289/1957 1916/2247/1917 1939/2290/1958
f 1912/2243/1913 1910/2241/1911 1940/2291/1959 1961/2292/1960
f 1910/2241/1911 1904/2232/1902 1941/2293/1961 1940/2291/1959
f 1904/2232/1902 1902/2231/1901 2163/2294/1962 1941/2293/1961
f 2164/2295/1963 1942/2296/1964 1941/2293/1961 2163/2294/1962
f 2165/2297/1965 2169/2298/1966 1983/2299/1967 1943/2300/1968
f 1942/2296/1964 2164/2295/1963 2165/2297/1965 1943/2300/1968
f 1929/2266/1934 1931/2269/1937 1955/2301/1969 1947/2302/1970
f 1944/2303/1971 2166/2304/1972 2167/2305/1973 1945/2306/1974
f 2168/2307/1975 1946/2308/1976 1945/2306/1974 2167/2305/1973
f 1928/2267/1935 1929/2266/1934 1947/2302/1970 1948/2309/1977
f 1946/2308/1976 2168/2307/1975 1948/2309/1977 1947/2302/1970
f 1952/2310/1978 1944/2303/1971 1945/2306/1974 1951/2311/1979
f 1940/2291/1959 1941/2293/1961 1942/2296/1964 1953/2312/1980
f 1954/2313/1981 2005/2314/1982 2004/2288/1956 1939/2290/1958
f 1931/2269/1937 1935/2273/1941 1956/2315/1983 1955/2301/1969
f 1935/2273/1941 1979/2286/1954 1957/2316/1984 1956/2315/1983
f 1947/2302/1970 1955/2301/1969 1958/2317/1985 1946/2308/1976
f 1946/2308/1976 1958/2317/1985 1951/2311/1979 1945/2306/1974
f 1942/2296/1964 1943/2300/1968 1959/2318/1986 1953/2312/1980
f 1916/2247/1917 1912/2243/1913 1961/2292/1960 1939/2290/1958
f 2007/2319/1987 2006/2320/1988 1962/2321/1989 1950/2322/1990
f 1960/2323/1991 1983/2324/1967 1944/2303/1971 1952/2310/1978
f 1964/2325/1992 1965/2326/1993 2417/2327/1994 2418/2328/1995
f 1970/2329/1996 1971/2330/1997 2427/2331/1998 2428/2332/1999
f 1951/2333/1979 1958/2334/1985 1992/2335/2000 1991/2336/2001
f 1977/2337/2002 2390/2338/2003 2391/2339/2004 1978/2340/2005
f 1963/2341/2006 1978/2340/2005 2391/2339/2004 2392/2342/2007
f 1970/2329/1996 2383/2343/2008 2384/2344/2009 1971/2330/1997
f 1971/2330/1997 2384/2344/2009 2385/2345/2010 1972/2346/2011
f 1973/2347/2012 2386/2348/2013 2387/2349/2014 1974/2350/2015
f 1972/2346/2011 2385/2345/2010 2386/2348/2013 1973/2347/2012
f 2382/2351/2016 2383/2343/2008 1970/2329/1996 1969/2352/2017
f 2397/2353/2018 2382/2351/2016 1969/2352/2017 1968/2354/2019
f 2396/2355/2020 2397/2353/2018 1968/2354/2019 1967/2356/2021
f 2395/2357/2022 2396/2355/2020 1967/2356/2021 1966/2358/2023
f 1940/2359/1959 1986/2360/2024 1985/2361/2025 1961/2362/1960
f 1954/2363/1981 1939/2364/1958 1984/2365/2026 1999/2366/2027
f 1954/2367/1981 1999/2368/2027 1998/2369/2028 1962/2370/1989
f 1962/2370/1989 1998/2369/2028 1997/2371/2029 1950/2372/1990
f 1950/2372/1990 1997/2371/2029 1996/2373/2030 1949/2374/2031
f 1949/2374/2031 1996/2373/2030 1995/2375/2032 1957/2376/1984
f 1971/2330/1997 1972/2346/2011 2426/2377/2033 2427/2331/1998
f 1972/2346/2011 1973/2347/2012 2425/2378/2034 2426/2377/2033
f 1974/2350/2015 1975/2379/2035 2423/2380/2036 2424/2381/2037
f 1952/2382/1978 1990/2383/2038 1989/2384/2039 1960/2385/1991
f 1960/2385/1991 1989/2384/2039 1988/2386/2040 1959/2387/1986
f 1959/2387/1986 1988/2386/2040 1987/2388/2041 1953/2389/1980
f 1953/2389/1980 1987/2388/2041 1986/2360/2024 1940/2359/1959
f 1981/2280/1948 1933/2271/1939 2053/2275/1943 1982/2281/1949
f 1979/2286/1954 1935/2273/1941 1934/2272/1940 1980/2287/1955
f 1980/2287/1955 1934/2272/1940 1933/2271/1939 1981/2280/1948
f 1938/2285/1953 1949/2390/2031 1957/2316/1984 1979/2286/1954
f 2169/2391/1966 2166/2304/1972 1944/2303/1971 1983/2324/1967
f 1960/2392/1991 1959/2318/1986 1943/2300/1968 1983/2299/1967
f 1984/2365/2026 1939/2364/1958 1961/2362/1960 1985/2361/2025
f 1956/2393/1983 1957/2376/1984 1995/2375/2032 1994/2394/2042
f 2425/2378/2034 2424/2381/2037 1991/2336/2001 1992/2335/2000
f 1986/2360/2024 2419/2395/2043 2418/2328/1995 1985/2361/2025
f 2417/2327/1994 2416/2396/2044 1999/2366/2027 1984/2365/2026
f 2416/2397/2044 2415/2398/2045 1998/2369/2028 1999/2368/2027
f 2415/2398/2045 2414/2399/2046 1997/2371/2029 1998/2369/2028
f 2414/2399/2046 2429/2400/2047 1996/2373/2030 1997/2371/2029
f 2429/2400/2047 2428/2332/1999 1995/2375/2032 1996/2373/2030
f 1955/2401/1969 1956/2393/1983 1994/2394/2042 1993/2402/2048
f 1958/2334/1985 1955/2401/1969 1993/2402/2048 1992/2335/2000
f 1952/2382/1978 1951/2333/1979 1991/2336/2001 1990/2383/2038
f 1990/2383/2038 2423/2380/2036 2422/2403/2049 1989/2384/2039
f 1989/2384/2039 2422/2403/2049 2421/2404/2050 1988/2386/2040
f 1988/2386/2040 2421/2404/2050 2420/2405/2051 1987/2388/2041
f 1987/2388/2041 2420/2405/2051 2419/2395/2043 1986/2360/2024
f 1915/2248/1918 1916/2247/1917 2003/2289/1957 2002/2249/1919
f 1918/2255/1924 1917/2251/1921 2001/2250/1920 2000/2252/1922
f 2008/2406/2052 1949/2390/2031 1938/2285/1953 2009/2284/1952
f 1950/2322/1990 1949/2390/2031 2008/2406/2052 2007/2319/1987
f 2005/2407/1982 1954/2408/1981 1962/2321/1989 2006/2320/1988
f 2014/2409/2053 2013/2410/2054 2015/2411/2055 2016/2412/2056
f 2017/2413/2057 2015/2411/2055 2013/2410/2054 2018/2414/2058
f 2020/2237/1907 2019/2415/2059 2170/2416/2060 2021/2238/1908
f 2018/2414/2058 2170/2416/2060 2019/2415/2059 2017/2413/2057
f 2016/2412/2056 2015/2411/2055 2022/2417/2061 2023/2418/2062
f 2023/2418/2062 2022/2417/2061 2024/2419/2063 2025/2420/2064
f 2026/2421/2065 2024/2419/2063 2022/2417/2061 2027/2422/2066
f 2027/2422/2066 2022/2417/2061 2015/2411/2055 2017/2413/2057
f 2025/2420/2064 2024/2419/2063 2028/2423/2067 2029/2424/2068
f 2030/2425/2069 2028/2423/2067 2033/2426/2070 2032/2427/2071
f 2033/2426/2070 2028/2423/2067 2024/2419/2063 2026/2421/2065
f 2035/2428/2072 2034/2429/2073 1919/2254/42 2036/2253/1923
f 1919/2254/42 2034/2429/2073 2037/2430/2074 2038/2256/45
f 2026/2421/2065 2037/2430/2074 2034/2429/2073 2033/2426/2070
f 2038/2256/45 2037/2430/2074 2039/2431/2075 1922/2258/1926
f 1922/2258/1926 2039/2431/2075 2019/2415/2059 2020/2237/1907
f 2017/2413/2057 2019/2415/2059 2039/2431/2075 2027/2422/2066
f 2027/2422/2066 2039/2431/2075 2037/2430/2074 2026/2421/2065
f 2040/2260/1928 1923/2263/1931 2171/2432/2076 2041/2433/2077
f 2041/2433/2077 2171/2432/2076 2042/2434/2078 2043/2435/2079
f 2043/2435/2079 2042/2434/2078 2044/2436/2080 2045/2437/2081
f 2045/2437/2081 2047/2438/2082 2046/2439/2083 2043/2435/2079
f 2043/2435/2079 2046/2439/2083 2048/2440/2084 2041/2433/2077
f 2049/2441/2085 2048/2440/2084 2046/2439/2083 2050/2442/2086
f 2050/2442/2086 2046/2439/2083 2047/2438/2082 2051/2443/2087
f 2041/2433/2077 2048/2440/2084 2052/2274/1942 2040/2260/1928
f 2053/2275/1943 2052/2274/1942 2048/2440/2084 2049/2441/2085
f 2054/2276/1944 2056/2444/2088 2055/2445/2089 2012/2277/1945
f 2056/2444/2088 2054/2276/1944 1982/2281/1949 2057/2446/2090
f 2056/2444/2088 2058/2447/2091 2059/2448/2092 2055/2445/2089
f 2058/2447/2091 2060/2449/2093 2061/2450/2094 2059/2448/2092
f 2060/2449/2093 2058/2447/2091 2063/2451/2095 2062/2452/2096
f 2058/2447/2091 2056/2444/2088 2057/2446/2090 2063/2451/2095
f 2064/2453/2097 2089/2454/2098 2029/2424/2068 2031/2455/2099
f 2025/2420/2064 2066/2456/2100 2065/2457/2101 2023/2418/2062
f 2023/2418/2062 2065/2457/2101 2067/2458/2102 2016/2412/2056
f 2016/2412/2056 2067/2458/2102 2068/2459/2103 2014/2409/2053
f 2069/2460/2104 2068/2459/2103 2067/2458/2102 2070/2461/2105
f 2072/2462/2106 2071/2463/2107 2074/2464/2108 2073/2465/2109
f 2070/2461/2105 2071/2463/2107 2072/2462/2106 2069/2460/2104
f 2045/2437/2081 2076/2466/2110 2075/2467/2111 2047/2438/2082
f 2080/2468/2112 2079/2469/2113 2172/2470/2114 2081/2471/2115
f 2082/2472/2116 2172/2470/2114 2079/2469/2113 2083/2473/2117
f 2044/2436/2080 2173/2474/2118 2076/2466/2110 2045/2437/2081
f 2083/2473/2117 2076/2466/2110 2173/2474/2118 2082/2472/2116
f 2085/2475/2119 2084/2476/2120 2079/2469/2113 2080/2468/2112
f 2065/2457/2101 2086/2477/2121 2070/2461/2105 2067/2458/2102
f 2087/2478/2122 2089/2454/2098 2064/2453/2097 2088/2479/2123
f 2047/2438/2082 2075/2467/2111 2090/2480/2124 2051/2443/2087
f 2051/2443/2087 2090/2480/2124 2091/2481/2125 2062/2452/2096
f 2076/2466/2110 2083/2473/2117 2092/2482/2126 2075/2467/2111
f 2083/2473/2117 2079/2469/2113 2084/2476/2120 2092/2482/2126
f 2070/2461/2105 2086/2477/2121 2093/2483/2127 2071/2463/2107
f 2029/2424/2068 2089/2454/2098 2066/2456/2100 2025/2420/2064
f 2078/2484/2128 2094/2485/2129 2096/2486/2130 2095/2487/2131
f 2097/2488/2132 2085/2475/2119 2080/2468/2112 2074/2489/2108
f 2098/2490/2133 2411/2491/2134 2412/2492/2135 2099/2493/2136
f 2102/2494/2137 2401/2495/2138 2402/2496/2139 2103/2497/2140
f 2084/2498/2120 2107/2499/2141 2106/2500/2142 2092/2501/2126
f 2377/2502/2143 2376/2503/2144 2109/2504/2145 2108/2505/2146
f 2110/2506/2147 2378/2507/2148 2377/2502/2143 2108/2505/2146
f 2102/2494/2137 2103/2497/2140 2370/2508/2149 2369/2509/2150
f 2103/2497/2140 2111/2510/2151 2371/2511/2152 2370/2508/2149
f 2112/2512/2153 2113/2513/2154 2373/2514/2155 2372/2515/2156
f 2111/2510/2151 2112/2512/2153 2372/2515/2156 2371/2511/2152
f 2102/2494/2137 2369/2509/2150 2368/2516/2157 2116/2517/2158
f 2116/2517/2158 2368/2516/2157 2367/2518/2159 2117/2519/2160
f 2117/2519/2160 2367/2518/2159 2366/2520/2161 2118/2521/2162
f 2118/2522/2162 2366/2523/2161 2381/2524/2163 2119/2525/2164
f 2065/2526/2101 2066/2527/2100 2101/2528/2165 2120/2529/2166
f 2087/2530/2122 2121/2531/2167 2100/2532/2168 2089/2533/2098
f 2087/2530/2122 2096/2534/2130 2122/2535/2169 2121/2531/2167
f 2096/2536/2130 2094/2537/2129 2123/2538/2170 2122/2539/2169
f 2094/2537/2129 2125/2540/2171 2124/2541/2172 2123/2538/2170
f 2125/2540/2171 2091/2542/2125 2105/2543/2173 2124/2541/2172
f 2103/2497/2140 2402/2496/2139 2403/2544/2174 2111/2510/2151
f 2111/2510/2151 2403/2544/2174 2404/2545/2175 2112/2512/2153
f 2113/2513/2154 2405/2546/2176 2406/2547/2177 2115/2548/2178
f 2085/2549/2119 2097/2550/2132 2128/2551/2179 2127/2552/2180
f 2097/2550/2132 2093/2553/2127 2129/2554/2181 2128/2551/2179
f 2093/2553/2127 2086/2555/2121 2130/2556/2182 2129/2554/2181
f 2086/2555/2121 2065/2526/2101 2120/2529/2166 2130/2556/2182
f 2057/2446/2090 1982/2281/1949 2053/2275/1943 2049/2441/2085
f 2062/2452/2096 2063/2451/2095 2050/2442/2086 2051/2443/2087
f 2063/2451/2095 2057/2446/2090 2049/2441/2085 2050/2442/2086
f 2060/2449/2093 2062/2452/2096 2091/2481/2125 2125/2557/2171
f 2073/2558/2109 2074/2489/2108 2080/2468/2112 2081/2471/2115
f 2097/2559/2132 2074/2464/2108 2071/2463/2107 2093/2483/2127
f 2100/2532/2168 2101/2528/2165 2066/2527/2100 2089/2533/2098
f 2090/2560/2124 2104/2561/2183 2105/2543/2173 2091/2542/2125
f 2107/2499/2141 2405/2546/2176 2404/2545/2175 2106/2500/2142
f 2120/2529/2166 2101/2528/2165 2411/2491/2134 2410/2562/2184
f 2121/2531/2167 2413/2563/2185 2412/2492/2135 2100/2532/2168
f 2122/2535/2169 2398/2564/2186 2413/2563/2185 2121/2531/2167
f 2123/2538/2170 2399/2565/2187 2398/2566/2186 2122/2539/2169
f 2124/2541/2172 2400/2567/2188 2399/2565/2187 2123/2538/2170
f 2105/2543/2173 2401/2495/2138 2400/2567/2188 2124/2541/2172
f 2075/2568/2111 2126/2569/2189 2104/2561/2183 2090/2560/2124
f 2092/2501/2126 2106/2500/2142 2126/2569/2189 2075/2568/2111
f 2085/2549/2119 2127/2552/2180 2107/2499/2141 2084/2498/2120
f 2127/2552/2180 2128/2551/2179 2407/2570/2190 2406/2547/2177
f 2128/2551/2179 2129/2554/2181 2408/2571/2191 2407/2570/2190
f 2129/2554/2181 2130/2556/2182 2409/2572/2192 2408/2571/2191
f 2130/2556/2182 2120/2529/2166 2410/2562/2184 2409/2572/2192
f 2028/2423/2067 2030/2425/2069 2031/2455/2099 2029/2424/2068
f 2034/2429/2073 2035/2428/2072 2032/2427/2071 2033/2426/2070
f 2077/2573/2193 2061/2450/2094 2060/2449/2093 2125/2557/2171
f 2094/2485/2129 2078/2484/2128 2077/2573/2193 2125/2557/2171
f 2088/2479/2123 2095/2574/2131 2096/2575/2130 2087/2478/2122
f 2309/2576/2194 2310/2577/2195 2136/2578/2196 2135/2579/2197
f 2308/2580/2198 2309/2576/2194 2135/2579/2197 2134/2581/2199
f 2146/2582/2200 2315/2583/2201 2316/2584/2202 2137/2585/2203
f 2145/2586/2204 2314/2587/2205 2315/2583/2201 2146/2582/2200
f 2144/2588/2206 2313/2589/2207 2314/2587/2205 2145/2586/2204
f 2310/2577/2195 2311/2590/2208 2142/2591/2209 2136/2578/2196
f 2154/2592/2210 2325/2593/2211 2324/2594/2212 2153/2595/2213
f 2153/2595/2213 2324/2594/2212 2323/2596/2214 2152/2597/2215
f 2331/2598/2216 2330/2599/2217 2159/2600/2218 2160/2601/2219
f 2330/2599/2217 2329/2602/2220 2158/2603/2221 2159/2600/2218
f 2329/2602/2220 2328/2604/2222 2157/2605/2223 2158/2603/2221
f 2155/2606/2224 2326/2607/2225 2325/2593/2211 2154/2592/2210
f 1906/2236/1906 2220/2608/2226 2221/2609/2227 1901/2234/1904
f 2021/2238/1908 2218/2610/2228 2219/2611/2229 1907/2239/1909
f 1924/2262/1930 2233/2612/2230 2234/2613/2231 1923/2263/1931
f 1926/2265/1933 2232/2614/2232 2233/2612/2230 1924/2262/1930
f 1928/2267/1935 2231/2615/2233 2232/2614/2232 1926/2265/1933
f 1902/2231/1901 2222/2616/2234 2223/2617/2235 2163/2294/1962
f 2165/2297/1965 2225/2618/2236 2226/2619/2237 2169/2298/1966
f 2164/2295/1963 2224/2620/2238 2225/2618/2236 2165/2297/1965
f 2166/2304/1972 2227/2621/2239 2228/2622/2240 2167/2305/1973
f 2168/2307/1975 2229/2623/2241 2230/2624/2242 1948/2309/1977
f 2169/2391/1966 2226/2625/2237 2227/2621/2239 2166/2304/1972
f 2013/2410/2054 2215/2626/2243 2216/2627/2244 2018/2414/2058
f 2170/2416/2060 2217/2628/2245 2218/2610/2228 2021/2238/1908
f 1923/2263/1931 2234/2613/2231 2235/2629/2246 2171/2432/2076
f 2171/2432/2076 2235/2629/2246 2236/2630/2247 2042/2434/2078
f 2042/2434/2078 2236/2630/2247 2237/2631/2248 2044/2436/2080
f 2068/2459/2103 2213/2632/2249 2214/2633/2250 2014/2409/2053
f 2073/2465/2109 2210/2634/2251 2211/2635/2252 2072/2462/2106
f 2069/2460/2104 2072/2462/2106 2211/2635/2252 2212/2636/2253
f 2172/2470/2114 2208/2637/2254 2209/2638/2255 2081/2471/2115
f 2173/2474/2118 2206/2639/2256 2207/2640/2257 2082/2472/2116
f 2081/2471/2115 2209/2638/2255 2210/2641/2251 2073/2558/2109
f 1901/2234/1904 2221/2609/2227 2222/2616/2234 1902/2231/1901
f 1907/2239/1909 2219/2611/2229 2220/2608/2226 1906/2236/1906
f 2163/2294/1962 2223/2617/2235 2224/2620/2238 2164/2295/1963
f 2168/2307/1975 2167/2305/1973 2228/2622/2240 2229/2623/2241
f 1948/2309/1977 2230/2624/2242 2231/2615/2233 1928/2267/1935
f 2014/2409/2053 2214/2633/2250 2215/2626/2243 2013/2410/2054
f 2018/2414/2058 2216/2627/2244 2217/2628/2245 2170/2416/2060
f 2069/2460/2104 2212/2636/2253 2213/2632/2249 2068/2459/2103
f 2082/2472/2116 2207/2640/2257 2208/2637/2254 2172/2470/2114
f 2044/2436/2080 2237/2631/2248 2206/2639/2256 2173/2474/2118
f 2176/2642/2258 2174/2643/2259 2221/2609/2227 2220/2608/2226
f 2186/2644/2260 2177/2645/2261 2219/2611/2229 2218/2610/2228
f 2179/2646/2262 2274/2647/2263 2234/2613/2231 2233/2612/2230
f 2180/2648/2264 2179/2646/2262 2233/2612/2230 2232/2614/2232
f 2181/2649/2265 2180/2648/2264 2232/2614/2232 2231/2615/2233
f 2271/2650/2266 2291/2651/2267 2223/2617/2235 2222/2616/2234
f 2293/2652/2268 2297/2653/2269 2226/2619/2237 2225/2618/2236
f 2224/2620/2238 2292/2654/2270 2293/2652/2268 2225/2618/2236
f 2198/2655/2271 2295/2656/2272 2228/2622/2240 2227/2621/2239
f 2200/2657/2273 2182/2658/2274 2230/2624/2242 2229/2623/2241
f 2297/2659/2269 2198/2655/2271 2227/2621/2239 2226/2625/2237
f 2279/2660/2275 2281/2661/2276 2216/2627/2244 2215/2626/2243
f 2298/2662/2277 2186/2644/2260 2218/2610/2228 2217/2628/2245
f 2274/2647/2263 2299/2663/2278 2235/2629/2246 2234/2613/2231
f 2299/2663/2278 2187/2664/2279 2236/2630/2247 2235/2629/2246
f 2187/2664/2279 2284/2665/2280 2237/2631/2248 2236/2630/2247
f 2189/2666/2281 2184/2667/2282 2214/2633/2250 2213/2632/2249
f 2192/2668/2283 2191/2669/2284 2211/2635/2252 2210/2634/2251
f 2191/2669/2284 2190/2670/2285 2212/2636/2253 2211/2635/2252
f 2204/2671/2286 2193/2672/2287 2209/2638/2255 2208/2637/2254
f 2301/2673/2288 2194/2674/2289 2207/2640/2257 2206/2639/2256
f 2193/2672/2287 2192/2675/2283 2210/2641/2251 2209/2638/2255
f 2174/2643/2259 2271/2650/2266 2222/2616/2234 2221/2609/2227
f 2177/2645/2261 2176/2642/2258 2220/2608/2226 2219/2611/2229
f 2291/2651/2267 2292/2654/2270 2224/2620/2238 2223/2617/2235
f 2295/2656/2272 2200/2657/2273 2229/2623/2241 2228/2622/2240
f 2182/2658/2274 2181/2649/2265 2231/2615/2233 2230/2624/2242
f 2184/2667/2282 2279/2660/2275 2215/2626/2243 2214/2633/2250
f 2281/2661/2276 2298/2662/2277 2217/2628/2245 2216/2627/2244
f 2190/2670/2285 2189/2666/2281 2213/2632/2249 2212/2636/2253
f 2207/2640/2257 2194/2674/2289 2204/2671/2286 2208/2637/2254
f 2284/2665/2280 2301/2673/2288 2206/2639/2256 2237/2631/2248
f 2270/2676/2290 2272/2677/2291 2240/2678/2292 2238/2679/2293
f 2273/2680/2294 2282/2681/2295 2250/2682/2296 2241/2683/2297
f 2178/2684/2298 2275/2685/2299 2243/2686/2300 2242/2687/2301
f 2275/2685/2299 2276/2688/2302 2244/2689/2303 2243/2686/2300
f 2276/2688/2302 2277/2690/2304 2245/2691/2305 2244/2689/2303
f 2195/2692/2306 2175/2693/2307 2239/2694/2308 2259/2695/2309
f 2201/2696/2310 2197/2697/2311 2261/2698/2312 2265/2699/2313
f 2197/2697/2311 2196/2700/2314 2260/2701/2315 2261/2698/2312
f 2199/2702/2316 2294/2703/2317 2262/2704/2318 2263/2705/2319
f 2278/2706/2320 2296/2707/2321 2264/2708/2322 2246/2709/2323
f 2294/2703/2317 2201/2710/2310 2265/2711/2313 2262/2704/2318
f 2185/2712/2324 2183/2713/2325 2247/2714/2326 2249/2715/2327
f 2282/2681/2295 2202/2716/2328 2266/2717/2329 2250/2682/2296
f 2203/2718/2330 2178/2684/2298 2242/2687/2301 2267/2719/2331
f 2283/2720/2332 2203/2718/2330 2267/2719/2331 2251/2721/2333
f 2188/2722/2334 2283/2720/2332 2251/2721/2333 2252/2723/2335
f 2280/2724/2336 2285/2725/2337 2253/2726/2338 2248/2727/2339
f 2287/2728/2340 2288/2729/2341 2256/2730/2342 2255/2731/2343
f 2286/2732/2344 2287/2728/2340 2255/2731/2343 2254/2733/2345
f 2289/2734/2346 2300/2735/2347 2268/2736/2348 2257/2737/2349
f 2290/2738/2350 2205/2739/2351 2269/2740/2352 2258/2741/2353
f 2288/2742/2341 2289/2734/2346 2257/2737/2349 2256/2743/2342
f 2175/2693/2307 2270/2676/2290 2238/2679/2293 2239/2694/2308
f 2272/2677/2291 2273/2680/2294 2241/2683/2297 2240/2678/2292
f 2196/2700/2314 2195/2692/2306 2259/2695/2309 2260/2701/2315
f 2296/2707/2321 2199/2702/2316 2263/2705/2319 2264/2708/2322
f 2277/2690/2304 2278/2706/2320 2246/2709/2323 2245/2691/2305
f 2183/2713/2325 2280/2724/2336 2248/2727/2339 2247/2714/2326
f 2202/2716/2328 2185/2712/2324 2249/2715/2327 2266/2717/2329
f 2285/2725/2337 2286/2732/2344 2254/2733/2345 2253/2726/2338
f 2300/2735/2347 2290/2738/2350 2258/2741/2353 2268/2736/2348
f 2205/2739/2351 2188/2722/2334 2252/2723/2335 2269/2740/2352
f 2312/2744/2354 2143/2745/2355 2142/2591/2209 2311/2590/2208
f 2313/2589/2207 2144/2588/2206 2143/2745/2355 2312/2744/2354
f 2141/2746/2356 2140/2747/2357 2304/2748/2358 2305/2749/2359
f 2132/2750/2360 2141/2746/2356 2305/2749/2359 2306/2751/2361
f 2134/2581/2199 2133/2752/2362 2307/2753/2363 2308/2580/2198
f 2133/2752/2362 2132/2750/2360 2306/2751/2361 2307/2753/2363
f 2140/2747/2357 2131/2754/2364 2303/2755/2365 2304/2748/2358
f 2303/2755/2365 2131/2754/2364 2139/2756/2366 2302/2757/2367
f 2302/2757/2367 2139/2756/2366 2138/2758/2368 2317/2759/2369
f 2317/2760/2369 2138/2761/2368 2137/2585/2203 2316/2584/2202
f 2374/2762/2370 2375/2763/2371 2342/2764/2372 2341/2765/2373
f 2373/2514/2155 2374/2762/2370 2341/2765/2373 2340/2766/2374
f 2347/2767/2375 2380/2768/2376 2381/2524/2163 2348/2769/2377
f 2346/2770/2378 2379/2771/2379 2380/2768/2376 2347/2767/2375
f 2345/2772/2380 2378/2507/2148 2379/2771/2379 2346/2770/2378
f 2375/2763/2371 2376/2503/2144 2343/2773/2381 2342/2764/2372
f 2155/2606/2224 2156/2774/2382 2327/2775/2383 2326/2607/2225
f 2156/2774/2382 2157/2605/2223 2328/2604/2222 2327/2775/2383
f 2319/2776/2384 2148/2777/2385 2149/2778/2386 2320/2779/2387
f 2320/2779/2387 2149/2778/2386 2150/2780/2388 2321/2781/2389
f 2322/2782/2390 2151/2783/2391 2152/2597/2215 2323/2596/2214
f 2321/2781/2389 2150/2780/2388 2151/2783/2391 2322/2782/2390
f 2318/2784/2392 2147/2785/2393 2148/2777/2385 2319/2776/2384
f 2162/2786/2394 2147/2785/2393 2318/2784/2392 2333/2787/2395
f 2161/2788/2396 2162/2786/2394 2333/2787/2395 2332/2789/2397
f 2160/2790/2219 2161/2788/2396 2332/2789/2397 2331/2791/2216
f 2357/2792/2398 2389/2793/2399 2388/2794/2400 2356/2795/2401
f 2356/2795/2401 2388/2794/2400 2387/2349/2014 2355/2796/2402
f 2395/2797/2022 2394/2798/2403 2362/2799/2404 2363/2800/2405
f 2394/2798/2403 2393/2801/2406 2361/2802/2407 2362/2799/2404
f 2393/2801/2406 2392/2342/2007 2360/2803/2408 2361/2802/2407
f 2358/2804/2409 2390/2338/2003 2389/2793/2399 2357/2792/2398
f 2344/2805/2410 2343/2773/2381 2376/2503/2144 2377/2502/2143
f 2378/2507/2148 2345/2772/2380 2344/2805/2410 2377/2502/2143
f 2337/2806/2411 2336/2807/2412 2369/2509/2150 2370/2508/2149
f 2338/2808/2413 2337/2806/2411 2370/2508/2149 2371/2511/2152
f 2340/2766/2374 2339/2809/2414 2372/2515/2156 2373/2514/2155
f 2339/2809/2414 2338/2808/2413 2371/2511/2152 2372/2515/2156
f 2336/2807/2412 2335/2810/2415 2368/2516/2157 2369/2509/2150
f 2368/2516/2157 2335/2810/2415 2334/2811/2416 2367/2518/2159
f 2367/2518/2159 2334/2811/2416 2349/2812/2417 2366/2520/2161
f 2366/2523/2161 2349/2813/2417 2348/2769/2377 2381/2524/2163
f 2115/2548/2178 2114/2814/2418 2375/2763/2371 2374/2762/2370
f 2113/2513/2154 2115/2548/2178 2374/2762/2370 2373/2514/2155
f 2380/2768/2376 2099/2493/2136 2119/2525/2164 2381/2524/2163
f 2379/2771/2379 2098/2490/2133 2099/2493/2136 2380/2768/2376
f 2378/2507/2148 2110/2506/2147 2098/2490/2133 2379/2771/2379
f 2114/2814/2418 2109/2504/2145 2376/2503/2144 2375/2763/2371
f 2390/2338/2003 2358/2804/2409 2359/2815/2419 2391/2339/2004
f 2359/2815/2419 2360/2803/2408 2392/2342/2007 2391/2339/2004
f 2383/2343/2008 2351/2816/2420 2352/2817/2421 2384/2344/2009
f 2384/2344/2009 2352/2817/2421 2353/2818/2422 2385/2345/2010
f 2386/2348/2013 2354/2819/2423 2355/2796/2402 2387/2349/2014
f 2385/2345/2010 2353/2818/2422 2354/2819/2423 2386/2348/2013
f 2382/2351/2016 2350/2820/2424 2351/2816/2420 2383/2343/2008
f 2365/2821/2425 2350/2820/2424 2382/2351/2016 2397/2353/2018
f 2364/2822/2426 2365/2821/2425 2397/2353/2018 2396/2355/2020
f 2363/2823/2405 2364/2822/2426 2396/2355/2020 2395/2357/2022
f 2389/2793/2399 1976/2824/2427 1975/2379/2035 2388/2794/2400
f 2388/2794/2400 1975/2379/2035 1974/2350/2015 2387/2349/2014
f 1966/2825/2023 1965/2326/1993 2394/2798/2403 2395/2797/2022
f 1965/2326/1993 1964/2325/1992 2393/2801/2406 2394/2798/2403
f 1964/2325/1992 1963/2341/2006 2392/2342/2007 2393/2801/2406
f 2390/2338/2003 1977/2337/2002 1976/2824/2427 2389/2793/2399
f 2101/2528/2165 2100/2532/2168 2412/2492/2135 2411/2491/2134
f 2401/2495/2138 2105/2543/2173 2104/2561/2183 2402/2496/2139
f 2402/2496/2139 2104/2561/2183 2126/2569/2189 2403/2544/2174
f 2403/2544/2174 2126/2569/2189 2106/2500/2142 2404/2545/2175
f 2107/2499/2141 2127/2552/2180 2406/2547/2177 2405/2546/2176
f 2405/2546/2176 2113/2513/2154 2112/2512/2153 2404/2545/2175
f 2098/2490/2133 2110/2506/2147 2410/2562/2184 2411/2491/2134
f 2413/2563/2185 2119/2525/2164 2099/2493/2136 2412/2492/2135
f 2398/2564/2186 2118/2522/2162 2119/2525/2164 2413/2563/2185
f 2399/2565/2187 2117/2519/2160 2118/2521/2162 2398/2566/2186
f 2400/2567/2188 2116/2517/2158 2117/2519/2160 2399/2565/2187
f 2401/2495/2138 2102/2494/2137 2116/2517/2158 2400/2567/2188
f 2114/2814/2418 2115/2548/2178 2406/2547/2177 2407/2570/2190
f 2109/2504/2145 2114/2814/2418 2407/2570/2190 2408/2571/2191
f 2409/2572/2192 2108/2505/2146 2109/2504/2145 2408/2571/2191
f 2410/2562/2184 2110/2506/2147 2108/2505/2146 2409/2572/2192
f 2417/2327/1994 1984/2365/2026 1985/2361/2025 2418/2328/1995
f 1994/2394/2042 1995/2375/2032 2428/2332/1999 2427/2331/1998
f 1993/2402/2048 1994/2394/2042 2427/2331/1998 2426/2377/2033
f 1992/2335/2000 1993/2402/2048 2426/2377/2033 2425/2378/2034
f 2423/2380/2036 1990/2383/2038 1991/2336/2001 2424/2381/2037
f 1973/2347/2012 1974/2350/2015 2424/2381/2037 2425/2378/2034
f 1963/2341/2006 1964/2325/1992 2418/2328/1995 2419/2395/2043
f 1965/2326/1993 1966/2825/2023 2416/2396/2044 2417/2327/1994
f 1966/2358/2023 1967/2356/2021 2415/2398/2045 2416/2397/2044
f 1967/2356/2021 1968/2354/2019 2414/2399/2046 2415/2398/2045
f 1968/2354/2019 1969/2352/2017 2429/2400/2047 2414/2399/2046
f 2429/2400/2047 1969/2352/2017 1970/2329/1996 2428/2332/1999
f 2423/2380/2036 1975/2379/2035 1976/2824/2427 2422/2403/2049
f 1976/2824/2427 1977/2337/2002 2421/2404/2050 2422/2403/2049
f 1977/2337/2002 1978/2340/2005 2420/2405/2051 2421/2404/2050
f 1978/2340/2005 1963/2341/2006 2419/2395/2043 2420/2405/2051
f 2432/2826/2428 2433/2827/2429 2431/2828/2430 2430/2829/2431
f 2430/2829/2431 2435/2830/2432 2434/2831/2433 2432/2826/2428
f 2436/2832/2434 2550/2833/2435 2549/2834/2436 2437/2835/2437
f 2437/2835/2437 2434/2831/2433 2435/2830/2432 2436/2832/2434
f 2438/2836/2438 2439/2837/2439 2433/2827/2429 2432/2826/2428
f 2440/2838/2440 2441/2839/2441 2439/2837/2439 2438/2836/2438
f 2438/2836/2438 2443/2840/2442 2442/2841/2443 2440/2838/2440
f 2432/2826/2428 2434/2831/2433 2443/2840/2442 2438/2836/2438
f 2444/2842/2444 2445/2843/2445 2441/2839/2441 2440/2838/2440
f 2446/2844/2446 2530/2845/2447 2531/2846/2448 2444/2842/2444
f 2440/2838/2440 2442/2841/2443 2446/2844/2446 2444/2842/2444
f 2448/2847/2449 2565/2848/2450 2529/2849/2451 2447/2850/2452
f 2449/2851/2453 2567/2852/2454 2448/2847/2449 2447/2850/2452
f 2447/2850/2452 2446/2844/2446 2442/2841/2443 2449/2851/2453
f 2450/2853/2455 2451/2854/2456 2567/2852/2454 2449/2851/2453
f 2437/2835/2437 2549/2834/2436 2451/2854/2456 2450/2853/2455
f 2450/2853/2455 2443/2840/2442 2434/2831/2433 2437/2835/2437
f 2449/2851/2453 2442/2841/2443 2443/2840/2442 2450/2853/2455
f 2453/2855/2457 2454/2856/2458 2569/2857/2459 2452/2858/2460
f 2455/2859/2461 2456/2860/2462 2454/2856/2458 2453/2855/2457
f 2457/2861/2463 2458/2862/2464 2456/2860/2462 2455/2859/2461
f 2459/2863/2465 2456/2860/2462 2458/2862/2464 2460/2864/2466
f 2461/2865/2467 2454/2856/2458 2456/2860/2462 2459/2863/2465
f 2459/2863/2465 2463/2866/2468 2462/2867/2469 2461/2865/2467
f 2460/2864/2466 2464/2868/2470 2463/2866/2468 2459/2863/2465
f 2581/2869/2471 2569/2857/2459 2454/2856/2458 2461/2865/2467
f 2461/2865/2467 2462/2867/2469 2582/2870/2472 2581/2869/2471
f 2540/2871/2473 2541/2872/2474 2583/2873/2475 2465/2874/2476
f 2511/2875/2477 2510/2876/2478 2465/2874/2476 2583/2873/2475
f 2539/2877/2479 2540/2871/2473 2465/2874/2476 2466/2878/2480
f 2538/2879/2481 2539/2877/2479 2466/2878/2480 2467/2880/2482
f 2509/2881/2483 2508/2882/2484 2467/2880/2482 2466/2878/2480
f 2510/2876/2478 2509/2881/2483 2466/2878/2480 2465/2874/2476
f 2445/2843/2445 2532/2883/2485 2533/2884/2486 2468/2885/2487
f 2469/2886/2488 2439/2837/2439 2441/2839/2441 2490/2887/2489
f 2470/2888/2490 2433/2827/2429 2439/2837/2439 2469/2886/2488
f 2692/2889/2491 2431/2828/2430 2433/2827/2429 2470/2888/2490
f 2470/2888/2490 2471/2890/2492 2693/2891/2493 2692/2889/2491
f 2512/2892/2494 2698/2893/2495 2694/2894/2496 2472/2895/2497
f 2694/2894/2496 2693/2891/2493 2471/2890/2492 2472/2895/2497
f 2484/2896/2498 2460/2864/2466 2458/2862/2464 2476/2897/2499
f 2696/2898/2500 2695/2899/2501 2473/2900/2502 2474/2901/2503
f 2474/2901/2503 2475/2902/2504 2697/2903/2505 2696/2898/2500
f 2476/2897/2499 2458/2862/2464 2457/2861/2463 2477/2904/2506
f 2477/2904/2506 2697/2903/2505 2475/2902/2504 2476/2897/2499
f 2474/2901/2503 2473/2900/2502 2481/2905/2507 2480/2906/2508
f 2471/2890/2492 2470/2888/2490 2469/2886/2488 2482/2907/2509
f 2533/2884/2486 2534/2908/2510 2483/2909/2511 2468/2885/2487
f 2485/2910/2512 2464/2868/2470 2460/2864/2466 2484/2896/2498
f 2486/2911/2513 2508/2882/2484 2464/2868/2470 2485/2910/2512
f 2487/2912/2514 2484/2896/2498 2476/2897/2499 2475/2902/2504
f 2480/2906/2508 2487/2912/2514 2475/2902/2504 2474/2901/2503
f 2488/2913/2515 2472/2895/2497 2471/2890/2492 2482/2907/2509
f 2490/2887/2489 2441/2839/2441 2445/2843/2445 2468/2885/2487
f 2491/2914/2516 2535/2915/2517 2536/2916/2518 2479/2917/2519
f 2473/2900/2502 2512/2918/2494 2489/2919/2520 2481/2905/2507
f 2946/2920/2521 2494/2921/2522 2493/2922/2523 2947/2923/2524
f 2956/2924/2525 2500/2925/2526 2499/2926/2527 2957/2927/2528
f 2521/2928/2529 2487/2929/2514 2480/2930/2508 2520/2931/2530
f 2920/2932/2531 2919/2933/2532 2506/2934/2533 2507/2935/2534
f 2920/2932/2531 2507/2935/2534 2492/2936/2535 2921/2937/2536
f 2913/2938/2537 2912/2939/2538 2499/2926/2527 2500/2925/2526
f 2914/2940/2539 2913/2938/2537 2500/2925/2526 2501/2941/2540
f 2916/2942/2541 2915/2943/2542 2502/2944/2543 2503/2945/2544
f 2915/2943/2542 2914/2940/2539 2501/2941/2540 2502/2944/2543
f 2499/2926/2527 2912/2939/2538 2911/2946/2545 2498/2947/2546
f 2498/2947/2546 2911/2946/2545 2926/2948/2547 2497/2949/2548
f 2497/2949/2548 2926/2948/2547 2925/2950/2549 2496/2951/2550
f 2496/2951/2550 2925/2950/2549 2924/2952/2551 2495/2953/2552
f 2514/2954/2553 2515/2955/2554 2469/2956/2488 2490/2957/2489
f 2513/2958/2555 2468/2959/2487 2483/2960/2511 2528/2961/2556
f 2527/2962/2557 2528/2963/2556 2483/2964/2511 2491/2965/2516
f 2526/2966/2558 2527/2962/2557 2491/2965/2516 2479/2967/2519
f 2525/2968/2559 2526/2966/2558 2479/2967/2519 2478/2969/2560
f 2524/2970/2561 2525/2968/2559 2478/2969/2560 2486/2971/2513
f 2955/2972/2562 2501/2941/2540 2500/2925/2526 2956/2924/2525
f 2954/2973/2563 2502/2944/2543 2501/2941/2540 2955/2972/2562
f 2952/2974/2564 2504/2975/2565 2503/2945/2544 2953/2976/2566
f 2518/2977/2567 2519/2978/2568 2481/2979/2507 2489/2980/2520
f 2517/2981/2569 2518/2977/2567 2489/2980/2520 2488/2982/2515
f 2516/2983/2570 2517/2981/2569 2488/2982/2515 2482/2984/2509
f 2515/2955/2554 2516/2983/2570 2482/2984/2509 2469/2956/2488
f 2582/2870/2472 2462/2867/2469 2510/2876/2478 2511/2875/2477
f 2463/2866/2468 2464/2868/2470 2508/2882/2484 2509/2881/2483
f 2462/2867/2469 2463/2866/2468 2509/2881/2483 2510/2876/2478
f 2486/2911/2513 2478/2985/2560 2467/2880/2482 2508/2882/2484
f 2473/2900/2502 2695/2899/2501 2698/2986/2495 2512/2918/2494
f 2472/2895/2497 2488/2913/2515 2489/2987/2520 2512/2892/2494
f 2490/2957/2489 2468/2959/2487 2513/2958/2555 2514/2954/2553
f 2524/2970/2561 2486/2971/2513 2485/2988/2512 2523/2989/2571
f 2520/2931/2530 2953/2976/2566 2954/2973/2563 2521/2928/2529
f 2947/2923/2524 2948/2990/2572 2515/2955/2554 2514/2954/2553
f 2528/2961/2556 2945/2991/2573 2946/2920/2521 2513/2958/2555
f 2527/2962/2557 2944/2992/2574 2945/2993/2573 2528/2963/2556
f 2526/2966/2558 2943/2994/2575 2944/2992/2574 2527/2962/2557
f 2525/2968/2559 2958/2995/2576 2943/2994/2575 2526/2966/2558
f 2524/2970/2561 2957/2927/2528 2958/2995/2576 2525/2968/2559
f 2523/2989/2571 2485/2988/2512 2484/2996/2498 2522/2997/2577
f 2522/2997/2577 2484/2996/2498 2487/2929/2514 2521/2928/2529
f 2520/2931/2530 2480/2930/2508 2481/2979/2507 2519/2978/2568
f 2951/2998/2578 2952/2974/2564 2519/2978/2568 2518/2977/2567
f 2950/2999/2579 2951/2998/2578 2518/2977/2567 2517/2981/2569
f 2949/3000/2580 2950/2999/2579 2517/2981/2569 2516/2983/2570
f 2948/2990/2572 2949/3000/2580 2516/2983/2570 2515/2955/2554
f 2532/2883/2485 2445/2843/2445 2444/2842/2444 2531/2846/2448
f 2530/2845/2447 2446/2844/2446 2447/2850/2452 2529/2849/2451
f 2467/2880/2482 2478/2985/2560 2537/3001/2581 2538/2879/2481
f 2537/3001/2581 2478/2985/2560 2479/2917/2519 2536/2916/2518
f 2491/2914/2516 2483/3002/2511 2534/3003/2510 2535/2915/2517
f 2544/3004/2582 2542/3005/2583 2543/3006/2584 2545/3007/2585
f 2542/3005/2583 2544/3004/2582 2546/3008/2586 2547/3009/2587
f 2699/3010/2588 2548/3011/2589 2549/2834/2436 2550/2833/2435
f 2548/3011/2589 2699/3010/2588 2547/3009/2587 2546/3008/2586
f 2551/3012/2590 2544/3004/2582 2545/3007/2585 2552/3013/2591
f 2553/3014/2592 2551/3012/2590 2552/3013/2591 2554/3015/2593
f 2551/3012/2590 2553/3014/2592 2555/3016/2594 2556/3017/2595
f 2544/3004/2582 2551/3012/2590 2556/3017/2595 2546/3008/2586
f 2557/3018/2596 2553/3014/2592 2554/3015/2593 2558/3019/2597
f 2562/3020/2598 2557/3018/2596 2559/3021/2599 2561/3022/2600
f 2553/3014/2592 2557/3018/2596 2562/3020/2598 2555/3016/2594
f 2448/2847/2449 2563/3023/2601 2564/3024/2602 2565/2848/2450
f 2566/3025/2603 2563/3023/2601 2448/2847/2449 2567/2852/2454
f 2563/3023/2601 2566/3025/2603 2555/3016/2594 2562/3020/2598
f 2568/3026/2604 2566/3025/2603 2567/2852/2454 2451/2854/2456
f 2548/3011/2589 2568/3026/2604 2451/2854/2456 2549/2834/2436
f 2568/3026/2604 2548/3011/2589 2546/3008/2586 2556/3017/2595
f 2566/3025/2603 2568/3026/2604 2556/3017/2595 2555/3016/2594
f 2700/3027/2605 2452/2858/2460 2569/2857/2459 2570/3028/2606
f 2571/3029/2607 2700/3027/2605 2570/3028/2606 2572/3030/2608
f 2573/3031/2609 2571/3029/2607 2572/3030/2608 2574/3032/2610
f 2575/3033/2611 2576/3034/2612 2574/3032/2610 2572/3030/2608
f 2577/3035/2613 2575/3033/2611 2572/3030/2608 2570/3028/2606
f 2575/3033/2611 2577/3035/2613 2578/3036/2614 2579/3037/2615
f 2576/3034/2612 2575/3033/2611 2579/3037/2615 2580/3038/2616
f 2581/2869/2471 2577/3035/2613 2570/3028/2606 2569/2857/2459
f 2577/3035/2613 2581/2869/2471 2582/2870/2472 2578/3036/2614
f 2584/3039/2617 2585/3040/2618 2583/2873/2475 2541/2872/2474
f 2511/2875/2477 2583/2873/2475 2585/3040/2618 2586/3041/2619
f 2588/3042/2620 2587/3043/2621 2585/3040/2618 2584/3039/2617
f 2590/3044/2622 2589/3045/2623 2587/3043/2621 2588/3042/2620
f 2592/3046/2624 2587/3043/2621 2589/3045/2623 2591/3047/2625
f 2586/3041/2619 2585/3040/2618 2587/3043/2621 2592/3046/2624
f 2558/3019/2597 2618/3048/2626 2593/3049/2627 2560/3050/2628
f 2594/3051/2629 2595/3052/2630 2554/3015/2593 2552/3013/2591
f 2596/3053/2631 2594/3051/2629 2552/3013/2591 2545/3007/2585
f 2597/3054/2632 2596/3053/2631 2545/3007/2585 2543/3006/2584
f 2596/3053/2631 2597/3054/2632 2598/3055/2633 2599/3056/2634
f 2603/3057/2635 2600/3058/2636 2601/3059/2637 2602/3060/2638
f 2601/3059/2637 2600/3058/2636 2599/3056/2634 2598/3055/2633
f 2604/3061/2639 2605/3062/2640 2574/3032/2610 2576/3034/2612
f 2701/3063/2641 2608/3064/2642 2609/3065/2643 2610/3066/2644
f 2608/3064/2642 2701/3063/2641 2611/3067/2645 2612/3068/2646
f 2605/3062/2640 2702/3069/2647 2573/3031/2609 2574/3032/2610
f 2702/3069/2647 2605/3062/2640 2612/3068/2646 2611/3067/2645
f 2608/3064/2642 2613/3070/2648 2614/3071/2649 2609/3065/2643
f 2599/3056/2634 2615/3072/2650 2594/3051/2629 2596/3053/2631
f 2593/3049/2627 2618/3048/2626 2616/3073/2651 2617/3074/2652
f 2619/3075/2653 2604/3061/2639 2576/3034/2612 2580/3038/2616
f 2620/3076/2654 2619/3075/2653 2580/3038/2616 2591/3047/2625
f 2621/3077/2655 2612/3068/2646 2605/3062/2640 2604/3061/2639
f 2613/3070/2648 2608/3064/2642 2612/3068/2646 2621/3077/2655
f 2622/3078/2656 2615/3072/2650 2599/3056/2634 2600/3058/2636
f 2595/3052/2630 2618/3048/2626 2558/3019/2597 2554/3015/2593
f 2625/3079/2657 2623/3080/2658 2607/3081/2659 2624/3082/2660
f 2609/3065/2643 2614/3071/2649 2626/3083/2661 2603/3084/2635
f 2941/3085/2662 2940/3086/2663 2627/3087/2664 2628/3088/2665
f 2931/3089/2666 2930/3090/2667 2631/3091/2668 2632/3092/2669
f 2635/3093/2670 2636/3094/2671 2613/3095/2648 2621/3096/2655
f 2638/3097/2672 2905/3098/2673 2906/3099/2674 2637/3100/2675
f 2906/3099/2674 2907/3101/2676 2639/3102/2677 2637/3100/2675
f 2899/3103/2678 2632/3092/2669 2631/3091/2668 2898/3104/2679
f 2900/3105/2680 2640/3106/2681 2632/3092/2669 2899/3103/2678
f 2902/3107/2682 2642/3108/2683 2641/3109/2684 2901/3110/2685
f 2901/3110/2685 2641/3109/2684 2640/3106/2681 2900/3105/2680
f 2897/3111/2686 2898/3104/2679 2631/3091/2668 2645/3112/2687
f 2896/3113/2688 2897/3111/2686 2645/3112/2687 2646/3114/2689
f 2895/3115/2690 2896/3113/2688 2646/3114/2689 2647/3116/2691
f 2910/3117/2692 2895/3118/2690 2647/3119/2691 2648/3120/2693
f 2630/3121/2694 2595/3122/2630 2594/3123/2629 2649/3124/2695
f 2629/3125/2696 2650/3126/2697 2616/3127/2651 2618/3128/2626
f 2651/3129/2698 2625/3130/2657 2616/3127/2651 2650/3126/2697
f 2652/3131/2699 2623/3132/2658 2625/3133/2657 2651/3134/2698
f 2653/3135/2700 2654/3136/2701 2623/3132/2658 2652/3131/2699
f 2634/3137/2702 2620/3138/2654 2654/3136/2701 2653/3135/2700
f 2932/3139/2703 2931/3089/2666 2632/3092/2669 2640/3106/2681
f 2933/3140/2704 2932/3139/2703 2640/3106/2681 2641/3109/2684
f 2935/3141/2705 2934/3142/2706 2642/3108/2683 2644/3143/2707
f 2657/3144/2708 2626/3145/2661 2614/3146/2649 2656/3147/2709
f 2658/3148/2710 2622/3149/2656 2626/3145/2661 2657/3144/2708
f 2659/3150/2711 2615/3151/2650 2622/3149/2656 2658/3148/2710
f 2649/3124/2695 2594/3123/2629 2615/3151/2650 2659/3150/2711
f 2582/2870/2472 2511/2875/2477 2586/3041/2619 2578/3036/2614
f 2579/3037/2615 2592/3046/2624 2591/3047/2625 2580/3038/2616
f 2578/3036/2614 2586/3041/2619 2592/3046/2624 2579/3037/2615
f 2620/3076/2654 2591/3047/2625 2589/3045/2623 2654/3152/2701
f 2609/3065/2643 2603/3084/2635 2602/3153/2638 2610/3066/2644
f 2600/3058/2636 2603/3057/2635 2626/3154/2661 2622/3078/2656
f 2595/3122/2630 2630/3121/2694 2629/3125/2696 2618/3128/2626
f 2634/3137/2702 2633/3155/2712 2619/3156/2653 2620/3138/2654
f 2933/3140/2704 2934/3142/2706 2636/3094/2671 2635/3093/2670
f 2940/3086/2663 2630/3121/2694 2649/3124/2695 2939/3157/2713
f 2941/3085/2662 2942/3158/2714 2650/3126/2697 2629/3125/2696
f 2942/3158/2714 2927/3159/2715 2651/3129/2698 2650/3126/2697
f 2927/3160/2715 2928/3161/2716 2652/3131/2699 2651/3134/2698
f 2928/3161/2716 2929/3162/2717 2653/3135/2700 2652/3131/2699
f 2929/3162/2717 2930/3090/2667 2634/3137/2702 2653/3135/2700
f 2633/3155/2712 2655/3163/2718 2604/3164/2639 2619/3156/2653
f 2655/3163/2718 2635/3093/2670 2621/3096/2655 2604/3164/2639
f 2636/3094/2671 2656/3147/2709 2614/3146/2649 2613/3095/2648
f 2936/3165/2719 2657/3144/2708 2656/3147/2709 2935/3141/2705
f 2937/3166/2720 2658/3148/2710 2657/3144/2708 2936/3165/2719
f 2938/3167/2721 2659/3150/2711 2658/3148/2710 2937/3166/2720
f 2939/3157/2713 2649/3124/2695 2659/3150/2711 2938/3167/2721
f 2560/3050/2628 2559/3021/2599 2557/3018/2596 2558/3019/2597
f 2561/3022/2600 2564/3024/2602 2563/3023/2601 2562/3020/2598
f 2589/3045/2623 2590/3044/2622 2606/3168/2722 2654/3152/2701
f 2606/3168/2722 2607/3081/2659 2623/3080/2658 2654/3152/2701
f 2625/3169/2657 2624/3170/2660 2617/3074/2652 2616/3073/2651
f 2665/3171/2723 2839/3172/2724 2838/3173/2725 2664/3174/2726
f 2664/3174/2726 2838/3173/2725 2837/3175/2727 2663/3176/2728
f 2845/3177/2729 2844/3178/2730 2675/3179/2731 2666/3180/2732
f 2844/3178/2730 2843/3181/2733 2674/3182/2734 2675/3179/2731
f 2843/3181/2733 2842/3183/2735 2673/3184/2736 2674/3182/2734
f 2671/3185/2737 2840/3186/2738 2839/3172/2724 2665/3171/2723
f 2853/3187/2739 2854/3188/2740 2683/3189/2741 2682/3190/2742
f 2852/3191/2743 2853/3187/2739 2682/3190/2742 2681/3192/2744
f 2688/3193/2745 2859/3194/2746 2860/3195/2747 2689/3196/2748
f 2687/3197/2749 2858/3198/2750 2859/3194/2746 2688/3193/2745
f 2686/3199/2751 2857/3200/2752 2858/3198/2750 2687/3197/2749
f 2854/3188/2740 2855/3201/2753 2684/3202/2754 2683/3189/2741
f 2750/3203/2755 2749/3204/2756 2435/2830/2432 2430/2829/2431
f 2748/3205/2757 2747/3206/2758 2550/2833/2435 2436/2832/2434
f 2763/3207/2759 2762/3208/2760 2453/2855/2457 2452/2858/2460
f 2762/3208/2760 2761/3209/2761 2455/2859/2461 2453/2855/2457
f 2761/3209/2761 2760/3210/2762 2457/2861/2463 2455/2859/2461
f 2752/3211/2763 2751/3212/2764 2431/2828/2430 2692/2889/2491
f 2755/3213/2765 2754/3214/2766 2694/2894/2496 2698/2893/2495
f 2754/3214/2766 2753/3215/2767 2693/2891/2493 2694/2894/2496
f 2757/3216/2768 2756/3217/2769 2695/2899/2501 2696/2898/2500
f 2759/3218/2770 2758/3219/2771 2697/2903/2505 2477/2904/2506
f 2756/3217/2769 2755/3220/2765 2698/2986/2495 2695/2899/2501
f 2745/3221/2772 2744/3222/2773 2542/3005/2583 2547/3009/2587
f 2747/3206/2758 2746/3223/2774 2699/3010/2588 2550/2833/2435
f 2764/3224/2775 2763/3207/2759 2452/2858/2460 2700/3027/2605
f 2765/3225/2776 2764/3224/2775 2700/3027/2605 2571/3029/2607
f 2766/3226/2777 2765/3225/2776 2571/3029/2607 2573/3031/2609
f 2743/3227/2778 2742/3228/2779 2597/3054/2632 2543/3006/2584
f 2740/3229/2780 2739/3230/2781 2602/3060/2638 2601/3059/2637
f 2740/3229/2780 2601/3059/2637 2598/3055/2633 2741/3231/2782
f 2738/3232/2783 2737/3233/2784 2701/3063/2641 2610/3066/2644
f 2736/3234/2785 2735/3235/2786 2702/3069/2647 2611/3067/2645
f 2739/3236/2781 2738/3232/2783 2610/3066/2644 2602/3153/2638
f 2751/3212/2764 2750/3203/2755 2430/2829/2431 2431/2828/2430
f 2749/3204/2756 2748/3205/2757 2436/2832/2434 2435/2830/2432
f 2753/3215/2767 2752/3211/2763 2692/2889/2491 2693/2891/2493
f 2757/3216/2768 2696/2898/2500 2697/2903/2505 2758/3219/2771
f 2760/3210/2762 2759/3218/2770 2477/2904/2506 2457/2861/2463
f 2744/3222/2773 2743/3227/2778 2543/3006/2584 2542/3005/2583
f 2746/3223/2774 2745/3221/2772 2547/3009/2587 2699/3010/2588
f 2742/3228/2779 2741/3231/2782 2598/3055/2633 2597/3054/2632
f 2737/3233/2784 2736/3234/2785 2611/3067/2645 2701/3063/2641
f 2735/3235/2786 2766/3226/2777 2573/3031/2609 2702/3069/2647
f 2750/3203/2755 2703/3237/2787 2705/3238/2788 2749/3204/2756
f 2748/3205/2757 2706/3239/2789 2715/3240/2790 2747/3206/2758
f 2763/3207/2759 2803/3241/2791 2708/3242/2792 2762/3208/2760
f 2762/3208/2760 2708/3242/2792 2709/3243/2793 2761/3209/2761
f 2761/3209/2761 2709/3243/2793 2710/3244/2794 2760/3210/2762
f 2752/3211/2763 2820/3245/2795 2800/3246/2796 2751/3212/2764
f 2755/3213/2765 2826/3247/2797 2822/3248/2798 2754/3214/2766
f 2822/3248/2798 2821/3249/2799 2753/3215/2767 2754/3214/2766
f 2757/3216/2768 2824/3250/2800 2727/3251/2801 2756/3217/2769
f 2759/3218/2770 2711/3252/2802 2729/3253/2803 2758/3219/2771
f 2756/3217/2769 2727/3251/2801 2826/3254/2797 2755/3220/2765
f 2745/3221/2772 2810/3255/2804 2808/3256/2805 2744/3222/2773
f 2747/3206/2758 2715/3240/2790 2827/3257/2806 2746/3223/2774
f 2764/3224/2775 2828/3258/2807 2803/3241/2791 2763/3207/2759
f 2765/3225/2776 2716/3259/2808 2828/3258/2807 2764/3224/2775
f 2766/3226/2777 2813/3260/2809 2716/3259/2808 2765/3225/2776
f 2743/3227/2778 2713/3261/2810 2718/3262/2811 2742/3228/2779
f 2740/3229/2780 2720/3263/2812 2721/3264/2813 2739/3230/2781
f 2741/3231/2782 2719/3265/2814 2720/3263/2812 2740/3229/2780
f 2738/3232/2783 2722/3266/2815 2733/3267/2816 2737/3233/2784
f 2736/3234/2785 2723/3268/2817 2830/3269/2818 2735/3235/2786
f 2739/3236/2781 2721/3270/2813 2722/3266/2815 2738/3232/2783
f 2751/3212/2764 2800/3246/2796 2703/3237/2787 2750/3203/2755
f 2749/3204/2756 2705/3238/2788 2706/3239/2789 2748/3205/2757
f 2753/3215/2767 2821/3249/2799 2820/3245/2795 2752/3211/2763
f 2758/3219/2771 2729/3253/2803 2824/3250/2800 2757/3216/2768
f 2760/3210/2762 2710/3244/2794 2711/3252/2802 2759/3218/2770
f 2744/3222/2773 2808/3256/2805 2713/3261/2810 2743/3227/2778
f 2746/3223/2774 2827/3257/2806 2810/3255/2804 2745/3221/2772
f 2742/3228/2779 2718/3262/2811 2719/3265/2814 2741/3231/2782
f 2733/3267/2816 2723/3268/2817 2736/3234/2785 2737/3233/2784
f 2735/3235/2786 2830/3269/2818 2813/3260/2809 2766/3226/2777
f 2769/3271/2819 2801/3272/2820 2799/3273/2821 2767/3274/2822
f 2779/3275/2823 2811/3276/2824 2802/3277/2825 2770/3278/2826
f 2772/3279/2827 2804/3280/2828 2707/3281/2829 2771/3282/2830
f 2773/3283/2831 2805/3284/2832 2804/3280/2828 2772/3279/2827
f 2774/3285/2833 2806/3286/2834 2805/3284/2832 2773/3283/2831
f 2768/3287/2835 2704/3288/2836 2724/3289/2837 2788/3290/2838
f 2790/3291/2839 2726/3292/2840 2730/3293/2841 2794/3294/2842
f 2789/3295/2843 2725/3296/2844 2726/3292/2840 2790/3291/2839
f 2791/3297/2845 2823/3298/2846 2728/3299/2847 2792/3300/2848
f 2793/3301/2849 2825/3302/2850 2807/3303/2851 2775/3304/2852
f 2794/3305/2842 2730/3306/2841 2823/3298/2846 2791/3297/2845
f 2776/3307/2853 2712/3308/2854 2714/3309/2855 2778/3310/2856
f 2795/3311/2857 2731/3312/2858 2811/3276/2824 2779/3275/2823
f 2771/3282/2830 2707/3281/2829 2732/3313/2859 2796/3314/2860
f 2796/3314/2860 2732/3313/2859 2812/3315/2861 2780/3316/2862
f 2780/3316/2862 2812/3315/2861 2717/3317/2863 2781/3318/2864
f 2782/3319/2865 2814/3320/2866 2809/3321/2867 2777/3322/2868
f 2785/3323/2869 2817/3324/2870 2816/3325/2871 2784/3326/2872
f 2784/3326/2872 2816/3325/2871 2815/3327/2873 2783/3328/2874
f 2797/3329/2875 2829/3330/2876 2818/3331/2877 2786/3332/2878
f 2798/3333/2879 2734/3334/2880 2819/3335/2881 2787/3336/2882
f 2786/3332/2878 2818/3331/2877 2817/3337/2870 2785/3338/2869
f 2767/3274/2822 2799/3273/2821 2704/3288/2836 2768/3287/2835
f 2770/3278/2826 2802/3277/2825 2801/3272/2820 2769/3271/2819
f 2788/3290/2838 2724/3289/2837 2725/3296/2844 2789/3295/2843
f 2792/3300/2848 2728/3299/2847 2825/3302/2850 2793/3301/2849
f 2775/3304/2852 2807/3303/2851 2806/3286/2834 2774/3285/2833
f 2777/3322/2868 2809/3321/2867 2712/3308/2854 2776/3307/2853
f 2778/3310/2856 2714/3309/2855 2731/3312/2858 2795/3311/2857
f 2783/3328/2874 2815/3327/2873 2814/3320/2866 2782/3319/2865
f 2787/3336/2882 2819/3335/2881 2829/3330/2876 2797/3329/2875
f 2781/3318/2864 2717/3317/2863 2734/3334/2880 2798/3333/2879
f 2671/3185/2737 2672/3339/2883 2841/3340/2884 2840/3186/2738
f 2672/3339/2883 2673/3184/2736 2842/3183/2735 2841/3340/2884
f 2833/3341/2885 2669/3342/2886 2670/3343/2887 2834/3344/2888
f 2834/3344/2888 2670/3343/2887 2661/3345/2889 2835/3346/2890
f 2836/3347/2891 2662/3348/2892 2663/3176/2728 2837/3175/2727
f 2835/3346/2890 2661/3345/2889 2662/3348/2892 2836/3347/2891
f 2832/3349/2893 2660/3350/2894 2669/3342/2886 2833/3341/2885
f 2668/3351/2895 2660/3350/2894 2832/3349/2893 2831/3352/2896
f 2667/3353/2897 2668/3351/2895 2831/3352/2896 2846/3354/2898
f 2666/3180/2732 2667/3355/2897 2846/3356/2898 2845/3177/2729
f 2871/3357/2899 2904/3358/2900 2903/3359/2901 2870/3360/2902
f 2870/3360/2902 2903/3359/2901 2902/3107/2682 2869/3361/2903
f 2910/3117/2692 2909/3362/2904 2876/3363/2905 2877/3364/2906
f 2909/3362/2904 2908/3365/2907 2875/3366/2908 2876/3363/2905
f 2908/3365/2907 2907/3101/2676 2874/3367/2909 2875/3366/2908
f 2872/3368/2910 2905/3098/2673 2904/3358/2900 2871/3357/2899
f 2856/3369/2911 2685/3370/2912 2684/3202/2754 2855/3201/2753
f 2857/3200/2752 2686/3199/2751 2685/3370/2912 2856/3369/2911
f 2678/3371/2913 2677/3372/2914 2848/3373/2915 2849/3374/2916
f 2679/3375/2917 2678/3371/2913 2849/3374/2916 2850/3376/2918
f 2681/3192/2744 2680/3377/2919 2851/3378/2920 2852/3191/2743
f 2680/3377/2919 2679/3375/2917 2850/3376/2918 2851/3378/2920
f 2677/3372/2914 2676/3379/2921 2847/3380/2922 2848/3373/2915
f 2847/3380/2922 2676/3379/2921 2691/3381/2923 2862/3382/2924
f 2862/3382/2924 2691/3381/2923 2690/3383/2925 2861/3384/2926
f 2861/3384/2926 2690/3383/2925 2689/3385/2748 2860/3386/2747
f 2917/3387/2927 2918/3388/2928 2886/3389/2929 2885/3390/2930
f 2916/2942/2541 2917/3387/2927 2885/3390/2930 2884/3391/2931
f 2891/3392/2932 2923/3393/2933 2924/3394/2551 2892/3395/2934
f 2890/3396/2935 2922/3397/2936 2923/3393/2933 2891/3392/2932
f 2889/3398/2937 2921/2937/2536 2922/3397/2936 2890/3396/2935
f 2918/3388/2928 2919/2933/2532 2887/3399/2938 2886/3389/2929
f 2905/3098/2673 2872/3368/2910 2873/3400/2939 2906/3099/2674
f 2873/3400/2939 2874/3367/2909 2907/3101/2676 2906/3099/2674
f 2898/3104/2679 2865/3401/2940 2866/3402/2941 2899/3103/2678
f 2899/3103/2678 2866/3402/2941 2867/3403/2942 2900/3105/2680
f 2901/3110/2685 2868/3404/2943 2869/3361/2903 2902/3107/2682
f 2900/3105/2680 2867/3403/2942 2868/3404/2943 2901/3110/2685
f 2897/3111/2686 2864/3405/2944 2865/3401/2940 2898/3104/2679
f 2863/3406/2945 2864/3405/2944 2897/3111/2686 2896/3113/2688
f 2878/3407/2946 2863/3406/2945 2896/3113/2688 2895/3115/2690
f 2877/3364/2906 2878/3408/2946 2895/3118/2690 2910/3117/2692
f 2904/3358/2900 2643/3409/2947 2644/3143/2707 2903/3359/2901
f 2903/3359/2901 2644/3143/2707 2642/3108/2683 2902/3107/2682
f 2648/3120/2693 2628/3088/2665 2909/3362/2904 2910/3117/2692
f 2628/3088/2665 2627/3087/2664 2908/3365/2907 2909/3362/2904
f 2627/3087/2664 2639/3102/2677 2907/3101/2676 2908/3365/2907
f 2905/3098/2673 2638/3097/2672 2643/3409/2947 2904/3358/2900
f 2888/3410/2948 2887/3399/2938 2919/2933/2532 2920/2932/2531
f 2921/2937/2536 2889/3398/2937 2888/3410/2948 2920/2932/2531
f 2881/3411/2949 2880/3412/2950 2912/2939/2538 2913/2938/2537
f 2882/3413/2951 2881/3411/2949 2913/2938/2537 2914/2940/2539
f 2884/3391/2931 2883/3414/2952 2915/2943/2542 2916/2942/2541
f 2883/3414/2952 2882/3413/2951 2914/2940/2539 2915/2943/2542
f 2880/3412/2950 2879/3415/2953 2911/2946/2545 2912/2939/2538
f 2911/2946/2545 2879/3415/2953 2894/3416/2954 2926/2948/2547
f 2926/2948/2547 2894/3416/2954 2893/3417/2955 2925/2950/2549
f 2925/2950/2549 2893/3417/2955 2892/3418/2934 2924/2952/2551
f 2504/2975/2565 2505/3419/2956 2918/3388/2928 2917/3387/2927
f 2503/2945/2544 2504/2975/2565 2917/3387/2927 2916/2942/2541
f 2923/3393/2933 2494/2921/2522 2495/3420/2552 2924/3394/2551
f 2922/3397/2936 2493/2922/2523 2494/2921/2522 2923/3393/2933
f 2921/2937/2536 2492/2936/2535 2493/2922/2523 2922/3397/2936
f 2505/3419/2956 2506/2934/2533 2919/2933/2532 2918/3388/2928
f 2941/3085/2662 2629/3125/2696 2630/3121/2694 2940/3086/2663
f 2633/3155/2712 2634/3137/2702 2930/3090/2667 2931/3089/2666
f 2655/3163/2718 2633/3155/2712 2931/3089/2666 2932/3139/2703
f 2635/3093/2670 2655/3163/2718 2932/3139/2703 2933/3140/2704
f 2935/3141/2705 2656/3147/2709 2636/3094/2671 2934/3142/2706
f 2641/3109/2684 2642/3108/2683 2934/3142/2706 2933/3140/2704
f 2939/3157/2713 2639/3102/2677 2627/3087/2664 2940/3086/2663
f 2628/3088/2665 2648/3120/2693 2942/3158/2714 2941/3085/2662
f 2648/3120/2693 2647/3119/2691 2927/3159/2715 2942/3158/2714
f 2647/3116/2691 2646/3114/2689 2928/3161/2716 2927/3160/2715
f 2646/3114/2689 2645/3112/2687 2929/3162/2717 2928/3161/2716
f 2645/3112/2687 2631/3091/2668 2930/3090/2667 2929/3162/2717
f 2935/3141/2705 2644/3143/2707 2643/3409/2947 2936/3165/2719
f 2936/3165/2719 2643/3409/2947 2638/3097/2672 2937/3166/2720
f 2638/3097/2672 2637/3100/2675 2938/3167/2721 2937/3166/2720
f 2637/3100/2675 2639/3102/2677 2939/3157/2713 2938/3167/2721
f 2514/2954/2553 2513/2958/2555 2946/2920/2521 2947/2923/2524
f 2957/2927/2528 2524/2970/2561 2523/2989/2571 2956/2924/2525
f 2956/2924/2525 2523/2989/2571 2522/2997/2577 2955/2972/2562
f 2955/2972/2562 2522/2997/2577 2521/2928/2529 2954/2973/2563
f 2520/2931/2530 2519/2978/2568 2952/2974/2564 2953/2976/2566
f 2953/2976/2566 2503/2945/2544 2502/2944/2543 2954/2973/2563
f 2947/2923/2524 2493/2922/2523 2492/2936/2535 2948/2990/2572
f 2945/2991/2573 2495/3420/2552 2494/2921/2522 2946/2920/2521
f 2944/2992/2574 2496/2951/2550 2495/2953/2552 2945/2993/2573
f 2943/2994/2575 2497/2949/2548 2496/2951/2550 2944/2992/2574
f 2958/2995/2576 2498/2947/2546 2497/2949/2548 2943/2994/2575
f 2499/2926/2527 2498/2947/2546 2958/2995/2576 2957/2927/2528
f 2505/3419/2956 2504/2975/2565 2952/2974/2564 2951/2998/2578
f 2950/2999/2579 2506/2934/2533 2505/3419/2956 2951/2998/2578
f 2949/3000/2580 2507/2935/2534 2506/2934/2533 2950/2999/2579
f 2948/2990/2572 2492/2936/2535 2507/2935/2534 2949/3000/2580
f 2001/2250/1920 2002/2249/1919 2967/3421/2957 2959/3422/2958
f 2959/3422/2958 2967/3421/2957 2531/3423/2448 2530/3424/2447
f 2036/2253/1923 2000/2252/1922 2968/3425/2959 2960/3426/2960
f 2960/3426/2960 2968/3425/2959 2529/3427/2451 2565/3428/2450
f 2011/2278/1946 2012/2277/1945 2974/3429/2961 2961/3430/2962
f 2961/3430/2962 2974/3429/2961 2541/3431/2474 2540/3432/2473
f 2010/2282/1950 2011/2278/1946 2961/3430/2962 2962/3433/2963
f 2962/3433/2963 2961/3430/2962 2540/3432/2473 2539/3434/2479
f 2009/2284/1952 2010/2282/1950 2962/3433/2963 2963/3435/2964
f 2963/3435/2964 2962/3433/2963 2539/3434/2479 2538/3436/2481
f 2003/2289/1957 2004/2288/1956 2965/3437/2965 2964/3438/2966
f 2964/3438/2966 2965/3437/2965 2533/3439/2486 2532/3440/2485
f 2004/2288/1956 2005/2314/1982 2971/3441/2967 2965/3437/2965
f 2965/3437/2965 2971/3441/2967 2534/3442/2510 2533/3439/2486
f 2006/2320/1988 2007/2319/1987 2970/3443/2968 2966/3444/2969
f 2966/3444/2969 2970/3443/2968 2536/3445/2518 2535/3446/2517
f 2002/2249/1919 2003/2289/1957 2964/3438/2966 2967/3421/2957
f 2967/3421/2957 2964/3438/2966 2532/3440/2485 2531/3423/2448
f 2000/2252/1922 2001/2250/1920 2959/3422/2958 2968/3425/2959
f 2968/3425/2959 2959/3422/2958 2530/3424/2447 2529/3427/2451
f 2008/2406/2052 2009/2284/1952 2963/3435/2964 2969/3447/2970
f 2969/3447/2970 2963/3435/2964 2538/3436/2481 2537/3448/2581
f 2007/2319/1987 2008/2406/2052 2969/3447/2970 2970/3443/2968
f 2970/3443/2968 2969/3447/2970 2537/3448/2581 2536/3445/2518
f 2005/2407/1982 2006/2320/1988 2966/3444/2969 2971/3449/2967
f 2971/3449/2967 2966/3444/2969 2535/3446/2517 2534/3450/2510
f 2030/2425/2069 2032/2427/2071 2981/3451/2971 2972/3452/2972
f 2972/3452/2972 2981/3451/2971 2561/3453/2600 2559/3454/2599
f 2035/2428/2072 2036/2253/1923 2960/3426/2960 2973/3455/2973
f 2973/3455/2973 2960/3426/2960 2565/3428/2450 2564/3456/2602
f 2012/2277/1945 2055/2445/2089 2975/3457/2974 2974/3429/2961
f 2974/3429/2961 2975/3457/2974 2584/3458/2617 2541/3431/2474
f 2055/2445/2089 2059/2448/2092 2976/3459/2975 2975/3457/2974
f 2975/3457/2974 2976/3459/2975 2588/3460/2620 2584/3458/2617
f 2059/2448/2092 2061/2450/2094 2982/3461/2976 2976/3459/2975
f 2976/3459/2975 2982/3461/2976 2590/3462/2622 2588/3460/2620
f 2064/2453/2097 2031/2455/2099 2980/3463/2977 2977/3464/2978
f 2977/3464/2978 2980/3463/2977 2560/3465/2628 2593/3466/2627
f 2088/2479/2123 2064/2453/2097 2977/3464/2978 2978/3467/2979
f 2978/3467/2979 2977/3464/2978 2593/3466/2627 2617/3468/2652
f 2078/2484/2128 2095/2487/2131 2984/3469/2980 2979/3470/2981
f 2979/3470/2981 2984/3469/2980 2624/3471/2660 2607/3472/2659
f 2031/2455/2099 2030/2425/2069 2972/3452/2972 2980/3463/2977
f 2980/3463/2977 2972/3452/2972 2559/3454/2599 2560/3465/2628
f 2032/2427/2071 2035/2428/2072 2973/3455/2973 2981/3451/2971
f 2981/3451/2971 2973/3455/2973 2564/3456/2602 2561/3453/2600
f 2061/2450/2094 2077/2573/2193 2983/3473/2982 2982/3461/2976
f 2982/3461/2976 2983/3473/2982 2606/3474/2722 2590/3462/2622
f 2077/2573/2193 2078/2484/2128 2979/3470/2981 2983/3473/2982
f 2983/3473/2982 2979/3470/2981 2607/3472/2659 2606/3474/2722
f 2095/2574/2131 2088/2479/2123 2978/3467/2979 2984/3475/2980
f 2984/3475/2980 2978/3467/2979 2617/3468/2652 2624/3476/2660
f 2310/2577/2195 2309/2576/2194 2987/3477/2983 2985/3478/2984
f 2985/3478/2984 2987/3477/2983 2838/3479/2725 2839/3480/2724
f 2135/2579/2197 2136/2578/2196 2996/3481/2985 2986/3482/2986
f 2986/3482/2986 2996/3481/2985 2665/3483/2723 2664/3484/2726
f 2309/2576/2194 2308/2580/2198 3114/3485/2987 2987/3477/2983
f 2987/3477/2983 3114/3485/2987 2837/3486/2727 2838/3479/2725
f 2134/2581/2199 2135/2579/2197 2986/3482/2986 2988/3487/2988
f 2988/3487/2988 2986/3482/2986 2664/3484/2726 2663/3488/2728
f 2316/2584/2202 2315/2583/2201 2991/3489/2989 2989/3490/2990
f 2989/3490/2990 2991/3489/2989 2844/3491/2730 2845/3492/2729
f 2146/2582/2200 2137/2585/2203 3123/3493/2991 2990/3494/2992
f 2990/3494/2992 3123/3493/2991 2666/3495/2732 2675/3496/2731
f 2315/2583/2201 2314/2587/2205 2993/3497/2993 2991/3489/2989
f 2991/3489/2989 2993/3497/2993 2843/3498/2733 2844/3491/2730
f 2145/2586/2204 2146/2582/2200 2990/3494/2992 2992/3499/2994
f 2992/3499/2994 2990/3494/2992 2675/3496/2731 2674/3500/2734
f 2314/2587/2205 2313/2589/2207 3108/3501/2995 2993/3497/2993
f 2993/3497/2993 3108/3501/2995 2842/3502/2735 2843/3498/2733
f 2144/2588/2206 2145/2586/2204 2992/3499/2994 2994/3503/2996
f 2994/3503/2996 2992/3499/2994 2674/3500/2734 2673/3504/2736
f 2311/2590/2208 2310/2577/2195 2985/3478/2984 2995/3505/2997
f 2995/3505/2997 2985/3478/2984 2839/3480/2724 2840/3506/2738
f 2136/2578/2196 2142/2591/2209 3105/3507/2998 2996/3481/2985
f 2996/3481/2985 3105/3507/2998 2671/3508/2737 2665/3483/2723
f 2324/2594/2212 2325/2593/2211 3007/3509/2999 2997/3510/3000
f 2997/3510/3000 3007/3509/2999 2854/3511/2740 2853/3512/2739
f 2154/2592/2210 2153/2595/2213 3000/3513/3001 2998/3514/3002
f 2998/3514/3002 3000/3513/3001 2682/3515/2742 2683/3516/2741
f 2323/2596/2214 2324/2594/2212 2997/3510/3000 2999/3517/3003
f 2999/3517/3003 2997/3510/3000 2853/3512/2739 2852/3518/2743
f 2153/2595/2213 2152/2597/2215 3139/3519/3004 3000/3513/3001
f 3000/3513/3001 3139/3519/3004 2681/3520/2744 2682/3515/2742
f 2330/2599/2217 2331/2598/2216 3150/3521/3005 3001/3522/3006
f 3001/3522/3006 3150/3521/3005 2860/3523/2747 2859/3524/2746
f 2160/2601/2219 2159/2600/2218 3004/3525/3007 3002/3526/3008
f 3002/3526/3008 3004/3525/3007 2688/3527/2745 2689/3528/2748
f 2329/2602/2220 2330/2599/2217 3001/3522/3006 3003/3529/3009
f 3003/3529/3009 3001/3522/3006 2859/3524/2746 2858/3530/2750
f 2159/2600/2218 2158/2603/2221 3006/3531/3010 3004/3525/3007
f 3004/3525/3007 3006/3531/3010 2687/3532/2749 2688/3527/2745
f 2328/2604/2222 2329/2602/2220 3003/3529/3009 3005/3533/3011
f 3005/3533/3011 3003/3529/3009 2858/3530/2750 2857/3534/2752
f 2158/2603/2221 2157/2605/2223 3133/3535/3012 3006/3531/3010
f 3006/3531/3010 3133/3535/3012 2686/3536/2751 2687/3532/2749
f 2325/2593/2211 2326/2607/2225 3132/3537/3013 3007/3509/2999
f 3007/3509/2999 3132/3537/3013 2855/3538/2753 2854/3511/2740
f 2155/2606/2224 2154/2592/2210 2998/3514/3002 3008/3539/3014
f 3008/3539/3014 2998/3514/3002 2683/3516/2741 2684/3540/2754
f 2174/2643/2259 2176/2642/2258 3032/3541/3015 3009/3542/3016
f 3009/3542/3016 3032/3541/3015 2705/3543/2788 2703/3544/2787
f 2177/2645/2261 2186/2644/2260 3021/3545/3017 3010/3546/3018
f 3010/3546/3018 3021/3545/3017 2715/3547/2790 2706/3548/2789
f 2274/2647/2263 2179/2646/2262 3012/3549/3019 3011/3550/3020
f 3011/3550/3020 3012/3549/3019 2708/3551/2792 2803/3552/2791
f 2179/2646/2262 2180/2648/2264 3013/3553/3021 3012/3549/3019
f 3012/3549/3019 3013/3553/3021 2709/3554/2793 2708/3551/2792
f 2180/2648/2264 2181/2649/2265 3035/3555/3022 3013/3553/3021
f 3013/3553/3021 3035/3555/3022 2710/3556/2794 2709/3554/2793
f 2291/2651/2267 2271/2650/2266 3031/3557/3023 3014/3558/3024
f 3014/3558/3024 3031/3557/3023 2800/3559/2796 2820/3560/2795
f 2297/2653/2269 2293/2652/2268 3016/3561/3025 3015/3562/3026
f 3015/3562/3026 3016/3561/3025 2822/3563/2798 2826/3564/2797
f 2293/2652/2268 2292/2654/2270 3033/3565/3027 3016/3561/3025
f 3016/3561/3025 3033/3565/3027 2821/3566/2799 2822/3563/2798
f 2295/2656/2272 2198/2655/2271 3019/3567/3028 3017/3568/3029
f 3017/3568/3029 3019/3567/3028 2727/3569/2801 2824/3570/2800
f 2182/2658/2274 2200/2657/2273 3034/3571/3030 3018/3572/3031
f 3018/3572/3031 3034/3571/3030 2729/3573/2803 2711/3574/2802
f 2198/2655/2271 2297/2659/2269 3015/3575/3026 3019/3567/3028
f 3019/3567/3028 3015/3575/3026 2826/3576/2797 2727/3569/2801
f 2281/2661/2276 2279/2660/2275 3036/3577/3032 3020/3578/3033
f 3020/3578/3033 3036/3577/3032 2808/3579/2805 2810/3580/2804
f 2186/2644/2260 2298/2662/2277 3037/3581/3034 3021/3545/3017
f 3021/3545/3017 3037/3581/3034 2827/3582/2806 2715/3547/2790
f 2299/2663/2278 2274/2647/2263 3011/3550/3020 3022/3583/3035
f 3022/3583/3035 3011/3550/3020 2803/3552/2791 2828/3584/2807
f 2187/2664/2279 2299/2663/2278 3022/3583/3035 3023/3585/3036
f 3023/3585/3036 3022/3583/3035 2828/3584/2807 2716/3586/2808
f 2284/2665/2280 2187/2664/2279 3023/3585/3036 3024/3587/3037
f 3024/3587/3037 3023/3585/3036 2716/3586/2808 2813/3588/2809
f 2184/2667/2282 2189/2666/2281 3038/3589/3038 3025/3590/3039
f 3025/3590/3039 3038/3589/3038 2718/3591/2811 2713/3592/2810
f 2191/2669/2284 2192/2668/2283 3030/3593/3040 3026/3594/3041
f 3026/3594/3041 3030/3593/3040 2721/3595/2813 2720/3596/2812
f 2190/2670/2285 2191/2669/2284 3026/3594/3041 3027/3597/3042
f 3027/3597/3042 3026/3594/3041 2720/3596/2812 2719/3598/2814
f 2193/2672/2287 2204/2671/2286 3039/3599/3043 3028/3600/3044
f 3028/3600/3044 3039/3599/3043 2733/3601/2816 2722/3602/2815
f 2194/2674/2289 2301/2673/2288 3040/3603/3045 3029/3604/3046
f 3029/3604/3046 3040/3603/3045 2830/3605/2818 2723/3606/2817
f 2192/2675/2283 2193/2672/2287 3028/3600/3044 3030/3607/3040
f 3030/3607/3040 3028/3600/3044 2722/3602/2815 2721/3608/2813
f 2271/2650/2266 2174/2643/2259 3009/3542/3016 3031/3557/3023
f 3031/3557/3023 3009/3542/3016 2703/3544/2787 2800/3559/2796
f 2176/2642/2258 2177/2645/2261 3010/3546/3018 3032/3541/3015
f 3032/3541/3015 3010/3546/3018 2706/3548/2789 2705/3543/2788
f 2292/2654/2270 2291/2651/2267 3014/3558/3024 3033/3565/3027
f 3033/3565/3027 3014/3558/3024 2820/3560/2795 2821/3566/2799
f 2200/2657/2273 2295/2656/2272 3017/3568/3029 3034/3571/3030
f 3034/3571/3030 3017/3568/3029 2824/3570/2800 2729/3573/2803
f 2181/2649/2265 2182/2658/2274 3018/3572/3031 3035/3555/3022
f 3035/3555/3022 3018/3572/3031 2711/3574/2802 2710/3556/2794
f 2279/2660/2275 2184/2667/2282 3025/3590/3039 3036/3577/3032
f 3036/3577/3032 3025/3590/3039 2713/3592/2810 2808/3579/2805
f 2298/2662/2277 2281/2661/2276 3020/3578/3033 3037/3581/3034
f 3037/3581/3034 3020/3578/3033 2810/3580/2804 2827/3582/2806
f 2189/2666/2281 2190/2670/2285 3027/3597/3042 3038/3589/3038
f 3038/3589/3038 3027/3597/3042 2719/3598/2814 2718/3591/2811
f 2204/2671/2286 2194/2674/2289 3029/3604/3046 3039/3599/3043
f 3039/3599/3043 3029/3604/3046 2723/3606/2817 2733/3601/2816
f 2301/2673/2288 2284/2665/2280 3024/3587/3037 3040/3603/3045
f 3040/3603/3045 3024/3587/3037 2813/3588/2809 2830/3605/2818
f 2272/2677/2291 2270/2676/2290 3085/3609/3047 3041/3610/3048
f 3041/3610/3048 3085/3609/3047 2799/3611/2821 2801/3612/2820
f 2238/2679/2293 2240/2678/2292 3088/3613/3049 3042/3614/3050
f 3042/3614/3050 3088/3613/3049 2769/3615/2819 2767/3616/2822
f 2282/2681/2295 2273/2680/2294 3087/3617/3051 3043/3618/3052
f 3043/3618/3052 3087/3617/3051 2802/3619/2825 2811/3620/2824
f 2241/2683/2297 2250/2682/2296 3066/3621/3053 3044/3622/3054
f 3044/3622/3054 3066/3621/3053 2779/3623/2823 2770/3624/2826
f 2275/2685/2299 2178/2684/2298 3067/3625/3055 3045/3626/3056
f 3045/3626/3056 3067/3625/3055 2707/3627/2829 2804/3628/2828
f 2242/2687/2301 2243/2686/2300 3048/3629/3057 3046/3630/3058
f 3046/3630/3058 3048/3629/3057 2772/3631/2827 2771/3632/2830
f 2276/2688/2302 2275/2685/2299 3045/3626/3056 3047/3633/3059
f 3047/3633/3059 3045/3626/3056 2804/3628/2828 2805/3634/2832
f 2243/2686/2300 2244/2689/2303 3050/3635/3060 3048/3629/3057
f 3048/3629/3057 3050/3635/3060 2773/3636/2831 2772/3631/2827
f 2277/2690/2304 2276/2688/2302 3047/3633/3059 3049/3637/3061
f 3049/3637/3061 3047/3633/3059 2805/3634/2832 2806/3638/2834
f 2244/2689/2303 2245/2691/2305 3094/3639/3062 3050/3635/3060
f 3050/3635/3060 3094/3639/3062 2774/3640/2833 2773/3636/2831
f 2175/2693/2307 2195/2692/2306 3089/3641/3063 3051/3642/3064
f 3051/3642/3064 3089/3641/3063 2724/3643/2837 2704/3644/2836
f 2259/2695/2309 2239/2694/2308 3086/3645/3065 3052/3646/3066
f 3052/3646/3066 3086/3645/3065 2768/3647/2835 2788/3648/2838
f 2197/2697/2311 2201/2696/2310 3061/3649/3067 3053/3650/3068
f 3053/3650/3068 3061/3649/3067 2730/3651/2841 2726/3652/2840
f 2265/2699/2313 2261/2698/2312 3056/3653/3069 3054/3654/3070
f 3054/3654/3070 3056/3653/3069 2790/3655/2839 2794/3656/2842
f 2196/2700/2314 2197/2697/2311 3053/3650/3068 3055/3657/3071
f 3055/3657/3071 3053/3650/3068 2726/3652/2840 2725/3658/2844
f 2261/2698/2312 2260/2701/2315 3090/3659/3072 3056/3653/3069
f 3056/3653/3069 3090/3659/3072 2789/3660/2843 2790/3655/2839
f 2294/2703/2317 2199/2702/2316 3091/3661/3073 3057/3662/3074
f 3057/3662/3074 3091/3661/3073 2728/3663/2847 2823/3664/2846
f 2263/2705/2319 2262/2704/2318 3062/3665/3075 3058/3666/3076
f 3058/3666/3076 3062/3665/3075 2791/3667/2845 2792/3668/2848
f 2296/2707/2321 2278/2706/2320 3093/3669/3077 3059/3670/3078
f 3059/3670/3078 3093/3669/3077 2807/3671/2851 2825/3672/2850
f 2246/2709/2323 2264/2708/2322 3092/3673/3079 3060/3674/3080
f 3060/3674/3080 3092/3673/3079 2793/3675/2849 2775/3676/2852
f 2201/2710/2310 2294/2703/2317 3057/3662/3074 3061/3677/3067
f 3061/3677/3067 3057/3662/3074 2823/3664/2846 2730/3678/2841
f 2262/2704/2318 2265/2711/2313 3054/3679/3070 3062/3665/3075
f 3062/3665/3075 3054/3679/3070 2794/3680/2842 2791/3667/2845
f 2183/2713/2325 2185/2712/2324 3097/3681/3081 3063/3682/3082
f 3063/3682/3082 3097/3681/3081 2714/3683/2855 2712/3684/2854
f 2249/2715/2327 2247/2714/2326 3096/3685/3083 3064/3686/3084
f 3064/3686/3084 3096/3685/3083 2776/3687/2853 2778/3688/2856
f 2202/2716/2328 2282/2681/2295 3043/3618/3052 3065/3689/3085
f 3065/3689/3085 3043/3618/3052 2811/3620/2824 2731/3690/2858
f 2250/2682/2296 2266/2717/2329 3098/3691/3086 3066/3621/3053
f 3066/3621/3053 3098/3691/3086 2795/3692/2857 2779/3623/2823
f 2178/2684/2298 2203/2718/2330 3069/3693/3087 3067/3625/3055
f 3067/3625/3055 3069/3693/3087 2732/3694/2859 2707/3627/2829
f 2267/2719/2331 2242/2687/2301 3046/3630/3058 3068/3695/3088
f 3068/3695/3088 3046/3630/3058 2771/3632/2830 2796/3696/2860
f 2203/2718/2330 2283/2720/2332 3071/3697/3089 3069/3693/3087
f 3069/3693/3087 3071/3697/3089 2812/3698/2861 2732/3694/2859
f 2251/2721/2333 2267/2719/2331 3068/3695/3088 3070/3699/3090
f 3070/3699/3090 3068/3695/3088 2796/3696/2860 2780/3700/2862
f 2283/2720/2332 2188/2722/2334 3103/3701/3061 3071/3697/3089
f 3071/3697/3089 3103/3701/3061 2717/3702/2863 2812/3698/2861
f 2252/2723/2335 2251/2721/2333 3070/3699/3090 3072/3703/3062
f 3072/3703/3062 3070/3699/3090 2780/3700/2862 2781/3704/2864
f 2285/2725/2337 2280/2724/2336 3095/3705/3091 3073/3706/3092
f 3073/3706/3092 3095/3705/3091 2809/3707/2867 2814/3708/2866
f 2248/2727/2339 2253/2726/2338 3100/3709/3093 3074/3710/3094
f 3074/3710/3094 3100/3709/3093 2782/3711/2865 2777/3712/2868
f 2288/2729/2341 2287/2728/2340 3077/3713/3095 3075/3714/3096
f 3075/3714/3096 3077/3713/3095 2816/3715/2871 2817/3716/2870
f 2255/2731/2343 2256/2730/2342 3084/3717/3097 3076/3718/3098
f 3076/3718/3098 3084/3717/3097 2785/3719/2869 2784/3720/2872
f 2287/2728/2340 2286/2732/2344 3099/3721/3099 3077/3713/3095
f 3077/3713/3095 3099/3721/3099 2815/3722/2873 2816/3715/2871
f 2254/2733/2345 2255/2731/2343 3076/3718/3098 3078/3723/3100
f 3078/3723/3100 3076/3718/3098 2784/3720/2872 2783/3724/2874
f 2300/2735/2347 2289/2734/2346 3083/3725/3074 3079/3726/3101
f 3079/3726/3101 3083/3725/3074 2818/3727/2877 2829/3728/2876
f 2257/2737/2349 2268/2736/2348 3102/3729/3102 3080/3730/3075
f 3080/3730/3075 3102/3729/3102 2797/3731/2875 2786/3732/2878
f 2205/2739/2351 2290/2738/2350 3101/3733/3103 3081/3734/3104
f 3081/3734/3104 3101/3733/3103 2819/3735/2881 2734/3736/2880
f 2258/2741/2353 2269/2740/2352 3104/3737/3105 3082/3738/3106
f 3082/3738/3106 3104/3737/3105 2798/3739/2879 2787/3740/2882
f 2289/2734/2346 2288/2742/2341 3075/3741/3096 3083/3725/3074
f 3083/3725/3074 3075/3741/3096 2817/3742/2870 2818/3727/2877
f 2256/2743/2342 2257/2737/2349 3080/3730/3075 3084/3743/3097
f 3084/3743/3097 3080/3730/3075 2786/3732/2878 2785/3744/2869
f 2270/2676/2290 2175/2693/2307 3051/3642/3064 3085/3609/3047
f 3085/3609/3047 3051/3642/3064 2704/3644/2836 2799/3611/2821
f 2239/2694/2308 2238/2679/2293 3042/3614/3050 3086/3645/3065
f 3086/3645/3065 3042/3614/3050 2767/3616/2822 2768/3647/2835
f 2273/2680/2294 2272/2677/2291 3041/3610/3048 3087/3617/3051
f 3087/3617/3051 3041/3610/3048 2801/3612/2820 2802/3619/2825
f 2240/2678/2292 2241/2683/2297 3044/3622/3054 3088/3613/3049
f 3088/3613/3049 3044/3622/3054 2770/3624/2826 2769/3615/2819
f 2195/2692/2306 2196/2700/2314 3055/3657/3071 3089/3641/3063
f 3089/3641/3063 3055/3657/3071 2725/3658/2844 2724/3643/2837
f 2260/2701/2315 2259/2695/2309 3052/3646/3066 3090/3659/3072
f 3090/3659/3072 3052/3646/3066 2788/3648/2838 2789/3660/2843
f 2199/2702/2316 2296/2707/2321 3059/3670/3078 3091/3661/3073
f 3091/3661/3073 3059/3670/3078 2825/3672/2850 2728/3663/2847
f 2264/2708/2322 2263/2705/2319 3058/3666/3076 3092/3673/3079
f 3092/3673/3079 3058/3666/3076 2792/3668/2848 2793/3675/2849
f 2278/2706/2320 2277/2690/2304 3049/3637/3061 3093/3669/3077
f 3093/3669/3077 3049/3637/3061 2806/3638/2834 2807/3671/2851
f 2245/2691/2305 2246/2709/2323 3060/3674/3080 3094/3639/3062
f 3094/3639/3062 3060/3674/3080 2775/3676/2852 2774/3640/2833
f 2280/2724/2336 2183/2713/2325 3063/3682/3082 3095/3705/3091
f 3095/3705/3091 3063/3682/3082 2712/3684/2854 2809/3707/2867
f 2247/2714/2326 2248/2727/2339 3074/3710/3094 3096/3685/3083
f 3096/3685/3083 3074/3710/3094 2777/3712/2868 2776/3687/2853
f 2185/2712/2324 2202/2716/2328 3065/3689/3085 3097/3681/3081
f 3097/3681/3081 3065/3689/3085 2731/3690/2858 2714/3683/2855
f 2266/2717/2329 2249/2715/2327 3064/3686/3084 3098/3691/3086
f 3098/3691/3086 3064/3686/3084 2778/3688/2856 2795/3692/2857
f 2286/2732/2344 2285/2725/2337 3073/3706/3092 3099/3721/3099
f 3099/3721/3099 3073/3706/3092 2814/3708/2866 2815/3722/2873
f 2253/2726/2338 2254/2733/2345 3078/3723/3100 3100/3709/3093
f 3100/3709/3093 3078/3723/3100 2783/3724/2874 2782/3711/2865
f 2290/2738/2350 2300/2735/2347 3079/3726/3101 3101/3733/3103
f 3101/3733/3103 3079/3726/3101 2829/3728/2876 2819/3735/2881
f 2268/2736/2348 2258/2741/2353 3082/3738/3106 3102/3729/3102
f 3102/3729/3102 3082/3738/3106 2787/3740/2882 2797/3731/2875
f 2188/2722/2334 2205/2739/2351 3081/3734/3104 3103/3701/3061
f 3103/3701/3061 3081/3734/3104 2734/3736/2880 2717/3702/2863
f 2269/2740/2352 2252/2723/2335 3072/3703/3062 3104/3737/3105
f 3104/3737/3105 3072/3703/3062 2781/3704/2864 2798/3739/2879
f 2142/2591/2209 2143/2745/2355 3107/3745/3107 3105/3507/2998
f 3105/3507/2998 3107/3745/3107 2672/3746/2883 2671/3508/2737
f 2312/2744/2354 2311/2590/2208 2995/3505/2997 3106/3747/3108
f 3106/3747/3108 2995/3505/2997 2840/3506/2738 2841/3748/2884
f 2143/2745/2355 2144/2588/2206 2994/3503/2996 3107/3745/3107
f 3107/3745/3107 2994/3503/2996 2673/3504/2736 2672/3746/2883
f 2313/2589/2207 2312/2744/2354 3106/3747/3108 3108/3501/2995
f 3108/3501/2995 3106/3747/3108 2841/3748/2884 2842/3502/2735
f 2140/2747/2357 2141/2746/2356 3111/3749/3109 3109/3750/3110
f 3109/3750/3110 3111/3749/3109 2670/3751/2887 2669/3752/2886
f 2305/2749/2359 2304/2748/2358 3118/3753/3111 3110/3754/3112
f 3110/3754/3112 3118/3753/3111 2833/3755/2885 2834/3756/2888
f 2141/2746/2356 2132/2750/2360 3115/3757/3113 3111/3749/3109
f 3111/3749/3109 3115/3757/3113 2661/3758/2889 2670/3751/2887
f 2306/2751/2361 2305/2749/2359 3110/3754/3112 3112/3759/3114
f 3112/3759/3114 3110/3754/3112 2834/3756/2888 2835/3760/2890
f 2133/2752/2362 2134/2581/2199 2988/3487/2988 3113/3761/3115
f 3113/3761/3115 2988/3487/2988 2663/3488/2728 2662/3762/2892
f 2308/2580/2198 2307/2753/2363 3116/3763/3116 3114/3485/2987
f 3114/3485/2987 3116/3763/3116 2836/3764/2891 2837/3486/2727
f 2132/2750/2360 2133/2752/2362 3113/3761/3115 3115/3757/3113
f 3115/3757/3113 3113/3761/3115 2662/3762/2892 2661/3758/2889
f 2307/2753/2363 2306/2751/2361 3112/3759/3114 3116/3763/3116
f 3116/3763/3116 3112/3759/3114 2835/3760/2890 2836/3764/2891
f 2131/2754/2364 2140/2747/2357 3109/3750/3110 3117/3765/3117
f 3117/3765/3117 3109/3750/3110 2669/3752/2886 2660/3766/2894
f 2304/2748/2358 2303/2755/2365 3120/3767/3118 3118/3753/3111
f 3118/3753/3111 3120/3767/3118 2832/3768/2893 2833/3755/2885
f 2139/2756/2366 2131/2754/2364 3117/3765/3117 3119/3769/3119
f 3119/3769/3119 3117/3765/3117 2660/3766/2894 2668/3770/2895
f 2303/2755/2365 2302/2757/2367 3122/3771/3120 3120/3767/3118
f 3120/3767/3118 3122/3771/3120 2831/3772/2896 2832/3768/2893
f 2138/2758/2368 2139/2756/2366 3119/3769/3119 3121/3773/3121
f 3121/3773/3121 3119/3769/3119 2668/3770/2895 2667/3774/2897
f 2302/2757/2367 2317/2759/2369 3124/3775/3122 3122/3771/3120
f 3122/3771/3120 3124/3775/3122 2846/3776/2898 2831/3772/2896
f 2137/2585/2203 2138/2761/2368 3121/3777/3121 3123/3493/2991
f 3123/3493/2991 3121/3777/3121 2667/3778/2897 2666/3495/2732
f 2317/2760/2369 2316/2584/2202 2989/3490/2990 3124/3779/3122
f 3124/3779/3122 2989/3490/2990 2845/3492/2729 2846/3780/2898
f 2341/2765/2373 2342/2764/2372 3130/3781/3123 3125/3782/3124
f 3125/3782/3124 3130/3781/3123 2871/3783/2899 2870/3784/2902
f 2340/2766/2374 2341/2765/2373 3125/3782/3124 3126/3785/3125
f 3126/3785/3125 3125/3782/3124 2870/3784/2902 2869/3786/2903
f 2347/2767/2375 2348/2769/2377 3166/3787/3126 3127/3788/3127
f 3127/3788/3127 3166/3787/3126 2877/3789/2906 2876/3790/2905
f 2346/2770/2378 2347/2767/2375 3127/3788/3127 3128/3791/3128
f 3128/3791/3128 3127/3788/3127 2876/3790/2905 2875/3792/2908
f 2345/2772/2380 2346/2770/2378 3128/3791/3128 3129/3793/3129
f 3129/3793/3129 3128/3791/3128 2875/3792/2908 2874/3794/2909
f 2342/2764/2372 2343/2773/2381 3157/3795/3130 3130/3781/3123
f 3130/3781/3123 3157/3795/3130 2872/3796/2910 2871/3783/2899
f 2156/2774/2382 2155/2606/2224 3008/3539/3014 3131/3797/3131
f 3131/3797/3131 3008/3539/3014 2684/3540/2754 2685/3798/2912
f 2326/2607/2225 2327/2775/2383 3134/3799/3132 3132/3537/3013
f 3132/3537/3013 3134/3799/3132 2856/3800/2911 2855/3538/2753
f 2157/2605/2223 2156/2774/2382 3131/3797/3131 3133/3535/3012
f 3133/3535/3012 3131/3797/3131 2685/3798/2912 2686/3536/2751
f 2327/2775/2383 2328/2604/2222 3005/3533/3011 3134/3799/3132
f 3134/3799/3132 3005/3533/3011 2857/3534/2752 2856/3800/2911
f 2149/2778/2386 2148/2777/2385 3143/3801/3133 3135/3802/3134
f 3135/3802/3134 3143/3801/3133 2677/3803/2914 2678/3804/2913
f 2319/2776/2384 2320/2779/2387 3138/3805/3135 3136/3806/3136
f 3136/3806/3136 3138/3805/3135 2849/3807/2916 2848/3808/2915
f 2150/2780/2388 2149/2778/2386 3135/3802/3134 3137/3809/3137
f 3137/3809/3137 3135/3802/3134 2678/3804/2913 2679/3810/2917
f 2320/2779/2387 2321/2781/2389 3142/3811/3138 3138/3805/3135
f 3138/3805/3135 3142/3811/3138 2850/3812/2918 2849/3807/2916
f 2152/2597/2215 2151/2783/2391 3141/3813/3139 3139/3519/3004
f 3139/3519/3004 3141/3813/3139 2680/3814/2919 2681/3520/2744
f 2322/2782/2390 2323/2596/2214 2999/3517/3003 3140/3815/3140
f 3140/3815/3140 2999/3517/3003 2852/3518/2743 2851/3816/2920
f 2151/2783/2391 2150/2780/2388 3137/3809/3137 3141/3813/3139
f 3141/3813/3139 3137/3809/3137 2679/3810/2917 2680/3814/2919
f 2321/2781/2389 2322/2782/2390 3140/3815/3140 3142/3811/3138
f 3142/3811/3138 3140/3815/3140 2851/3816/2920 2850/3812/2918
f 2148/2777/2385 2147/2785/2393 3145/3817/3141 3143/3801/3133
f 3143/3801/3133 3145/3817/3141 2676/3818/2921 2677/3803/2914
f 2318/2784/2392 2319/2776/2384 3136/3806/3136 3144/3819/3142
f 3144/3819/3142 3136/3806/3136 2848/3808/2915 2847/3820/2922
f 2147/2785/2393 2162/2786/2394 3147/3821/3143 3145/3817/3141
f 3145/3817/3141 3147/3821/3143 2691/3822/2923 2676/3818/2921
f 2333/2787/2395 2318/2784/2392 3144/3819/3142 3146/3823/3144
f 3146/3823/3144 3144/3819/3142 2847/3820/2922 2862/3824/2924
f 2162/2786/2394 2161/2788/2396 3149/3825/3145 3147/3821/3143
f 3147/3821/3143 3149/3825/3145 2690/3826/2925 2691/3822/2923
f 2332/2789/2397 2333/2787/2395 3146/3823/3144 3148/3827/3146
f 3148/3827/3146 3146/3823/3144 2862/3824/2924 2861/3828/2926
f 2161/2788/2396 2160/2790/2219 3002/3829/3008 3149/3825/3145
f 3149/3825/3145 3002/3829/3008 2689/3830/2748 2690/3826/2925
f 2331/2791/2216 2332/2789/2397 3148/3827/3146 3150/3831/3005
f 3150/3831/3005 3148/3827/3146 2861/3828/2926 2860/3832/2747
f 2357/2792/2398 2356/2795/2401 3152/3833/3147 3151/3834/3148
f 3151/3834/3148 3152/3833/3147 2885/3835/2930 2886/3836/2929
f 2356/2795/2401 2355/2796/2402 3171/3837/3149 3152/3833/3147
f 3152/3833/3147 3171/3837/3149 2884/3838/2931 2885/3835/2930
f 2363/2800/2405 2362/2799/2404 3154/3839/3150 3153/3840/3151
f 3153/3840/3151 3154/3839/3150 2891/3841/2932 2892/3842/2934
f 2362/2799/2404 2361/2802/2407 3155/3843/3152 3154/3839/3150
f 3154/3839/3150 3155/3843/3152 2890/3844/2935 2891/3841/2932
f 2361/2802/2407 2360/2803/2408 3168/3845/3153 3155/3843/3152
f 3155/3843/3152 3168/3845/3153 2889/3846/2937 2890/3844/2935
f 2358/2804/2409 2357/2792/2398 3151/3834/3148 3156/3847/3154
f 3156/3847/3154 3151/3834/3148 2886/3836/2929 2887/3848/2938
f 2343/2773/2381 2344/2805/2410 3158/3849/3155 3157/3795/3130
f 3157/3795/3130 3158/3849/3155 2873/3850/2939 2872/3796/2910
f 2344/2805/2410 2345/2772/2380 3129/3793/3129 3158/3849/3155
f 3158/3849/3155 3129/3793/3129 2874/3794/2909 2873/3850/2939
f 2336/2807/2412 2337/2806/2411 3160/3851/3156 3159/3852/3157
f 3159/3852/3157 3160/3851/3156 2866/3853/2941 2865/3854/2940
f 2337/2806/2411 2338/2808/2413 3162/3855/3158 3160/3851/3156
f 3160/3851/3156 3162/3855/3158 2867/3856/2942 2866/3853/2941
f 2339/2809/2414 2340/2766/2374 3126/3785/3125 3161/3857/3159
f 3161/3857/3159 3126/3785/3125 2869/3786/2903 2868/3858/2943
f 2338/2808/2413 2339/2809/2414 3161/3857/3159 3162/3855/3158
f 3162/3855/3158 3161/3857/3159 2868/3858/2943 2867/3856/2942
f 2335/2810/2415 2336/2807/2412 3159/3852/3157 3163/3859/3160
f 3163/3859/3160 3159/3852/3157 2865/3854/2940 2864/3860/2944
f 2334/2811/2416 2335/2810/2415 3163/3859/3160 3164/3861/3161
f 3164/3861/3161 3163/3859/3160 2864/3860/2944 2863/3862/2945
f 2349/2812/2417 2334/2811/2416 3164/3861/3161 3165/3863/3162
f 3165/3863/3162 3164/3861/3161 2863/3862/2945 2878/3864/2946
f 2348/2769/2377 2349/2813/2417 3165/3865/3162 3166/3787/3126
f 3166/3787/3126 3165/3865/3162 2878/3866/2946 2877/3789/2906
f 2359/2815/2419 2358/2804/2409 3156/3847/3154 3167/3867/3163
f 3167/3867/3163 3156/3847/3154 2887/3848/2938 2888/3868/2948
f 2360/2803/2408 2359/2815/2419 3167/3867/3163 3168/3845/3153
f 3168/3845/3153 3167/3867/3163 2888/3868/2948 2889/3846/2937
f 2352/2817/2421 2351/2816/2420 3173/3869/3164 3169/3870/3165
f 3169/3870/3165 3173/3869/3164 2880/3871/2950 2881/3872/2949
f 2353/2818/2422 2352/2817/2421 3169/3870/3165 3170/3873/3166
f 3170/3873/3166 3169/3870/3165 2881/3872/2949 2882/3874/2951
f 2355/2796/2402 2354/2819/2423 3172/3875/3167 3171/3837/3149
f 3171/3837/3149 3172/3875/3167 2883/3876/2952 2884/3838/2931
f 2354/2819/2423 2353/2818/2422 3170/3873/3166 3172/3875/3167
f 3172/3875/3167 3170/3873/3166 2882/3874/2951 2883/3876/2952
f 2351/2816/2420 2350/2820/2424 3174/3877/3168 3173/3869/3164
f 3173/3869/3164 3174/3877/3168 2879/3878/2953 2880/3871/2950
f 2350/2820/2424 2365/2821/2425 3175/3879/3169 3174/3877/3168
f 3174/3877/3168 3175/3879/3169 2894/3880/2954 2879/3878/2953
f 2365/2821/2425 2364/2822/2426 3176/3881/3170 3175/3879/3169
f 3175/3879/3169 3176/3881/3170 2893/3882/2955 2894/3880/2954
f 2364/2822/2426 2363/2823/2405 3153/3883/3151 3176/3881/3170
f 3176/3881/3170 3153/3883/3151 2892/3884/2934 2893/3882/2955
f 3177/3885/3171 3185/3886/3172 3186/3887/3173 3178/3888/3174
f 3178/3888/3174 3186/3887/3173 3187/3889/3175 3179/3890/3176
f 3179/3890/3176 3187/3889/3175 3188/3891/3177 3180/3892/3178
f 3180/3892/3178 3188/3891/3177 3189/3893/3179 3181/3894/3180
f 3181/3894/3180 3189/3893/3179 3190/3895/3181 3182/3896/3182
f 3182/3896/3182 3190/3895/3181 3191/3897/3183 3183/3898/3184
f 3183/3898/3184 3191/3897/3183 3192/3899/3185 3184/3900/3186
f 3184/3901/3186 3192/3902/3185 3185/3886/3172 3177/3885/3171
f 3185/3886/3172 3193/3903/3187 3194/3904/3188 3186/3887/3173
f 3186/3887/3173 3194/3904/3188 3195/3905/3189 3187/3889/3175
f 3187/3889/3175 3195/3905/3189 3196/3906/3190 3188/3891/3177
f 3188/3891/3177 3196/3906/3190 3197/3907/3191 3189/3893/3179
f 3189/3893/3179 3197/3907/3191 3198/3908/3192 3190/3895/3181
f 3190/3895/3181 3198/3908/3192 3199/3909/3193 3191/3897/3183
f 3191/3897/3183 3199/3909/3193 3200/3910/3194 3192/3899/3185
f 3192/3902/3185 3200/3911/3194 3193/3903/3187 3185/3886/3172
f 3325/3912/3195 3324/3913/3196 3194/3904/3188 3193/3903/3187
f 3324/3913/3196 3323/3914/3197 3195/3905/3189 3194/3904/3188
f 3323/3914/3197 3330/3915/3198 3196/3906/3190 3195/3905/3189
f 3330/3915/3198 3329/3916/3199 3197/3907/3191 3196/3906/3190
f 3329/3916/3199 3328/3917/3200 3198/3908/3192 3197/3907/3191
f 3198/3908/3192 3328/3917/3200 3327/3918/3201 3199/3909/3193
f 3199/3909/3193 3327/3918/3201 3326/3919/3202 3200/3910/3194
f 3200/3911/3194 3326/3920/3202 3325/3912/3195 3193/3903/3187
f 3209/3921/3203 3217/3922/3204 3218/3923/3205 3210/3924/3206
f 3210/3924/3206 3218/3923/3205 3219/3925/3207 3211/3926/3208
f 3211/3926/3208 3219/3925/3207 3220/3927/3209 3212/3928/3210
f 3212/3928/3210 3220/3927/3209 3221/3929/3211 3213/3930/3212
f 3213/3930/3212 3221/3929/3211 3222/3931/3213 3214/3932/3214
f 3214/3933/3214 3222/3934/3213 3223/3935/3215 3215/3936/3216
f 3215/3936/3216 3223/3935/3215 3224/3937/3217 3216/3938/3218
f 3216/3938/3218 3224/3937/3217 3217/3922/3204 3209/3921/3203
f 3217/3922/3204 3225/3939/3219 3226/3940/3220 3218/3923/3205
f 3218/3923/3205 3226/3940/3220 3227/3941/3221 3219/3925/3207
f 3219/3925/3207 3227/3941/3221 3228/3942/3222 3220/3927/3209
f 3220/3927/3209 3228/3942/3222 3229/3943/3223 3221/3929/3211
f 3221/3929/3211 3229/3943/3223 3230/3944/3224 3222/3931/3213
f 3222/3934/3213 3230/3945/3224 3231/3946/3225 3223/3935/3215
f 3223/3935/3215 3231/3946/3225 3232/3947/3226 3224/3937/3217
f 3224/3937/3217 3232/3947/3226 3225/3939/3219 3217/3922/3204
f 3225/3939/3219 3334/3948/3227 3333/3949/3228 3226/3940/3220
f 3226/3940/3220 3333/3949/3228 3332/3950/3229 3227/3941/3221
f 3227/3941/3221 3332/3950/3229 3331/3951/3230 3228/3942/3222
f 3331/3951/3230 3338/3952/3231 3229/3943/3223 3228/3942/3222
f 3338/3952/3231 3337/3953/3232 3230/3944/3224 3229/3943/3223
f 3337/3954/3232 3336/3955/3233 3231/3946/3225 3230/3945/3224
f 3336/3955/3233 3335/3956/3234 3232/3947/3226 3231/3946/3225
f 3232/3947/3226 3335/3956/3234 3334/3948/3227 3225/3939/3219
f 3202/3957/3235 3201/3958/3236 3242/3959/3237 3241/3960/3238
f 3201/3958/3236 3208/3961/3239 3243/3962/3240 3242/3959/3237
f 3208/3963/3239 3207/3964/3241 3244/3965/3242 3243/3966/3240
f 3207/3964/3241 3206/3967/3243 3245/3968/3244 3244/3965/3242
f 3206/3967/3243 3205/3969/3245 3246/3970/3246 3245/3968/3244
f 3205/3969/3245 3204/3971/3247 3247/3972/3248 3246/3970/3246
f 3204/3971/3247 3203/3973/3249 3248/3974/3250 3247/3972/3248
f 3203/3973/3249 3202/3957/3235 3241/3960/3238 3248/3974/3250
f 3234/3975/3251 3233/3976/3252 3250/3977/3253 3249/3978/3254
f 3233/3976/3252 3240/3979/3255 3251/3980/3256 3250/3977/3253
f 3240/3979/3255 3239/3981/3257 3252/3982/3258 3251/3980/3256
f 3239/3981/3257 3238/3983/3259 3253/3984/3260 3252/3982/3258
f 3238/3985/3259 3237/3986/3261 3254/3987/3262 3253/3988/3260
f 3237/3986/3261 3236/3989/3263 3255/3990/3264 3254/3987/3262
f 3236/3989/3263 3235/3991/3265 3256/3992/3266 3255/3990/3264
f 3235/3991/3265 3234/3975/3251 3249/3978/3254 3256/3992/3266
f 3241/3960/3238 3242/3959/3237 3258/3993/3267 3257/3994/3268
f 3242/3959/3237 3243/3962/3240 3259/3995/3269 3258/3993/3267
f 3243/3966/3240 3244/3965/3242 3260/3996/3270 3259/3997/3269
f 3244/3965/3242 3245/3968/3244 3261/3998/3271 3260/3996/3270
f 3245/3968/3244 3246/3970/3246 3262/3999/3272 3261/3998/3271
f 3246/3970/3246 3247/3972/3248 3263/4000/3273 3262/3999/3272
f 3247/3972/3248 3248/3974/3250 3264/4001/3274 3263/4000/3273
f 3248/3974/3250 3241/3960/3238 3257/3994/3268 3264/4001/3274
f 3249/3978/3254 3250/3977/3253 3266/4002/3275 3265/4003/3276
f 3250/3977/3253 3251/3980/3256 3267/4004/3277 3266/4002/3275
f 3251/3980/3256 3252/3982/3258 3268/4005/3278 3267/4004/3277
f 3252/3982/3258 3253/3984/3260 3269/4006/3279 3268/4005/3278
f 3253/3988/3260 3254/3987/3262 3270/4007/3280 3269/4008/3279
f 3254/3987/3262 3255/3990/3264 3271/4009/3281 3270/4007/3280
f 3255/3990/3264 3256/3992/3266 3272/4010/3282 3271/4009/3281
f 3256/3992/3266 3249/3978/3254 3265/4003/3276 3272/4010/3282
f 3258/3993/3267 3344/4011/3283 3345/4012/3284 3257/3994/3268
f 3259/3995/3269 3343/4013/3285 3344/4011/3283 3258/3993/3267
f 3260/3996/3270 3342/4014/3286 3343/4015/3285 3259/3997/3269
f 3261/3998/3271 3341/4016/3287 3342/4014/3286 3260/3996/3270
f 3262/3999/3272 3340/4017/3288 3341/4016/3287 3261/3998/3271
f 3263/4000/3273 3339/4018/3289 3340/4017/3288 3262/3999/3272
f 3264/4001/3274 3346/4019/3290 3339/4018/3289 3263/4000/3273
f 3257/3994/3268 3345/4012/3284 3346/4019/3290 3264/4001/3274
f 3266/4002/3275 3353/4020/3291 3354/4021/3292 3265/4003/3276
f 3267/4004/3277 3352/4022/3293 3353/4020/3291 3266/4002/3275
f 3268/4005/3278 3351/4023/3294 3352/4022/3293 3267/4004/3277
f 3269/4006/3279 3350/4024/3295 3351/4023/3294 3268/4005/3278
f 3270/4007/3280 3349/4025/3296 3350/4026/3295 3269/4008/3279
f 3271/4009/3281 3348/4027/3297 3349/4025/3296 3270/4007/3280
f 3272/4010/3282 3347/4028/3298 3348/4027/3297 3271/4009/3281
f 3265/4003/3276 3354/4021/3292 3347/4028/3298 3272/4010/3282
f 3273/4029/3299 3274/4030/3300 3290/4031/3301 3289/4032/3302
f 3274/4030/3300 3275/4033/3303 3291/4034/3304 3290/4031/3301
f 3275/4035/3303 3276/4036/3305 3292/4037/3306 3291/4038/3304
f 3276/4036/3305 3277/4039/3307 3293/4040/3308 3292/4037/3306
f 3277/4039/3307 3278/4041/3309 3294/4042/3310 3293/4040/3308
f 3278/4041/3309 3279/4043/3311 3295/4044/3312 3294/4042/3310
f 3279/4043/3311 3280/4045/3313 3296/4046/3314 3295/4044/3312
f 3280/4045/3313 3273/4029/3299 3289/4032/3302 3296/4046/3314
f 3281/4047/3315 3282/4048/3316 3298/4049/3317 3297/4050/3318
f 3282/4048/3316 3283/4051/3319 3299/4052/3320 3298/4049/3317
f 3283/4051/3319 3284/4053/3321 3300/4054/3322 3299/4052/3320
f 3284/4053/3321 3285/4055/3323 3301/4056/3324 3300/4054/3322
f 3285/4057/3323 3286/4058/3325 3302/4059/3326 3301/4060/3324
f 3286/4058/3325 3287/4061/3327 3303/4062/3328 3302/4059/3326
f 3287/4061/3327 3288/4063/3329 3304/4064/3330 3303/4062/3328
f 3288/4063/3329 3281/4047/3315 3297/4050/3318 3304/4064/3330
f 3289/4065/3302 3290/4066/3301 3306/4067/3331 3305/4068/3332
f 3290/4066/3301 3291/4069/3304 3307/4070/3333 3306/4067/3331
f 3291/4069/3304 3292/4071/3306 3308/4072/3334 3307/4070/3333
f 3292/4071/3306 3293/4073/3308 3309/4074/3335 3308/4072/3334
f 3293/4073/3308 3294/4075/3310 3310/4076/3336 3309/4074/3335
f 3294/4075/3310 3295/4077/3312 3311/4078/3337 3310/4076/3336
f 3295/4077/3312 3296/4079/3314 3312/4080/3338 3311/4078/3337
f 3296/4079/3314 3289/4065/3302 3305/4068/3332 3312/4080/3338
f 3297/4081/3318 3298/4082/3317 3314/4083/3339 3313/4084/3340
f 3298/4082/3317 3299/4085/3320 3315/4086/3341 3314/4083/3339
f 3299/4085/3320 3300/4087/3322 3316/4088/3342 3315/4086/3341
f 3300/4087/3322 3301/4089/3324 3317/4090/3343 3316/4088/3342
f 3301/4089/3324 3302/4091/3326 3318/4092/3344 3317/4090/3343
f 3302/4091/3326 3303/4093/3328 3319/4094/3345 3318/4092/3344
f 3303/4093/3328 3304/4095/3330 3320/4096/3346 3319/4094/3345
f 3304/4095/3330 3297/4081/3318 3313/4084/3340 3320/4096/3346
f 3307/4070/3333 3308/4072/3334 3321/4097/3347 3306/4067/3331
f 3309/4074/3335 3310/4076/3336 3321/4097/3347 3308/4072/3334
f 3311/4078/3337 3312/4080/3338 3321/4097/3347 3310/4076/3336
f 3305/4068/3332 3306/4067/3331 3321/4097/3347 3312/4080/3338
f 3315/4086/3341 3316/4088/3342 3322/4098/3348 3314/4083/3339
f 3317/4090/3343 3318/4092/3344 3322/4098/3348 3316/4088/3342
f 3319/4094/3345 3320/4096/3346 3322/4098/3348 3318/4092/3344
f 3313/4084/3340 3314/4083/3339 3322/4098/3348 3320/4096/3346
f 3201/3958/3236 3202/3957/3235 3324/3913/3196 3325/3912/3195
f 3202/3957/3235 3203/3973/3249 3323/3914/3197 3324/3913/3196
f 3203/3973/3249 3204/3971/3247 3330/3915/3198 3323/3914/3197
f 3204/3971/3247 3205/3969/3245 3329/3916/3199 3330/3915/3198
f 3205/3969/3245 3206/3967/3243 3328/3917/3200 3329/3916/3199
f 3328/3917/3200 3206/3967/3243 3207/3964/3241 3327/3918/3201
f 3327/3918/3201 3207/3964/3241 3208/3963/3239 3326/3919/3202
f 3326/3920/3202 3208/3961/3239 3201/3958/3236 3325/3912/3195
f 3334/3948/3227 3233/3976/3252 3234/3975/3251 3333/3949/3228
f 3333/3949/3228 3234/3975/3251 3235/3991/3265 3332/3950/3229
f 3235/3991/3265 3236/3989/3263 3331/3951/3230 3332/3950/3229
f 3236/3989/3263 3237/3986/3261 3338/3952/3231 3331/3951/3230
f 3237/3986/3261 3238/3985/3259 3337/3953/3232 3338/3952/3231
f 3238/3983/3259 3239/3981/3257 3336/3955/3233 3337/3954/3232
f 3239/3981/3257 3240/3979/3255 3335/3956/3234 3336/3955/3233
f 3240/3979/3255 3233/3976/3252 3334/3948/3227 3335/3956/3234
f 3274/4030/3300 3273/4029/3299 3345/4099/3284 3344/4100/3283
f 3275/4033/3303 3274/4030/3300 3344/4100/3283 3343/4101/3285
f 3276/4036/3305 3275/4035/3303 3343/4102/3285 3342/4103/3286
f 3277/4039/3307 3276/4036/3305 3342/4103/3286 3341/4104/3287
f 3278/4041/3309 3277/4039/3307 3341/4104/3287 3340/4105/3288
f 3279/4043/3311 3278/4041/3309 3340/4105/3288 3339/4106/3289
f 3280/4045/3313 3279/4043/3311 3339/4106/3289 3346/4107/3290
f 3273/4029/3299 3280/4045/3313 3346/4107/3290 3345/4099/3284
f 3282/4048/3316 3281/4047/3315 3354/4108/3292 3353/4109/3291
f 3283/4051/3319 3282/4048/3316 3353/4109/3291 3352/4110/3293
f 3284/4053/3321 3283/4051/3319 3352/4110/3293 3351/4111/3294
f 3285/4055/3323 3284/4053/3321 3351/4111/3294 3350/4112/3295
f 3286/4058/3325 3285/4057/3323 3350/4113/3295 3349/4114/3296
f 3287/4061/3327 3286/4058/3325 3349/4114/3296 3348/4115/3297
f 3288/4063/3329 3287/4061/3327 3348/4115/3297 3347/4116/3298
f 3281/4047/3315 3288/4063/3329 3347/4116/3298 3354/4108/3292
f 3355/4117/3349 3356/4118/3350 3364/4119/3351 3363/4120/3352
f 3356/4118/3350 3357/4121/3353 3365/4122/3354 3364/4119/3351
f 3357/4123/3353 3358/4124/3355 3366/4125/3356 3365/4126/3354
f 3358/4124/3355 3359/4127/3357 3367/4128/3358 3366/4125/3356
f 3359/4127/3357 3360/4129/3359 3368/4130/3360 3367/4128/3358
f 3360/4129/3359 3361/4131/3361 3369/4132/3362 3368/4130/3360
f 3361/4131/3361 3362/4133/3363 3370/4134/3364 3369/4132/3362
f 3362/4133/3363 3355/4117/3349 3363/4120/3352 3370/4134/3364
f 3363/4120/3352 3364/4119/3351 3372/4135/3365 3371/4136/3366
f 3364/4119/3351 3365/4122/3354 3373/4137/3367 3372/4135/3365
f 3365/4126/3354 3366/4125/3356 3374/4138/3368 3373/4139/3367
f 3366/4125/3356 3367/4128/3358 3375/4140/3369 3374/4138/3368
f 3367/4128/3358 3368/4130/3360 3376/4141/3370 3375/4140/3369
f 3368/4130/3360 3369/4132/3362 3377/4142/3371 3376/4141/3370
f 3369/4132/3362 3370/4134/3364 3378/4143/3372 3377/4142/3371
f 3370/4134/3364 3363/4120/3352 3371/4136/3366 3378/4143/3372
f 3371/4136/3366 3372/4135/3365 3380/4144/3373 3379/4145/3374
f 3372/4135/3365 3373/4137/3367 3381/4146/3375 3380/4144/3373
f 3373/4139/3367 3374/4138/3368 3382/4147/3376 3381/4148/3375
f 3374/4138/3368 3375/4140/3369 3383/4149/3377 3382/4147/3376
f 3375/4140/3369 3376/4141/3370 3384/4150/3378 3383/4149/3377
f 3376/4141/3370 3377/4142/3371 3385/4151/3379 3384/4150/3378
f 3377/4142/3371 3378/4143/3372 3386/4152/3380 3385/4151/3379
f 3378/4143/3372 3371/4136/3366 3379/4145/3374 3386/4152/3380
f 3379/4145/3374 3380/4144/3373 3388/4153/3381 3387/4154/3382
f 3380/4144/3373 3381/4146/3375 3389/4155/3383 3388/4153/3381
f 3381/4148/3375 3382/4147/3376 3390/4156/3384 3389/4157/3383
f 3382/4147/3376 3383/4149/3377 3391/4158/3385 3390/4156/3384
f 3383/4149/3377 3384/4150/3378 3392/4159/3386 3391/4158/3385
f 3384/4150/3378 3385/4151/3379 3393/4160/3387 3392/4159/3386
f 3385/4151/3379 3386/4152/3380 3394/4161/3388 3393/4160/3387
f 3386/4152/3380 3379/4145/3374 3387/4154/3382 3394/4161/3388
f 3387/4154/3382 3388/4153/3381 3396/4162/3389 3395/4163/3390
f 3388/4153/3381 3389/4155/3383 3397/4164/3391 3396/4162/3389
f 3389/4157/3383 3390/4156/3384 3398/4165/3392 3397/4166/3391
f 3390/4156/3384 3391/4158/3385 3399/4167/3393 3398/4165/3392
f 3391/4158/3385 3392/4159/3386 3400/4168/3394 3399/4167/3393
f 3392/4159/3386 3393/4160/3387 3401/4169/3395 3400/4168/3394
f 3393/4160/3387 3394/4161/3388 3402/4170/3396 3401/4169/3395
f 3394/4161/3388 3387/4154/3382 3395/4163/3390 3402/4170/3396
f 3395/4163/3390 3396/4162/3389 3404/4171/3397 3403/4172/3398
f 3396/4162/3389 3397/4164/3391 3405/4173/3399 3404/4171/3397
f 3397/4166/3391 3398/4165/3392 3406/4174/3400 3405/4175/3399
f 3398/4165/3392 3399/4167/3393 3407/4176/3401 3406/4174/3400
f 3399/4167/3393 3400/4168/3394 3408/4177/3402 3407/4176/3401
f 3400/4168/3394 3401/4169/3395 3409/4178/3403 3408/4177/3402
f 3401/4169/3395 3402/4170/3396 3410/4179/3404 3409/4178/3403
f 3402/4170/3396 3395/4163/3390 3403/4172/3398 3410/4179/3404
f 3403/4172/3398 3404/4171/3397 3412/4180/3405 3411/4181/3406
f 3404/4171/3397 3405/4173/3399 3413/4182/3407 3412/4180/3405
f 3405/4175/3399 3406/4174/3400 3414/4183/3408 3413/4184/3407
f 3406/4174/3400 3407/4176/3401 3415/4185/3409 3414/4183/3408
f 3407/4176/3401 3408/4177/3402 3416/4186/3410 3415/4185/3409
f 3408/4177/3402 3409/4178/3403 3417/4187/3411 3416/4186/3410
f 3409/4178/3403 3410/4179/3404 3418/4188/3412 3417/4187/3411
f 3410/4179/3404 3403/4172/3398 3411/4181/3406 3418/4188/3412
f 3411/4181/3406 3412/4180/3405 3420/4189/3413 3419/4190/3414
f 3412/4180/3405 3413/4182/3407 3421/4191/3415 3420/4189/3413
f 3413/4184/3407 3414/4183/3408 3422/4192/3416 3421/4193/3415
f 3414/4183/3408 3415/4185/3409 3423/4194/3417 3422/4192/3416
f 3415/4185/3409 3416/4186/3410 3424/4195/3418 3423/4194/3417
f 3416/4186/3410 3417/4187/3411 3425/4196/3419 3424/4195/3418
f 3417/4187/3411 3418/4188/3412 3426/4197/3420 3425/4196/3419
f 3418/4188/3412 3411/4181/3406 3419/4190/3414 3426/4197/3420
f 3419/4190/3414 3420/4189/3413 3428/4198/3421 3427/4199/3422
f 3420/4189/3413 3421/4191/3415 3429/4200/3423 3428/4198/3421
f 3421/4193/3415 3422/4192/3416 3430/4201/3424 3429/4202/3423
f 3422/4192/3416 3423/4194/3417 3431/4203/3425 3430/4201/3424
f 3423/4194/3417 3424/4195/3418 3432/4204/3426 3431/4203/3425
f 3424/4195/3418 3425/4196/3419 3433/4205/3427 3432/4204/3426
f 3425/4196/3419 3426/4197/3420 3434/4206/3428 3433/4205/3427
f 3426/4197/3420 3419/4190/3414 3427/4199/3422 3434/4206/3428
f 3427/4199/3422 3428/4198/3421 3436/4207/3429 3435/4208/3430
f 3428/4198/3421 3429/4200/3423 3437/4209/3431 3436/4207/3429
f 3429/4202/3423 3430/4201/3424 3438/4210/3432 3437/4211/3431
f 3430/4201/3424 3431/4203/3425 3439/4212/3433 3438/4210/3432
f 3431/4203/3425 3432/4204/3426 3440/4213/3434 3439/4212/3433
f 3432/4204/3426 3433/4205/3427 3441/4214/3435 3440/4213/3434
f 3433/4205/3427 3434/4206/3428 3442/4215/3436 3441/4214/3435
f 3434/4206/3428 3427/4199/3422 3435/4208/3430 3442/4215/3436
f 3435/4208/3430 3436/4207/3429 3444/4216/3437 3443/4217/3438
f 3436/4207/3429 3437/4209/3431 3445/4218/3439 3444/4216/3437
f 3437/4211/3431 3438/4210/3432 3446/4219/3440 3445/4220/3439
f 3438/4210/3432 3439/4212/3433 3447/4221/3441 3446/4219/3440
f 3439/4212/3433 3440/4213/3434 3448/4222/3442 3447/4221/3441
f 3440/4213/3434 3441/4214/3435 3449/4223/3443 3448/4222/3442
f 3441/4214/3435 3442/4215/3436 3450/4224/3444 3449/4223/3443
f 3442/4215/3436 3435/4208/3430 3443/4217/3438 3450/4224/3444
f 3443/4217/3438 3444/4216/3437 3452/4225/3445 3451/4226/3446
f 3444/4216/3437 3445/4218/3439 3453/4227/3447 3452/4225/3445
f 3445/4220/3439 3446/4219/3440 3454/4228/3448 3453/4229/3447
f 3446/4219/3440 3447/4221/3441 3455/4230/3449 3454/4228/3448
f 3447/4221/3441 3448/4222/3442 3456/4231/3450 3455/4230/3449
f 3448/4222/3442 3449/4223/3443 3457/4232/3451 3456/4231/3450
f 3449/4223/3443 3450/4224/3444 3458/4233/3452 3457/4232/3451
f 3450/4224/3444 3443/4217/3438 3451/4226/3446 3458/4233/3452
f 3451/4226/3446 3452/4225/3445 3460/4234/3453 3459/4235/3454
f 3452/4225/3445 3453/4227/3447 3461/4236/3455 3460/4234/3453
f 3453/4229/3447 3454/4228/3448 3462/4237/3456 3461/4238/3455
f 3454/4228/3448 3455/4230/3449 3463/4239/3457 3462/4237/3456
f 3455/4230/3449 3456/4231/3450 3464/4240/3458 3463/4239/3457
f 3456/4231/3450 3457/4232/3451 3465/4241/3459 3464/4240/3458
f 3457/4232/3451 3458/4233/3452 3466/4242/3460 3465/4241/3459
f 3458/4233/3452 3451/4226/3446 3459/4235/3454 3466/4242/3460
f 3459/4235/3454 3460/4234/3453 3468/4243/3461 3467/4244/3462
f 3460/4234/3453 3461/4236/3455 3469/4245/3463 3468/4243/3461
f 3461/4238/3455 3462/4237/3456 3470/4246/3464 3469/4247/3463
f 3462/4237/3456 3463/4239/3457 3471/4248/3465 3470/4246/3464
f 3463/4239/3457 3464/4240/3458 3472/4249/3466 3471/4248/3465
f 3464/4240/3458 3465/4241/3459 3473/4250/3467 3472/4249/3466
f 3465/4241/3459 3466/4242/3460 3474/4251/3468 3473/4250/3467
f 3466/4242/3460 3459/4235/3454 3467/4244/3462 3474/4251/3468
f 3467/4244/3462 3468/4243/3461 3476/4252/3469 3475/4253/3470
f 3468/4243/3461 3469/4245/3463 3477/4254/3471 3476/4252/3469
f 3469/4247/3463 3470/4246/3464 3478/4255/3472 3477/4256/3471
f 3470/4246/3464 3471/4248/3465 3479/4257/3473 3478/4255/3472
f 3471/4248/3465 3472/4249/3466 3480/4258/3474 3479/4257/3473
f 3472/4249/3466 3473/4250/3467 3481/4259/3475 3480/4258/3474
f 3473/4250/3467 3474/4251/3468 3482/4260/3476 3481/4259/3475
f 3474/4251/3468 3467/4244/3462 3475/4253/3470 3482/4260/3476
f 3475/4253/3470 3476/4252/3469 3484/4261/3477 3483/4262/3478
f 3476/4252/3469 3477/4254/3471 3485/4263/3479 3484/4261/3477
f 3477/4256/3471 3478/4255/3472 3486/4264/3480 3485/4265/3479
f 3478/4255/3472 3479/4257/3473 3487/4266/3481 3486/4264/3480
f 3479/4257/3473 3480/4258/3474 3488/4267/3482 3487/4266/3481
f 3480/4258/3474 3481/4259/3475 3489/4268/3483 3488/4267/3482
f 3481/4259/3475 3482/4260/3476 3490/4269/3484 3489/4268/3483
f 3482/4260/3476 3475/4253/3470 3483/4262/3478 3490/4269/3484
f 3483/4262/3478 3484/4261/3477 3492/4270/3485 3491/4271/3486
f 3484/4261/3477 3485/4263/3479 3493/4272/3487 3492/4270/3485
f 3485/4265/3479 3486/4264/3480 3494/4273/3488 3493/4274/3487
f 3486/4264/3480 3487/4266/3481 3495/4275/3489 3494/4273/3488
f 3487/4266/3481 3488/4267/3482 3496/4276/3490 3495/4275/3489
f 3488/4267/3482 3489/4268/3483 3497/4277/3491 3496/4276/3490
f 3489/4268/3483 3490/4269/3484 3498/4278/3492 3497/4277/3491
f 3490/4269/3484 3483/4262/3478 3491/4271/3486 3498/4278/3492
f 3493/4279/3487 3494/4280/3488 3499/4281/3493 3492/4282/3485
f 3495/4283/3489 3496/4284/3490 3499/4281/3493 3494/4280/3488
f 3497/4285/3491 3498/4286/3492 3499/4281/3493 3496/4284/3490
f 3491/4287/3486 3492/4282/3485 3499/4281/3493 3498/4286/3492
f 3500/4288/3494 3656/4289/3495 3563/4290/3496 3617/4291/3497
f 3656/4289/3495 3527/4292/3498 3657/4293/3499 3563/4290/3496
f 3526/4294/3500 3655/4295/3501 3563/4290/3496 3657/4293/3499
f 3655/4295/3501 3501/4296/3502 3617/4291/3497 3563/4290/3496
f 3501/4296/3502 3655/4295/3501 3564/4297/3503 3620/4298/3504
f 3655/4295/3501 3526/4294/3500 3658/4299/3505 3564/4297/3503
f 3525/4300/3506 3654/4301/3507 3564/4297/3503 3658/4299/3505
f 3654/4301/3507 3502/4302/3508 3620/4298/3504 3564/4297/3503
f 3513/4303/3509 3621/4304/3510 3565/4305/3511 3623/4306/3512
f 3621/4304/3510 3539/4307/3513 3678/4308/3514 3565/4305/3511
f 3540/4309/3515 3665/4310/3516 3565/4305/3511 3678/4308/3514
f 3665/4310/3516 3522/4311/3517 3651/4312/3518 3565/4305/3511
f 3504/4313/3519 3623/4306/3512 3565/4305/3511 3651/4312/3518
f 3515/4314/3520 3624/4315/3521 3566/4316/3522 3626/4317/3523
f 3624/4315/3521 3513/4303/3509 3623/4306/3512 3566/4316/3522
f 3504/4313/3519 3625/4318/3524 3566/4316/3522 3623/4306/3512
f 3625/4318/3524 3505/4319/3525 3626/4317/3523 3566/4316/3522
f 3517/4320/3526 3627/4321/3527 3567/4322/3528 3629/4323/3529
f 3627/4321/3527 3515/4314/3520 3626/4317/3523 3567/4322/3528
f 3505/4319/3525 3628/4324/3530 3567/4322/3528 3626/4317/3523
f 3628/4324/3530 3506/4325/3531 3629/4323/3529 3567/4322/3528
f 3502/4302/3508 3654/4301/3507 3568/4326/3532 3632/4327/3533
f 3654/4301/3507 3525/4300/3506 3659/4328/3534 3568/4326/3532
f 3524/4329/3535 3653/4330/3536 3568/4326/3532 3659/4328/3534
f 3653/4330/3536 3507/4331/3537 3632/4327/3533 3568/4326/3532
f 3517/4320/3526 3629/4323/3529 3569/4332/3538 3635/4333/3539
f 3629/4323/3529 3506/4325/3531 3633/4334/3540 3569/4332/3538
f 3508/4335/3541 3634/4336/3542 3569/4332/3538 3633/4334/3540
f 3634/4336/3542 3519/4337/3543 3635/4333/3539 3569/4332/3538
f 3507/4331/3537 3653/4330/3536 3570/4338/3544 3638/4339/3545
f 3653/4330/3536 3524/4329/3535 3660/4340/3546 3570/4338/3544
f 3523/4341/3547 3652/4342/3548 3570/4338/3544 3660/4340/3546
f 3652/4342/3548 3509/4343/3549 3638/4339/3545 3570/4338/3544
f 3519/4337/3543 3634/4336/3542 3571/4344/3550 3641/4345/3551
f 3634/4336/3542 3508/4335/3541 3639/4346/3552 3571/4344/3550
f 3510/4347/3553 3640/4348/3554 3571/4344/3550 3639/4346/3552
f 3640/4348/3554 3521/4349/3555 3641/4345/3551 3571/4344/3550
f 3509/4343/3549 3652/4342/3548 3572/4350/3556 3663/4351/3557
f 3652/4342/3548 3523/4341/3547 3661/4352/3558 3572/4350/3556
f 3555/4353/3559 3666/4354/3560 3572/4350/3556 3661/4352/3558
f 3666/4354/3560 3529/4355/3561 3663/4351/3557 3572/4350/3556
f 3521/4349/3555 3640/4348/3554 3573/4356/3562 3645/4357/3563
f 3640/4348/3554 3510/4347/3553 3643/4358/3564 3573/4356/3562
f 3511/4359/3565 3644/4360/3566 3573/4356/3562 3643/4358/3564
f 3644/4360/3566 3556/4361/3567 3645/4357/3563 3573/4356/3562
f 3512/4362/3568 3664/4363/3569 3574/4364/3570 3646/4365/3571
f 3664/4363/3569 3530/4366/3572 3667/4367/3573 3574/4364/3570
f 3539/4307/3513 3621/4304/3510 3574/4364/3570 3667/4367/3573
f 3621/4304/3510 3513/4303/3509 3646/4365/3571 3574/4364/3570
f 3514/4368/3574 3615/4369/3575 3575/4370/3576 3647/4371/3577
f 3615/4369/3575 3512/4362/3568 3646/4365/3571 3575/4370/3576
f 3513/4303/3509 3624/4315/3521 3575/4370/3576 3646/4365/3571
f 3624/4315/3521 3515/4314/3520 3647/4371/3577 3575/4370/3576
f 3516/4372/3578 3618/4373/3579 3576/4374/3580 3648/4375/3581
f 3618/4373/3579 3514/4368/3574 3647/4371/3577 3576/4374/3580
f 3515/4314/3520 3627/4321/3527 3576/4374/3580 3647/4371/3577
f 3627/4321/3527 3517/4320/3526 3648/4375/3581 3576/4374/3580
f 3518/4376/3582 3630/4377/3583 3577/4378/3584 3649/4379/3585
f 3630/4377/3583 3516/4372/3578 3648/4375/3581 3577/4378/3584
f 3517/4320/3526 3635/4333/3539 3577/4378/3584 3648/4375/3581
f 3635/4333/3539 3519/4337/3543 3649/4379/3585 3577/4378/3584
f 3520/4380/3586 3636/4381/3587 3578/4382/3588 3650/4383/3589
f 3636/4381/3587 3518/4376/3582 3649/4379/3585 3578/4382/3588
f 3519/4337/3543 3641/4345/3551 3578/4382/3588 3649/4379/3585
f 3641/4345/3551 3521/4349/3555 3650/4383/3589 3578/4382/3588
f 3527/4292/3498 3613/4384/3590 3579/4385/3591 3657/4293/3499
f 3613/4384/3590 3512/4362/3568 3615/4369/3575 3579/4385/3591
f 3514/4368/3574 3616/4386/3592 3579/4385/3591 3615/4369/3575
f 3616/4386/3592 3526/4294/3500 3657/4293/3499 3579/4385/3591
f 3526/4294/3500 3616/4386/3592 3580/4387/3593 3658/4299/3505
f 3616/4386/3592 3514/4368/3574 3618/4373/3579 3580/4387/3593
f 3516/4372/3578 3619/4388/3594 3580/4387/3593 3618/4373/3579
f 3619/4388/3594 3525/4300/3506 3658/4299/3505 3580/4387/3593
f 3525/4300/3506 3619/4388/3594 3581/4389/3595 3659/4328/3534
f 3619/4388/3594 3516/4372/3578 3630/4377/3583 3581/4389/3595
f 3518/4376/3582 3631/4390/3596 3581/4389/3595 3630/4377/3583
f 3631/4390/3596 3524/4329/3535 3659/4328/3534 3581/4389/3595
f 3524/4329/3535 3631/4390/3596 3582/4391/3597 3660/4340/3546
f 3631/4390/3596 3518/4376/3582 3636/4381/3587 3582/4391/3597
f 3520/4380/3586 3637/4392/3598 3582/4391/3597 3636/4381/3587
f 3637/4392/3598 3523/4341/3547 3660/4340/3546 3582/4391/3597
f 3523/4341/3547 3637/4392/3598 3583/4393/3599 3661/4352/3558
f 3637/4392/3598 3520/4380/3586 3642/4394/3600 3583/4393/3599
f 3562/4395/3601 3720/4396/3602 3583/4393/3599 3642/4394/3600
f 3720/4396/3602 3555/4353/3559 3661/4352/3558 3583/4393/3599
f 3527/4292/3498 3656/4289/3495 3584/4397/3603 3662/4398/3604
f 3656/4289/3495 3500/4288/3494 3614/4399/3605 3584/4397/3603
f 3528/4400/3606 3669/4401/3607 3584/4397/3603 3614/4399/3605
f 3669/4401/3607 3531/4402/3608 3662/4398/3604 3584/4397/3603
f 3562/4395/3601 3642/4394/3600 3585/4403/3609 3723/4404/3610
f 3642/4394/3600 3520/4380/3586 3650/4383/3589 3585/4403/3609
f 3521/4349/3555 3645/4357/3563 3585/4403/3609 3650/4383/3589
f 3645/4357/3563 3556/4361/3567 3723/4404/3610 3585/4403/3609
f 3530/4366/3572 3664/4363/3569 3586/4405/3611 3668/4406/3612
f 3664/4363/3569 3512/4362/3568 3613/4384/3590 3586/4405/3611
f 3527/4292/3498 3662/4398/3604 3586/4405/3611 3613/4384/3590
f 3662/4398/3604 3531/4402/3608 3668/4406/3612 3586/4405/3611
f 3503/4407/3613 3622/4408/3614 3587/4409/3615 3725/4410/3616
f 3622/4408/3614 3522/4311/3517 3665/4310/3516 3587/4409/3615
f 3540/4309/3515 3725/4410/3616 3587/4409/3615 3665/4310/3516
f 3532/4411/3617 3673/4412/3618 3588/4413/3619 3670/4414/3620
f 3673/4412/3618 3535/4415/3621 3672/4416/3622 3588/4413/3619
f 3534/4417/3623 3671/4418/3624 3588/4413/3619 3672/4416/3622
f 3671/4418/3624 3533/4419/3625 3670/4414/3620 3588/4413/3619
f 3535/4415/3621 3676/4420/3626 3589/4421/3627 3672/4416/3622
f 3676/4420/3626 3537/4422/3628 3675/4423/3629 3589/4421/3627
f 3536/4424/3630 3674/4425/3631 3589/4421/3627 3675/4423/3629
f 3674/4425/3631 3534/4417/3623 3672/4416/3622 3589/4421/3627
f 3538/4426/3632 3681/4427/3633 3590/4428/3634 3677/4429/3635
f 3681/4427/3633 3542/4430/3636 3680/4431/3637 3590/4428/3634
f 3541/4432/3638 3679/4433/3639 3590/4428/3634 3680/4431/3637
f 3679/4433/3639 3540/4434/3515 3678/4435/3514 3590/4428/3634
f 3539/4436/3513 3677/4429/3635 3590/4428/3634 3678/4435/3514
f 3543/4437/3640 3684/4438/3641 3591/4439/3642 3682/4440/3643
f 3684/4438/3641 3544/4441/3644 3683/4442/3645 3591/4439/3642
f 3542/4430/3636 3681/4427/3633 3591/4439/3642 3683/4442/3645
f 3681/4427/3633 3538/4426/3632 3682/4440/3643 3591/4439/3642
f 3545/4443/3646 3687/4444/3647 3592/4445/3648 3685/4446/3649
f 3687/4444/3647 3546/4447/3650 3686/4448/3651 3592/4445/3648
f 3544/4441/3644 3684/4438/3641 3592/4445/3648 3686/4448/3651
f 3684/4438/3641 3543/4437/3640 3685/4446/3649 3592/4445/3648
f 3537/4422/3628 3690/4449/3652 3593/4450/3653 3675/4423/3629
f 3690/4449/3652 3548/4451/3654 3689/4452/3655 3593/4450/3653
f 3547/4453/3656 3688/4454/3657 3593/4450/3653 3689/4452/3655
f 3688/4454/3657 3536/4424/3630 3675/4423/3629 3593/4450/3653
f 3545/4443/3646 3693/4455/3658 3594/4456/3659 3687/4444/3647
f 3693/4455/3658 3550/4457/3660 3692/4458/3661 3594/4456/3659
f 3549/4459/3662 3691/4460/3663 3594/4456/3659 3692/4458/3661
f 3691/4460/3663 3546/4447/3650 3687/4444/3647 3594/4456/3659
f 3548/4451/3654 3696/4461/3664 3595/4462/3665 3689/4452/3655
f 3696/4461/3664 3552/4463/3666 3695/4464/3667 3595/4462/3665
f 3551/4465/3668 3694/4466/3669 3595/4462/3665 3695/4464/3667
f 3694/4466/3669 3547/4453/3656 3689/4452/3655 3595/4462/3665
f 3550/4457/3660 3699/4467/3670 3596/4468/3671 3692/4458/3661
f 3699/4467/3670 3554/4469/3672 3698/4470/3673 3596/4468/3671
f 3553/4471/3674 3697/4472/3675 3596/4468/3671 3698/4470/3673
f 3697/4472/3675 3549/4459/3662 3692/4458/3661 3596/4468/3671
f 3552/4463/3666 3701/4473/3676 3597/4474/3677 3695/4464/3667
f 3701/4473/3676 3529/4475/3561 3666/4476/3560 3597/4474/3677
f 3555/4477/3559 3700/4478/3678 3597/4474/3677 3666/4476/3560
f 3700/4478/3678 3551/4465/3668 3695/4464/3667 3597/4474/3677
f 3554/4469/3672 3703/4479/3679 3598/4480/3680 3698/4470/3673
f 3703/4479/3679 3556/4481/3567 3644/4482/3566 3598/4480/3680
f 3511/4483/3565 3702/4484/3681 3598/4480/3680 3644/4482/3566
f 3702/4484/3681 3553/4471/3674 3698/4470/3673 3598/4480/3680
f 3557/4485/3682 3705/4486/3683 3599/4487/3684 3704/4488/3685
f 3705/4486/3683 3538/4426/3632 3677/4429/3635 3599/4487/3684
f 3539/4436/3513 3667/4489/3573 3599/4487/3684 3677/4429/3635
f 3667/4489/3573 3530/4490/3572 3704/4488/3685 3599/4487/3684
f 3558/4491/3686 3707/4492/3687 3600/4493/3688 3706/4494/3689
f 3707/4492/3687 3543/4437/3640 3682/4440/3643 3600/4493/3688
f 3538/4426/3632 3705/4486/3683 3600/4493/3688 3682/4440/3643
f 3705/4486/3683 3557/4485/3682 3706/4494/3689 3600/4493/3688
f 3559/4495/3690 3709/4496/3691 3601/4497/3692 3708/4498/3693
f 3709/4496/3691 3545/4443/3646 3685/4446/3649 3601/4497/3692
f 3543/4437/3640 3707/4492/3687 3601/4497/3692 3685/4446/3649
f 3707/4492/3687 3558/4491/3686 3708/4498/3693 3601/4497/3692
f 3560/4499/3694 3711/4500/3695 3602/4501/3696 3710/4502/3697
f 3711/4500/3695 3550/4457/3660 3693/4455/3658 3602/4501/3696
f 3545/4443/3646 3709/4496/3691 3602/4501/3696 3693/4455/3658
f 3709/4496/3691 3559/4495/3690 3710/4502/3697 3602/4501/3696
f 3561/4503/3698 3713/4504/3699 3603/4505/3700 3712/4506/3701
f 3713/4504/3699 3554/4469/3672 3699/4467/3670 3603/4505/3700
f 3550/4457/3660 3711/4500/3695 3603/4505/3700 3699/4467/3670
f 3711/4500/3695 3560/4499/3694 3712/4506/3701 3603/4505/3700
f 3533/4419/3625 3671/4418/3624 3604/4507/3702 3714/4508/3703
f 3671/4418/3624 3534/4417/3623 3715/4509/3704 3604/4507/3702
f 3558/4491/3686 3706/4494/3689 3604/4507/3702 3715/4509/3704
f 3706/4494/3689 3557/4485/3682 3714/4508/3703 3604/4507/3702
f 3534/4417/3623 3674/4425/3631 3605/4510/3705 3715/4509/3704
f 3674/4425/3631 3536/4424/3630 3716/4511/3706 3605/4510/3705
f 3559/4495/3690 3708/4498/3693 3605/4510/3705 3716/4511/3706
f 3708/4498/3693 3558/4491/3686 3715/4509/3704 3605/4510/3705
f 3536/4424/3630 3688/4454/3657 3606/4512/3707 3716/4511/3706
f 3688/4454/3657 3547/4453/3656 3717/4513/3708 3606/4512/3707
f 3560/4499/3694 3710/4502/3697 3606/4512/3707 3717/4513/3708
f 3710/4502/3697 3559/4495/3690 3716/4511/3706 3606/4512/3707
f 3547/4453/3656 3694/4466/3669 3607/4514/3709 3717/4513/3708
f 3694/4466/3669 3551/4465/3668 3718/4515/3710 3607/4514/3709
f 3561/4503/3698 3712/4506/3701 3607/4514/3709 3718/4515/3710
f 3712/4506/3701 3560/4499/3694 3717/4513/3708 3607/4514/3709
f 3551/4465/3668 3700/4478/3678 3608/4516/3711 3718/4515/3710
f 3700/4478/3678 3555/4477/3559 3720/4517/3602 3608/4516/3711
f 3562/4518/3601 3719/4519/3712 3608/4516/3711 3720/4517/3602
f 3719/4519/3712 3561/4503/3698 3718/4515/3710 3608/4516/3711
f 3533/4419/3625 3722/4520/3713 3609/4521/3714 3670/4414/3620
f 3722/4520/3713 3531/4522/3608 3669/4523/3607 3609/4521/3714
f 3528/4524/3606 3721/4525/3715 3609/4521/3714 3669/4523/3607
f 3721/4525/3715 3532/4411/3617 3670/4414/3620 3609/4521/3714
f 3562/4518/3601 3723/4526/3610 3610/4527/3716 3719/4519/3712
f 3723/4526/3610 3556/4481/3567 3703/4479/3679 3610/4527/3716
f 3554/4469/3672 3713/4504/3699 3610/4527/3716 3703/4479/3679
f 3713/4504/3699 3561/4503/3698 3719/4519/3712 3610/4527/3716
f 3530/4490/3572 3668/4528/3612 3611/4529/3717 3704/4488/3685
f 3668/4528/3612 3531/4522/3608 3722/4520/3713 3611/4529/3717
f 3533/4419/3625 3714/4508/3703 3611/4529/3717 3722/4520/3713
f 3714/4508/3703 3557/4485/3682 3704/4488/3685 3611/4529/3717
f 3503/4530/3613 3725/4531/3616 3612/4532/3718 3724/4533/3719
f 3725/4531/3616 3540/4434/3515 3679/4433/3639 3612/4532/3718
f 3541/4432/3638 3724/4533/3719 3612/4532/3718 3679/4433/3639
f 3789/4534/3720 3882/4535/3721 3726/4536/3722 3843/4537/3723
f 3883/4538/3724 3753/4539/3725 3882/4535/3721 3789/4534/3720
f 3789/4534/3720 3881/4540/3726 3752/4541/3727 3883/4538/3724
f 3843/4537/3723 3727/4542/3728 3881/4540/3726 3789/4534/3720
f 3790/4543/3729 3881/4540/3726 3727/4542/3728 3846/4544/3730
f 3884/4545/3731 3752/4541/3727 3881/4540/3726 3790/4543/3729
f 3790/4543/3729 3880/4546/3732 3751/4547/3733 3884/4545/3731
f 3846/4544/3730 3728/4548/3734 3880/4546/3732 3790/4543/3729
f 3791/4549/3735 3847/4550/3736 3739/4551/3737 3849/4552/3738
f 3904/4553/3739 3765/4554/3740 3847/4550/3736 3791/4549/3735
f 3791/4549/3735 3891/4555/3741 3766/4556/3742 3904/4553/3739
f 3877/4557/3743 3748/4558/3744 3891/4555/3741 3791/4549/3735
f 3791/4549/3735 3849/4552/3738 3730/4559/3745 3877/4557/3743
f 3792/4560/3746 3850/4561/3747 3741/4562/3748 3852/4563/3749
f 3849/4552/3738 3739/4551/3737 3850/4561/3747 3792/4560/3746
f 3792/4560/3746 3851/4564/3750 3730/4559/3745 3849/4552/3738
f 3852/4563/3749 3731/4565/3751 3851/4564/3750 3792/4560/3746
f 3793/4566/3752 3853/4567/3753 3743/4568/3754 3855/4569/3755
f 3852/4563/3749 3741/4562/3748 3853/4567/3753 3793/4566/3752
f 3793/4566/3752 3854/4570/3756 3731/4565/3751 3852/4563/3749
f 3855/4569/3755 3732/4571/3757 3854/4570/3756 3793/4566/3752
f 3794/4572/3758 3880/4546/3732 3728/4548/3734 3858/4573/3759
f 3885/4574/3760 3751/4547/3733 3880/4546/3732 3794/4572/3758
f 3794/4572/3758 3879/4575/3761 3750/4576/3762 3885/4574/3760
f 3858/4573/3759 3733/4577/3763 3879/4575/3761 3794/4572/3758
f 3795/4578/3764 3855/4569/3755 3743/4568/3754 3861/4579/3765
f 3859/4580/3766 3732/4571/3757 3855/4569/3755 3795/4578/3764
f 3795/4578/3764 3860/4581/3767 3734/4582/3768 3859/4580/3766
f 3861/4579/3765 3745/4583/3769 3860/4581/3767 3795/4578/3764
f 3796/4584/3770 3879/4575/3761 3733/4577/3763 3864/4585/3771
f 3886/4586/3772 3750/4576/3762 3879/4575/3761 3796/4584/3770
f 3796/4584/3770 3878/4587/3773 3749/4588/3774 3886/4586/3772
f 3864/4585/3771 3735/4589/3775 3878/4587/3773 3796/4584/3770
f 3797/4590/3776 3860/4581/3767 3745/4583/3769 3867/4591/3777
f 3865/4592/3778 3734/4582/3768 3860/4581/3767 3797/4590/3776
f 3797/4590/3776 3866/4593/3779 3736/4594/3780 3865/4592/3778
f 3867/4591/3777 3747/4595/3781 3866/4593/3779 3797/4590/3776
f 3798/4596/3782 3878/4587/3773 3735/4589/3775 3889/4597/3783
f 3887/4598/3784 3749/4588/3774 3878/4587/3773 3798/4596/3782
f 3798/4596/3782 3892/4599/3785 3781/4600/3786 3887/4598/3784
f 3889/4597/3783 3755/4601/3787 3892/4599/3785 3798/4596/3782
f 3799/4602/3788 3866/4593/3779 3747/4595/3781 3871/4603/3789
f 3869/4604/3790 3736/4594/3780 3866/4593/3779 3799/4602/3788
f 3799/4602/3788 3870/4605/3791 3737/4606/3792 3869/4604/3790
f 3871/4603/3789 3782/4607/3793 3870/4605/3791 3799/4602/3788
f 3800/4608/3794 3890/4609/3795 3738/4610/3796 3872/4611/3797
f 3893/4612/3798 3756/4613/3799 3890/4609/3795 3800/4608/3794
f 3800/4608/3794 3847/4550/3736 3765/4554/3740 3893/4612/3798
f 3872/4611/3797 3739/4551/3737 3847/4550/3736 3800/4608/3794
f 3801/4614/3800 3841/4615/3801 3740/4616/3802 3873/4617/3803
f 3872/4611/3797 3738/4610/3796 3841/4615/3801 3801/4614/3800
f 3801/4614/3800 3850/4561/3747 3739/4551/3737 3872/4611/3797
f 3873/4617/3803 3741/4562/3748 3850/4561/3747 3801/4614/3800
f 3802/4618/3804 3844/4619/3805 3742/4620/3806 3874/4621/3807
f 3873/4617/3803 3740/4616/3802 3844/4619/3805 3802/4618/3804
f 3802/4618/3804 3853/4567/3753 3741/4562/3748 3873/4617/3803
f 3874/4621/3807 3743/4568/3754 3853/4567/3753 3802/4618/3804
f 3803/4622/3808 3856/4623/3809 3744/4624/3810 3875/4625/3811
f 3874/4621/3807 3742/4620/3806 3856/4623/3809 3803/4622/3808
f 3803/4622/3808 3861/4579/3765 3743/4568/3754 3874/4621/3807
f 3875/4625/3811 3745/4583/3769 3861/4579/3765 3803/4622/3808
f 3804/4626/3812 3862/4627/3813 3746/4628/3814 3876/4629/3815
f 3875/4625/3811 3744/4624/3810 3862/4627/3813 3804/4626/3812
f 3804/4626/3812 3867/4591/3777 3745/4583/3769 3875/4625/3811
f 3876/4629/3815 3747/4595/3781 3867/4591/3777 3804/4626/3812
f 3805/4630/3816 3839/4631/3817 3753/4539/3725 3883/4538/3724
f 3841/4615/3801 3738/4610/3796 3839/4631/3817 3805/4630/3816
f 3805/4630/3816 3842/4632/3818 3740/4616/3802 3841/4615/3801
f 3883/4538/3724 3752/4541/3727 3842/4632/3818 3805/4630/3816
f 3806/4633/3819 3842/4632/3818 3752/4541/3727 3884/4545/3731
f 3844/4619/3805 3740/4616/3802 3842/4632/3818 3806/4633/3819
f 3806/4633/3819 3845/4634/3820 3742/4620/3806 3844/4619/3805
f 3884/4545/3731 3751/4547/3733 3845/4634/3820 3806/4633/3819
f 3807/4635/3821 3845/4634/3820 3751/4547/3733 3885/4574/3760
f 3856/4623/3809 3742/4620/3806 3845/4634/3820 3807/4635/3821
f 3807/4635/3821 3857/4636/3822 3744/4624/3810 3856/4623/3809
f 3885/4574/3760 3750/4576/3762 3857/4636/3822 3807/4635/3821
f 3808/4637/3823 3857/4636/3822 3750/4576/3762 3886/4586/3772
f 3862/4627/3813 3744/4624/3810 3857/4636/3822 3808/4637/3823
f 3808/4637/3823 3863/4638/3824 3746/4628/3814 3862/4627/3813
f 3886/4586/3772 3749/4588/3774 3863/4638/3824 3808/4637/3823
f 3809/4639/3825 3863/4638/3824 3749/4588/3774 3887/4598/3784
f 3868/4640/3826 3746/4628/3814 3863/4638/3824 3809/4639/3825
f 3809/4639/3825 3946/4641/3827 3788/4642/3828 3868/4640/3826
f 3887/4598/3784 3781/4600/3786 3946/4641/3827 3809/4639/3825
f 3810/4643/3829 3882/4535/3721 3753/4539/3725 3888/4644/3830
f 3840/4645/3831 3726/4536/3722 3882/4535/3721 3810/4643/3829
f 3810/4643/3829 3895/4646/3832 3754/4647/3833 3840/4645/3831
f 3888/4644/3830 3757/4648/3834 3895/4646/3832 3810/4643/3829
f 3811/4649/3835 3868/4640/3826 3788/4642/3828 3949/4650/3836
f 3876/4629/3815 3746/4628/3814 3868/4640/3826 3811/4649/3835
f 3811/4649/3835 3871/4603/3789 3747/4595/3781 3876/4629/3815
f 3949/4650/3836 3782/4607/3793 3871/4603/3789 3811/4649/3835
f 3812/4651/3837 3890/4609/3795 3756/4613/3799 3894/4652/3838
f 3839/4631/3817 3738/4610/3796 3890/4609/3795 3812/4651/3837
f 3812/4651/3837 3888/4644/3830 3753/4539/3725 3839/4631/3817
f 3894/4652/3838 3757/4648/3834 3888/4644/3830 3812/4651/3837
f 3813/4653/3839 3848/4654/3840 3729/4655/3841 3951/4656/3842
f 3891/4555/3741 3748/4558/3744 3848/4654/3840 3813/4653/3839
f 3813/4653/3839 3951/4656/3842 3766/4556/3742 3891/4555/3741
f 3814/4657/3843 3899/4658/3844 3758/4659/3845 3896/4660/3846
f 3898/4661/3847 3761/4662/3848 3899/4658/3844 3814/4657/3843
f 3814/4657/3843 3897/4663/3849 3760/4664/3850 3898/4661/3847
f 3896/4660/3846 3759/4665/3851 3897/4663/3849 3814/4657/3843
f 3815/4666/3852 3902/4667/3853 3761/4662/3848 3898/4661/3847
f 3901/4668/3854 3763/4669/3855 3902/4667/3853 3815/4666/3852
f 3815/4666/3852 3900/4670/3856 3762/4671/3857 3901/4668/3854
f 3898/4661/3847 3760/4664/3850 3900/4670/3856 3815/4666/3852
f 3816/4672/3858 3907/4673/3859 3764/4674/3860 3903/4675/3861
f 3906/4676/3862 3768/4677/3863 3907/4673/3859 3816/4672/3858
f 3816/4672/3858 3905/4678/3864 3767/4679/3865 3906/4676/3862
f 3904/4680/3739 3766/4681/3742 3905/4678/3864 3816/4672/3858
f 3816/4672/3858 3903/4675/3861 3765/4682/3740 3904/4680/3739
f 3817/4683/3866 3910/4684/3867 3769/4685/3868 3908/4686/3869
f 3909/4687/3870 3770/4688/3871 3910/4684/3867 3817/4683/3866
f 3817/4683/3866 3907/4673/3859 3768/4677/3863 3909/4687/3870
f 3908/4686/3869 3764/4674/3860 3907/4673/3859 3817/4683/3866
f 3818/4689/3872 3913/4690/3873 3771/4691/3874 3911/4692/3875
f 3912/4693/3876 3772/4694/3877 3913/4690/3873 3818/4689/3872
f 3818/4689/3872 3910/4684/3867 3770/4688/3871 3912/4693/3876
f 3911/4692/3875 3769/4685/3868 3910/4684/3867 3818/4689/3872
f 3819/4695/3878 3916/4696/3879 3763/4669/3855 3901/4668/3854
f 3915/4697/3880 3774/4698/3881 3916/4696/3879 3819/4695/3878
f 3819/4695/3878 3914/4699/3882 3773/4700/3883 3915/4697/3880
f 3901/4668/3854 3762/4671/3857 3914/4699/3882 3819/4695/3878
f 3820/4701/3884 3919/4702/3885 3771/4691/3874 3913/4690/3873
f 3918/4703/3886 3776/4704/3887 3919/4702/3885 3820/4701/3884
f 3820/4701/3884 3917/4705/3888 3775/4706/3889 3918/4703/3886
f 3913/4690/3873 3772/4694/3877 3917/4705/3888 3820/4701/3884
f 3821/4707/3890 3922/4708/3891 3774/4698/3881 3915/4697/3880
f 3921/4709/3892 3778/4710/3893 3922/4708/3891 3821/4707/3890
f 3821/4707/3890 3920/4711/3894 3777/4712/3895 3921/4709/3892
f 3915/4697/3880 3773/4700/3883 3920/4711/3894 3821/4707/3890
f 3822/4713/3896 3925/4714/3897 3776/4704/3887 3918/4703/3886
f 3924/4715/3898 3780/4716/3899 3925/4714/3897 3822/4713/3896
f 3822/4713/3896 3923/4717/3900 3779/4718/3901 3924/4715/3898
f 3918/4703/3886 3775/4706/3889 3923/4717/3900 3822/4713/3896
f 3823/4719/3902 3927/4720/3903 3778/4710/3893 3921/4709/3892
f 3892/4721/3785 3755/4722/3787 3927/4720/3903 3823/4719/3902
f 3823/4719/3902 3926/4723/3904 3781/4724/3786 3892/4721/3785
f 3921/4709/3892 3777/4712/3895 3926/4723/3904 3823/4719/3902
f 3824/4725/3905 3929/4726/3906 3780/4716/3899 3924/4715/3898
f 3870/4727/3791 3782/4728/3793 3929/4726/3906 3824/4725/3905
f 3824/4725/3905 3928/4729/3907 3737/4730/3792 3870/4727/3791
f 3924/4715/3898 3779/4718/3901 3928/4729/3907 3824/4725/3905
f 3825/4731/3908 3931/4732/3909 3783/4733/3910 3930/4734/3911
f 3903/4675/3861 3764/4674/3860 3931/4732/3909 3825/4731/3908
f 3825/4731/3908 3893/4735/3798 3765/4682/3740 3903/4675/3861
f 3930/4734/3911 3756/4736/3799 3893/4735/3798 3825/4731/3908
f 3826/4737/3912 3933/4738/3913 3784/4739/3914 3932/4740/3915
f 3908/4686/3869 3769/4685/3868 3933/4738/3913 3826/4737/3912
f 3826/4737/3912 3931/4732/3909 3764/4674/3860 3908/4686/3869
f 3932/4740/3915 3783/4733/3910 3931/4732/3909 3826/4737/3912
f 3827/4741/3916 3935/4742/3917 3785/4743/3918 3934/4744/3919
f 3911/4692/3875 3771/4691/3874 3935/4742/3917 3827/4741/3916
f 3827/4741/3916 3933/4738/3913 3769/4685/3868 3911/4692/3875
f 3934/4744/3919 3784/4739/3914 3933/4738/3913 3827/4741/3916
f 3828/4745/3920 3937/4746/3921 3786/4747/3922 3936/4748/3923
f 3919/4702/3885 3776/4704/3887 3937/4746/3921 3828/4745/3920
f 3828/4745/3920 3935/4742/3917 3771/4691/3874 3919/4702/3885
f 3936/4748/3923 3785/4743/3918 3935/4742/3917 3828/4745/3920
f 3829/4749/3924 3939/4750/3925 3787/4751/3926 3938/4752/3927
f 3925/4714/3897 3780/4716/3899 3939/4750/3925 3829/4749/3924
f 3829/4749/3924 3937/4746/3921 3776/4704/3887 3925/4714/3897
f 3938/4752/3927 3786/4747/3922 3937/4746/3921 3829/4749/3924
f 3830/4753/3928 3897/4663/3849 3759/4665/3851 3940/4754/3929
f 3941/4755/3930 3760/4664/3850 3897/4663/3849 3830/4753/3928
f 3830/4753/3928 3932/4740/3915 3784/4739/3914 3941/4755/3930
f 3940/4754/3929 3783/4733/3910 3932/4740/3915 3830/4753/3928
f 3831/4756/3931 3900/4670/3856 3760/4664/3850 3941/4755/3930
f 3942/4757/3932 3762/4671/3857 3900/4670/3856 3831/4756/3931
f 3831/4756/3931 3934/4744/3919 3785/4743/3918 3942/4757/3932
f 3941/4755/3930 3784/4739/3914 3934/4744/3919 3831/4756/3931
f 3832/4758/3933 3914/4699/3882 3762/4671/3857 3942/4757/3932
f 3943/4759/3934 3773/4700/3883 3914/4699/3882 3832/4758/3933
f 3832/4758/3933 3936/4748/3923 3786/4747/3922 3943/4759/3934
f 3942/4757/3932 3785/4743/3918 3936/4748/3923 3832/4758/3933
f 3833/4760/3935 3920/4711/3894 3773/4700/3883 3943/4759/3934
f 3944/4761/3936 3777/4712/3895 3920/4711/3894 3833/4760/3935
f 3833/4760/3935 3938/4752/3927 3787/4751/3926 3944/4761/3936
f 3943/4759/3934 3786/4747/3922 3938/4752/3927 3833/4760/3935
f 3834/4762/3937 3926/4723/3904 3777/4712/3895 3944/4761/3936
f 3946/4763/3827 3781/4724/3786 3926/4723/3904 3834/4762/3937
f 3834/4762/3937 3945/4764/3938 3788/4765/3828 3946/4763/3827
f 3944/4761/3936 3787/4751/3926 3945/4764/3938 3834/4762/3937
f 3835/4766/3939 3948/4767/3940 3759/4665/3851 3896/4660/3846
f 3895/4768/3832 3757/4769/3834 3948/4767/3940 3835/4766/3939
f 3835/4766/3939 3947/4770/3941 3754/4771/3833 3895/4768/3832
f 3896/4660/3846 3758/4659/3845 3947/4770/3941 3835/4766/3939
f 3836/4772/3942 3949/4773/3836 3788/4765/3828 3945/4764/3938
f 3929/4726/3906 3782/4728/3793 3949/4773/3836 3836/4772/3942
f 3836/4772/3942 3939/4750/3925 3780/4716/3899 3929/4726/3906
f 3945/4764/3938 3787/4751/3926 3939/4750/3925 3836/4772/3942
f 3837/4774/3943 3894/4775/3838 3756/4736/3799 3930/4734/3911
f 3948/4767/3940 3757/4769/3834 3894/4775/3838 3837/4774/3943
f 3837/4774/3943 3940/4754/3929 3759/4665/3851 3948/4767/3940
f 3930/4734/3911 3783/4733/3910 3940/4754/3929 3837/4774/3943
f 3838/4776/3944 3951/4777/3842 3729/4778/3841 3950/4779/3945
f 3905/4678/3864 3766/4681/3742 3951/4777/3842 3838/4776/3944
f 3838/4776/3944 3950/4779/3945 3767/4679/3865 3905/4678/3864
f 3500/4288/3494 3617/4291/3497 3953/4780/3946 3952/4781/3947
f 3952/4781/3947 3953/4780/3946 3843/4782/3723 3726/4783/3722
f 3617/4291/3497 3501/4296/3502 3954/4784/3948 3953/4780/3946
f 3953/4780/3946 3954/4784/3948 3727/4785/3728 3843/4782/3723
f 3501/4296/3502 3620/4298/3504 3955/4786/3949 3954/4784/3948
f 3954/4784/3948 3955/4786/3949 3846/4787/3730 3727/4785/3728
f 3620/4298/3504 3502/4302/3508 3962/4788/3950 3955/4786/3949
f 3955/4786/3949 3962/4788/3950 3728/4789/3734 3846/4787/3730
f 3651/4312/3518 3522/4311/3517 3977/4790/3951 3956/4791/3952
f 3956/4791/3952 3977/4790/3951 3748/4792/3744 3877/4793/3743
f 3504/4313/3519 3651/4312/3518 3956/4791/3952 3957/4794/3953
f 3957/4794/3953 3956/4791/3952 3877/4793/3743 3730/4795/3745
f 3625/4318/3524 3504/4313/3519 3957/4794/3953 3958/4796/3954
f 3958/4796/3954 3957/4794/3953 3730/4795/3745 3851/4797/3750
f 3505/4319/3525 3625/4318/3524 3958/4796/3954 3959/4798/3955
f 3959/4798/3955 3958/4796/3954 3851/4797/3750 3731/4799/3751
f 3628/4324/3530 3505/4319/3525 3959/4798/3955 3960/4800/3956
f 3960/4800/3956 3959/4798/3955 3731/4799/3751 3854/4801/3756
f 3506/4325/3531 3628/4324/3530 3960/4800/3956 3961/4802/3957
f 3961/4802/3957 3960/4800/3956 3854/4801/3756 3732/4803/3757
f 3502/4302/3508 3632/4327/3533 3963/4804/3958 3962/4788/3950
f 3962/4788/3950 3963/4804/3958 3858/4805/3759 3728/4789/3734
f 3632/4327/3533 3507/4331/3537 3966/4806/3959 3963/4804/3958
f 3963/4804/3958 3966/4806/3959 3733/4807/3763 3858/4805/3759
f 3633/4334/3540 3506/4325/3531 3961/4802/3957 3964/4808/3960
f 3964/4808/3960 3961/4802/3957 3732/4803/3757 3859/4809/3766
f 3508/4335/3541 3633/4334/3540 3964/4808/3960 3965/4810/3961
f 3965/4810/3961 3964/4808/3960 3859/4809/3766 3734/4811/3768
f 3507/4331/3537 3638/4339/3545 3967/4812/3962 3966/4806/3959
f 3966/4806/3959 3967/4812/3962 3864/4813/3771 3733/4807/3763
f 3638/4339/3545 3509/4343/3549 3970/4814/3963 3967/4812/3962
f 3967/4812/3962 3970/4814/3963 3735/4815/3775 3864/4813/3771
f 3639/4346/3552 3508/4335/3541 3965/4810/3961 3968/4816/3964
f 3968/4816/3964 3965/4810/3961 3734/4811/3768 3865/4817/3778
f 3510/4347/3553 3639/4346/3552 3968/4816/3964 3969/4818/3965
f 3969/4818/3965 3968/4816/3964 3865/4817/3778 3736/4819/3780
f 3509/4343/3549 3663/4351/3557 3971/4820/3966 3970/4814/3963
f 3970/4814/3963 3971/4820/3966 3889/4821/3783 3735/4815/3775
f 3663/4351/3557 3529/4355/3561 3997/4822/3967 3971/4820/3966
f 3971/4820/3966 3997/4822/3967 3755/4823/3787 3889/4821/3783
f 3643/4358/3564 3510/4347/3553 3969/4818/3965 3972/4824/3968
f 3972/4824/3968 3969/4818/3965 3736/4819/3780 3869/4825/3790
f 3511/4359/3565 3643/4358/3564 3972/4824/3968 3973/4826/3969
f 3973/4826/3969 3972/4824/3968 3869/4825/3790 3737/4827/3792
f 3614/4399/3605 3500/4288/3494 3952/4781/3947 3974/4828/3970
f 3974/4828/3970 3952/4781/3947 3726/4783/3722 3840/4829/3831
f 3528/4400/3606 3614/4399/3605 3974/4828/3970 3975/4830/3971
f 3975/4830/3971 3974/4828/3970 3840/4829/3831 3754/4831/3833
f 3622/4408/3614 3503/4407/3613 4002/4832/3972 3976/4833/3973
f 3976/4833/3973 4002/4832/3972 3729/4834/3841 3848/4835/3840
f 3522/4311/3517 3622/4408/3614 3976/4833/3973 3977/4790/3951
f 3977/4790/3951 3976/4833/3973 3848/4835/3840 3748/4792/3744
f 3673/4412/3618 3532/4411/3617 4001/4836/3974 3978/4837/3975
f 3978/4837/3975 4001/4836/3974 3758/4838/3845 3899/4839/3844
f 3535/4415/3621 3673/4412/3618 3978/4837/3975 3979/4840/3976
f 3979/4840/3976 3978/4837/3975 3899/4839/3844 3761/4841/3848
f 3676/4420/3626 3535/4415/3621 3979/4840/3976 3980/4842/3977
f 3980/4842/3977 3979/4840/3976 3761/4841/3848 3902/4843/3853
f 3537/4422/3628 3676/4420/3626 3980/4842/3977 3981/4844/3978
f 3981/4844/3978 3980/4842/3977 3902/4843/3853 3763/4845/3855
f 3680/4431/3637 3542/4430/3636 3985/4846/3979 3982/4847/3980
f 3982/4847/3980 3985/4846/3979 3768/4848/3863 3906/4849/3862
f 3541/4432/3638 3680/4431/3637 3982/4847/3980 3983/4850/3981
f 3983/4850/3981 3982/4847/3980 3906/4849/3862 3767/4851/3865
f 3683/4442/3645 3544/4441/3644 3987/4852/3982 3984/4853/3983
f 3984/4853/3983 3987/4852/3982 3770/4854/3871 3909/4855/3870
f 3542/4430/3636 3683/4442/3645 3984/4853/3983 3985/4846/3979
f 3985/4846/3979 3984/4853/3983 3909/4855/3870 3768/4848/3863
f 3686/4448/3651 3546/4447/3650 3991/4856/3984 3986/4857/3985
f 3986/4857/3985 3991/4856/3984 3772/4858/3877 3912/4859/3876
f 3544/4441/3644 3686/4448/3651 3986/4857/3985 3987/4852/3982
f 3987/4852/3982 3986/4857/3985 3912/4859/3876 3770/4854/3871
f 3690/4449/3652 3537/4422/3628 3981/4844/3978 3988/4860/3986
f 3988/4860/3986 3981/4844/3978 3763/4845/3855 3916/4861/3879
f 3548/4451/3654 3690/4449/3652 3988/4860/3986 3989/4862/3987
f 3989/4862/3987 3988/4860/3986 3916/4861/3879 3774/4863/3881
f 3691/4460/3663 3549/4459/3662 3995/4864/3988 3990/4865/3989
f 3990/4865/3989 3995/4864/3988 3775/4866/3889 3917/4867/3888
f 3546/4447/3650 3691/4460/3663 3990/4865/3989 3991/4856/3984
f 3991/4856/3984 3990/4865/3989 3917/4867/3888 3772/4858/3877
f 3696/4461/3664 3548/4451/3654 3989/4862/3987 3992/4868/3990
f 3992/4868/3990 3989/4862/3987 3774/4863/3881 3922/4869/3891
f 3552/4463/3666 3696/4461/3664 3992/4868/3990 3993/4870/3991
f 3993/4870/3991 3992/4868/3990 3922/4869/3891 3778/4871/3893
f 3697/4472/3675 3553/4471/3674 3999/4872/3992 3994/4873/3993
f 3994/4873/3993 3999/4872/3992 3779/4874/3901 3923/4875/3900
f 3549/4459/3662 3697/4472/3675 3994/4873/3993 3995/4864/3988
f 3995/4864/3988 3994/4873/3993 3923/4875/3900 3775/4866/3889
f 3701/4473/3676 3552/4463/3666 3993/4870/3991 3996/4876/3994
f 3996/4876/3994 3993/4870/3991 3778/4871/3893 3927/4877/3903
f 3529/4475/3561 3701/4473/3676 3996/4876/3994 3997/4878/3967
f 3997/4878/3967 3996/4876/3994 3927/4877/3903 3755/4879/3787
f 3702/4484/3681 3511/4483/3565 3973/4880/3969 3998/4881/3995
f 3998/4881/3995 3973/4880/3969 3737/4882/3792 3928/4883/3907
f 3553/4471/3674 3702/4484/3681 3998/4881/3995 3999/4872/3992
f 3999/4872/3992 3998/4881/3995 3928/4883/3907 3779/4874/3901
f 3721/4525/3715 3528/4524/3606 3975/4884/3971 4000/4885/3996
f 4000/4885/3996 3975/4884/3971 3754/4886/3833 3947/4887/3941
f 3532/4411/3617 3721/4525/3715 4000/4885/3996 4001/4836/3974
f 4001/4836/3974 4000/4885/3996 3947/4887/3941 3758/4838/3845
f 3503/4530/3613 3724/4533/3719 4003/4888/3997 4002/4889/3972
f 4002/4889/3972 4003/4888/3997 3950/4890/3945 3729/4891/3841
f 3724/4533/3719 3541/4432/3638 3983/4850/3981 4003/4888/3997
f 4003/4888/3997 3983/4850/3981 3767/4851/3865 3950/4890/3945
f 4007/4892/3998 4015/4893/3999 4014/4894/4000 4008/4895/4001
f 4014/4894/4000 4013/4896/4002 4009/4897/4003 4008/4895/4001
f 4007/4892/3998 4008/4895/4001 4011/4898/4004 4010/4899/4005
f 4008/4895/4001 4009/4897/4003 4012/4900/4006 4011/4898/4004
f 4015/4893/3999 4004/4901/4007 4005/4902/4008 4014/4894/4000
f 4005/4902/4008 4006/4903/4009 4013/4896/4002 4014/4894/4000
f 4026/4904/4010 4027/4905/4011 4019/4906/4012 4020/4907/4013
f 4021/4908/4014 4025/4909/4015 4026/4904/4010 4020/4907/4013
f 4023/4910/4016 4020/4907/4013 4019/4906/4012 4022/4911/4017
f 4024/4912/4018 4021/4908/4014 4020/4907/4013 4023/4910/4016
f 4017/4913/4019 4016/4914/4020 4027/4905/4011 4026/4904/4010
f 4025/4909/4015 4018/4915/4021 4017/4913/4019 4026/4904/4010
f 4015/4893/3999 4007/4892/3998 4019/4916/4012 4027/4917/4011
f 4009/4897/4003 4013/4896/4002 4025/4918/4015 4021/4919/4014
f 4010/4899/4005 4011/4898/4004 4023/4910/4016 4022/4911/4017
f 4007/4892/3998 4010/4899/4005 4022/4920/4017 4019/4916/4012
f 4012/4900/4006 4009/4897/4003 4021/4919/4014 4024/4921/4018
f 4011/4898/4004 4012/4900/4006 4024/4912/4018 4023/4910/4016
f 4004/4901/4007 4015/4893/3999 4027/4917/4011 4016/4922/4020
f 4005/4923/4008 4004/4924/4007 4016/4914/4020 4017/4913/4019
f 4006/4925/4009 4005/4923/4008 4017/4913/4019 4018/4915/4021
f 4013/4896/4002 4006/4903/4009 4018/4926/4021 4025/4918/4015
f 4031/4927/4022 4039/4928/4023 4038/4929/4024 4032/4930/4025
f 4038/4929/4024 4037/4931/4026 4033/4932/4027 4032/4930/4025
f 4031/4927/4022 4032/4930/4025 4035/4933/4028 4034/4934/4029
f 4032/4930/4025 4033/4932/4027 4036/4935/4030 4035/4933/4028
f 4039/4928/4023 4028/4936/4031 4029/4937/4032 4038/4929/4024
f 4029/4937/4032 4030/4938/4033 4037/4931/4026 4038/4929/4024
f 4050/4939/4034 4051/4940/4035 4043/4941/4036 4044/4942/4037
f 4045/4943/4038 4049/4944/4039 4050/4939/4034 4044/4942/4037
f 4047/4945/4040 4044/4942/4037 4043/4941/4036 4046/4946/4041
f 4048/4947/4042 4045/4943/4038 4044/4942/4037 4047/4945/4040
f 4041/4948/4043 4040/4949/4044 4051/4940/4035 4050/4939/4034
f 4049/4944/4039 4042/4950/4045 4041/4948/4043 4050/4939/4034
f 4039/4928/4023 4031/4927/4022 4043/4951/4036 4051/4952/4035
f 4033/4932/4027 4037/4931/4026 4049/4953/4039 4045/4954/4038
f 4034/4934/4029 4035/4933/4028 4047/4945/4040 4046/4946/4041
f 4031/4927/4022 4034/4934/4029 4046/4955/4041 4043/4951/4036
f 4036/4935/4030 4033/4932/4027 4045/4954/4038 4048/4956/4042
f 4035/4933/4028 4036/4935/4030 4048/4947/4042 4047/4945/4040
f 4028/4936/4031 4039/4928/4023 4051/4952/4035 4040/4957/4044
f 4029/4958/4032 4028/4959/4031 4040/4949/4044 4041/4948/4043
f 4030/4960/4033 4029/4958/4032 4041/4948/4043 4042/4950/4045
f 4037/4931/4026 4030/4938/4033 4042/4961/4045 4049/4953/4039
f 4055/4962/4046 4063/4963/4047 4062/4964/4048 4056/4965/4049
f 4062/4964/4048 4061/4966/4050 4057/4967/4051 4056/4965/4049
f 4055/4962/4046 4056/4965/4049 4059/4968/4052 4058/4969/4053
f 4056/4965/4049 4057/4967/4051 4060/4970/4054 4059/4968/4052
f 4063/4963/4047 4052/4971/4055 4053/4972/4056 4062/4964/4048
f 4053/4972/4056 4054/4973/4057 4061/4966/4050 4062/4964/4048
f 4074/4974/4058 4075/4975/4059 4067/4976/4060 4068/4977/4061
f 4069/4978/4062 4073/4979/4063 4074/4974/4058 4068/4977/4061
f 4071/4980/4064 4068/4977/4061 4067/4976/4060 4070/4981/4065
f 4072/4982/4066 4069/4978/4062 4068/4977/4061 4071/4980/4064
f 4065/4983/4067 4064/4984/4068 4075/4975/4059 4074/4974/4058
f 4073/4979/4063 4066/4985/4069 4065/4983/4067 4074/4974/4058
f 4063/4963/4047 4055/4962/4046 4067/4986/4060 4075/4987/4059
f 4057/4967/4051 4061/4966/4050 4073/4988/4063 4069/4989/4062
f 4058/4969/4053 4059/4968/4052 4071/4980/4064 4070/4981/4065
f 4055/4962/4046 4058/4969/4053 4070/4990/4065 4067/4986/4060
f 4060/4970/4054 4057/4967/4051 4069/4989/4062 4072/4991/4066
f 4059/4968/4052 4060/4970/4054 4072/4982/4066 4071/4980/4064
f 4052/4971/4055 4063/4963/4047 4075/4987/4059 4064/4992/4068
f 4053/4993/4056 4052/4994/4055 4064/4984/4068 4065/4983/4067
f 4054/4995/4057 4053/4993/4056 4065/4983/4067 4066/4985/4069
f 4061/4966/4050 4054/4973/4057 4066/4996/4069 4073/4988/4063
f 4079/4997/4070 4087/4998/4071 4086/4999/4072 4080/5000/4073
f 4086/4999/4072 4085/5001/4074 4081/5002/4075 4080/5000/4073
f 4079/4997/4070 4080/5000/4073 4083/5003/4076 4082/5004/4077
f 4080/5000/4073 4081/5002/4075 4084/5005/4078 4083/5003/4076
f 4087/4998/4071 4076/5006/4079 4077/5007/4080 4086/4999/4072
f 4077/5007/4080 4078/5008/4081 4085/5001/4074 4086/4999/4072
f 4098/5009/4082 4099/5010/4083 4091/5011/4084 4092/5012/4085
f 4093/5013/4086 4097/5014/4087 4098/5009/4082 4092/5012/4085
f 4095/5015/4088 4092/5012/4085 4091/5011/4084 4094/5016/4089
f 4096/5017/4090 4093/5013/4086 4092/5012/4085 4095/5015/4088
f 4089/5018/4091 4088/5019/4092 4099/5010/4083 4098/5009/4082
f 4097/5014/4087 4090/5020/4093 4089/5018/4091 4098/5009/4082
f 4087/5021/4071 4079/5022/4070 4091/5011/4084 4099/5010/4083
f 4081/5023/4075 4085/5024/4074 4097/5014/4087 4093/5013/4086
f 4082/5025/4077 4083/5026/4076 4095/5015/4088 4094/5016/4089
f 4079/5022/4070 4082/5027/4077 4094/5016/4089 4091/5011/4084
f 4084/5028/4078 4081/5023/4075 4093/5013/4086 4096/5017/4090
f 4083/5026/4076 4084/5029/4078 4096/5017/4090 4095/5015/4088
f 4076/5030/4079 4087/5021/4071 4099/5010/4083 4088/5019/4092
f 4077/5007/4080 4076/5006/4079 4088/5019/4092 4089/5018/4091
f 4078/5008/4081 4077/5007/4080 4089/5018/4091 4090/5020/4093
f 4085/5024/4074 4078/5031/4081 4090/5020/4093 4097/5014/4087
f 4103/5032/4094 4111/5033/4095 4110/5034/4096 4104/5035/4097
f 4110/5034/4096 4109/5036/4098 4105/5037/4099 4104/5035/4097
f 4103/5032/4094 4104/5035/4097 4107/5038/4100 4106/5039/4101
f 4104/5035/4097 4105/5037/4099 4108/5040/4102 4107/5038/4100
f 4111/5033/4095 4100/5041/4103 4101/5042/4104 4110/5034/4096
f 4101/5042/4104 4102/5043/4105 4109/5036/4098 4110/5034/4096
f 4122/5044/4106 4123/5045/4107 4115/5046/4108 4116/5047/4109
f 4117/5048/4110 4121/5049/4111 4122/5044/4106 4116/5047/4109
f 4119/5050/4112 4116/5047/4109 4115/5046/4108 4118/5051/4113
f 4120/5052/4114 4117/5048/4110 4116/5047/4109 4119/5050/4112
f 4113/5053/4115 4112/5054/4116 4123/5045/4107 4122/5044/4106
f 4121/5049/4111 4114/5055/4117 4113/5053/4115 4122/5044/4106
f 4111/5056/4095 4103/5057/4094 4115/5046/4108 4123/5045/4107
f 4105/5058/4099 4109/5059/4098 4121/5049/4111 4117/5048/4110
f 4106/5060/4101 4107/5061/4100 4119/5050/4112 4118/5051/4113
f 4103/5057/4094 4106/5062/4101 4118/5051/4113 4115/5046/4108
f 4108/5063/4102 4105/5058/4099 4117/5048/4110 4120/5052/4114
f 4107/5061/4100 4108/5064/4102 4120/5052/4114 4119/5050/4112
f 4100/5065/4103 4111/5056/4095 4123/5045/4107 4112/5054/4116
f 4101/5042/4104 4100/5041/4103 4112/5054/4116 4113/5053/4115
f 4102/5043/4105 4101/5042/4104 4113/5053/4115 4114/5055/4117
f 4109/5059/4098 4102/5066/4105 4114/5055/4117 4121/5049/4111
f 4127/5067/4118 4135/5068/4119 4134/5069/4120 4128/5070/4121
f 4134/5069/4120 4133/5071/4122 4129/5072/4123 4128/5070/4121
f 4127/5067/4118 4128/5070/4121 4131/5073/4124 4130/5074/4125
f 4128/5070/4121 4129/5072/4123 4132/5075/4126 4131/5073/4124
f 4135/5068/4119 4124/5076/4127 4125/5077/4128 4134/5069/4120
f 4125/5077/4128 4126/5078/4129 4133/5071/4122 4134/5069/4120
f 4146/5079/4130 4147/5080/4131 4139/5081/4132 4140/5082/4133
f 4141/5083/4134 4145/5084/4135 4146/5079/4130 4140/5082/4133
f 4143/5085/4136 4140/5082/4133 4139/5081/4132 4142/5086/4137
f 4144/5087/4138 4141/5083/4134 4140/5082/4133 4143/5085/4136
f 4137/5088/4139 4136/5089/4140 4147/5080/4131 4146/5079/4130
f 4145/5084/4135 4138/5090/4141 4137/5088/4139 4146/5079/4130
f 4135/5091/4119 4127/5092/4118 4139/5081/4132 4147/5080/4131
f 4129/5093/4123 4133/5094/4122 4145/5084/4135 4141/5083/4134
f 4130/5095/4125 4131/5096/4124 4143/5085/4136 4142/5086/4137
f 4127/5092/4118 4130/5097/4125 4142/5086/4137 4139/5081/4132
f 4132/5098/4126 4129/5093/4123 4141/5083/4134 4144/5087/4138
f 4131/5096/4124 4132/5099/4126 4144/5087/4138 4143/5085/4136
f 4124/5100/4127 4135/5091/4119 4147/5080/4131 4136/5089/4140
f 4125/5077/4128 4124/5076/4127 4136/5089/4140 4137/5088/4139
f 4126/5078/4129 4125/5077/4128 4137/5088/4139 4138/5090/4141
f 4133/5094/4122 4126/5101/4129 4138/5090/4141 4145/5084/4135
f 4151/5102/4142 4159/5103/4143 4158/5104/4144 4152/5105/4145
f 4158/5104/4144 4157/5106/4146 4153/5107/4147 4152/5105/4145
f 4151/5102/4142 4152/5105/4145 4155/5108/4148 4154/5109/4149
f 4152/5105/4145 4153/5107/4147 4156/5110/4150 4155/5108/4148
f 4159/5103/4143 4148/5111/4151 4149/5112/4152 4158/5104/4144
f 4149/5112/4152 4150/5113/4153 4157/5106/4146 4158/5104/4144
f 4170/5114/4154 4171/5115/4155 4163/5116/4156 4164/5117/4157
f 4165/5118/4158 4169/5119/4159 4170/5114/4154 4164/5117/4157
f 4167/5120/4160 4164/5117/4157 4163/5116/4156 4166/5121/4161
f 4168/5122/4162 4165/5118/4158 4164/5117/4157 4167/5120/4160
f 4161/5123/4163 4160/5124/4164 4171/5115/4155 4170/5114/4154
f 4169/5119/4159 4162/5125/4165 4161/5123/4163 4170/5114/4154
f 4159/5126/4143 4151/5127/4142 4163/5116/4156 4171/5115/4155
f 4153/5128/4147 4157/5129/4146 4169/5119/4159 4165/5118/4158
f 4154/5130/4149 4155/5131/4148 4167/5120/4160 4166/5121/4161
f 4151/5127/4142 4154/5132/4149 4166/5121/4161 4163/5116/4156
f 4156/5133/4150 4153/5128/4147 4165/5118/4158 4168/5122/4162
f 4155/5131/4148 4156/5134/4150 4168/5122/4162 4167/5120/4160
f 4148/5135/4151 4159/5126/4143 4171/5115/4155 4160/5124/4164
f 4149/5112/4152 4148/5111/4151 4160/5124/4164 4161/5123/4163
f 4150/5113/4153 4149/5112/4152 4161/5123/4163 4162/5125/4165
f 4157/5129/4146 4150/5136/4153 4162/5125/4165 4169/5119/4159
f 4175/5137/4166 4183/5138/4167 4182/5139/4168 4176/5140/4169
f 4182/5139/4168 4181/5141/4170 4177/5142/4171 4176/5140/4169
f 4175/5137/4166 4176/5140/4169 4179/5143/4172 4178/5144/4173
f 4176/5140/4169 4177/5142/4171 4180/5145/4174 4179/5143/4172
f 4183/5138/4167 4172/5146/4175 4173/5147/4176 4182/5139/4168
f 4173/5147/4176 4174/5148/4177 4181/5141/4170 4182/5139/4168
f 4194/5149/4178 4195/5150/4179 4187/5151/4180 4188/5152/4181
f 4189/5153/4182 4193/5154/4183 4194/5149/4178 4188/5152/4181
f 4191/5155/4184 4188/5152/4181 4187/5151/4180 4190/5156/4185
f 4192/5157/4186 4189/5153/4182 4188/5152/4181 4191/5155/4184
f 4185/5158/4187 4184/5159/4188 4195/5150/4179 4194/5149/4178
f 4193/5154/4183 4186/5160/4189 4185/5158/4187 4194/5149/4178
f 4183/5161/4167 4175/5162/4166 4187/5151/4180 4195/5150/4179
f 4177/5163/4171 4181/5164/4170 4193/5154/4183 4189/5153/4182
f 4178/5165/4173 4179/5166/4172 4191/5155/4184 4190/5156/4185
f 4175/5162/4166 4178/5167/4173 4190/5156/4185 4187/5151/4180
f 4180/5168/4174 4177/5163/4171 4189/5153/4182 4192/5157/4186
f 4179/5166/4172 4180/5169/4174 4192/5157/4186 4191/5155/4184
f 4172/5170/4175 4183/5161/4167 4195/5150/4179 4184/5159/4188
f 4173/5147/4176 4172/5146/4175 4184/5159/4188 4185/5158/4187
f 4174/5148/4177 4173/5147/4176 4185/5158/4187 4186/5160/4189
f 4181/5164/4170 4174/5171/4177 4186/5160/4189 4193/5154/4183
f 4199/5172/4190 4207/5173/4191 4206/5174/4192 4200/5175/4193
f 4206/5174/4192 4205/5176/4194 4201/5177/4195 4200/5175/4193
f 4199/5172/4190 4200/5175/4193 4203/5178/4196 4202/5179/4197
f 4200/5175/4193 4201/5177/4195 4204/5180/4198 4203/5178/4196
f 4207/5173/4191 4196/5181/4199 4197/5182/4200 4206/5174/4192
f 4197/5182/4200 4198/5183/4201 4205/5176/4194 4206/5174/4192
f 4218/5184/4202 4219/5185/4203 4211/5186/4204 4212/5187/4205
f 4213/5188/4206 4217/5189/4207 4218/5184/4202 4212/5187/4205
f 4215/5190/4208 4212/5187/4205 4211/5186/4204 4214/5191/4209
f 4216/5192/4210 4213/5188/4206 4212/5187/4205 4215/5190/4208
f 4209/5193/4211 4208/5194/4212 4219/5185/4203 4218/5184/4202
f 4217/5189/4207 4210/5195/4213 4209/5193/4211 4218/5184/4202
f 4207/5196/4191 4199/5197/4190 4211/5186/4204 4219/5185/4203
f 4201/5198/4195 4205/5199/4194 4217/5189/4207 4213/5188/4206
f 4202/5200/4197 4203/5201/4196 4215/5190/4208 4214/5191/4209
f 4199/5197/4190 4202/5202/4197 4214/5191/4209 4211/5186/4204
f 4204/5203/4198 4201/5198/4195 4213/5188/4206 4216/5192/4210
f 4203/5201/4196 4204/5204/4198 4216/5192/4210 4215/5190/4208
f 4196/5205/4199 4207/5196/4191 4219/5185/4203 4208/5194/4212
f 4197/5182/4200 4196/5181/4199 4208/5194/4212 4209/5193/4211
f 4198/5183/4201 4197/5182/4200 4209/5193/4211 4210/5195/4213
f 4205/5199/4194 4198/5206/4201 4210/5195/4213 4217/5189/4207
f 4223/5207/4214 4231/5208/4215 4230/5209/4216 4224/5210/4217
f 4230/5209/4216 4229/5211/4218 4225/5212/4219 4224/5210/4217
f 4223/5207/4214 4224/5210/4217 4227/5213/4220 4226/5214/4221
f 4224/5210/4217 4225/5212/4219 4228/5215/4222 4227/5213/4220
f 4231/5208/4215 4220/5216/4223 4221/5217/4224 4230/5209/4216
f 4221/5217/4224 4222/5218/4225 4229/5211/4218 4230/5209/4216
f 4242/5219/4226 4243/5220/4227 4235/5221/4228 4236/5222/4229
f 4237/5223/4230 4241/5224/4231 4242/5219/4226 4236/5222/4229
f 4239/5225/4232 4236/5222/4229 4235/5221/4228 4238/5226/4233
f 4240/5227/4234 4237/5223/4230 4236/5222/4229 4239/5225/4232
f 4233/5228/4235 4232/5229/4236 4243/5220/4227 4242/5219/4226
f 4241/5224/4231 4234/5230/4237 4233/5228/4235 4242/5219/4226
f 4231/5231/4215 4223/5232/4214 4235/5221/4228 4243/5220/4227
f 4225/5233/4219 4229/5234/4218 4241/5224/4231 4237/5223/4230
f 4226/5235/4221 4227/5236/4220 4239/5225/4232 4238/5226/4233
f 4223/5232/4214 4226/5237/4221 4238/5226/4233 4235/5221/4228
f 4228/5238/4222 4225/5233/4219 4237/5223/4230 4240/5227/4234
f 4227/5236/4220 4228/5239/4222 4240/5227/4234 4239/5225/4232
f 4220/5240/4223 4231/5231/4215 4243/5220/4227 4232/5229/4236
f 4221/5217/4224 4220/5216/4223 4232/5229/4236 4233/5228/4235
f 4222/5218/4225 4221/5217/4224 4233/5228/4235 4234/5230/4237
f 4229/5234/4218 4222/5241/4225 4234/5230/4237 4241/5224/4231
f 4247/5242/4238 4255/5243/4239 4254/5244/4240 4248/5245/4241
f 4254/5244/4240 4253/5246/4242 4249/5247/4243 4248/5245/4241
f 4247/5242/4238 4248/5245/4241 4251/5248/4244 4250/5249/4245
f 4248/5245/4241 4249/5247/4243 4252/5250/4246 4251/5248/4244
f 4255/5243/4239 4244/5251/4247 4245/5252/4248 4254/5244/4240
f 4245/5252/4248 4246/5253/4249 4253/5246/4242 4254/5244/4240
f 4266/5254/4250 4267/5255/4251 4259/5256/4252 4260/5257/4253
f 4261/5258/4254 4265/5259/4255 4266/5254/4250 4260/5257/4253
f 4263/5260/4256 4260/5257/4253 4259/5256/4252 4262/5261/4257
f 4264/5262/4258 4261/5258/4254 4260/5257/4253 4263/5260/4256
f 4257/5263/4259 4256/5264/4260 4267/5255/4251 4266/5254/4250
f 4265/5259/4255 4258/5265/4261 4257/5263/4259 4266/5254/4250
f 4255/5266/4239 4247/5267/4238 4259/5256/4252 4267/5255/4251
f 4249/5268/4243 4253/5269/4242 4265/5259/4255 4261/5258/4254
f 4250/5270/4245 4251/5271/4244 4263/5260/4256 4262/5261/4257
f 4247/5267/4238 4250/5272/4245 4262/5261/4257 4259/5256/4252
f 4252/5273/4246 4249/5268/4243 4261/5258/4254 4264/5262/4258
f 4251/5271/4244 4252/5274/4246 4264/5262/4258 4263/5260/4256
f 4244/5275/4247 4255/5266/4239 4267/5255/4251 4256/5264/4260
f 4245/5252/4248 4244/5251/4247 4256/5264/4260 4257/5263/4259
f 4246/5253/4249 4245/5252/4248 4257/5263/4259 4258/5265/4261
f 4253/5269/4242 4246/5276/4249 4258/5265/4261 4265/5259/4255
f 4271/5277/4262 4279/5278/4263 4278/5279/4264 4272/5280/4265
f 4278/5279/4264 4277/5281/4266 4273/5282/4267 4272/5280/4265
f 4271/5277/4262 4272/5280/4265 4275/5283/4268 4274/5284/4269
f 4272/5280/4265 4273/5282/4267 4276/5285/4270 4275/5283/4268
f 4279/5278/4263 4268/5286/4271 4269/5287/4272 4278/5279/4264
f 4269/5287/4272 4270/5288/4273 4277/5281/4266 4278/5279/4264
f 4290/5289/4274 4291/5290/4275 4283/5291/4276 4284/5292/4277
f 4285/5293/4278 4289/5294/4279 4290/5289/4274 4284/5292/4277
f 4287/5295/4280 4284/5292/4277 4283/5291/4276 4286/5296/4281
f 4288/5297/4282 4285/5293/4278 4284/5292/4277 4287/5295/4280
f 4281/5298/4283 4280/5299/4284 4291/5290/4275 4290/5289/4274
f 4289/5294/4279 4282/5300/4285 4281/5298/4283 4290/5289/4274
f 4279/5301/4263 4271/5302/4262 4283/5291/4276 4291/5290/4275
f 4273/5303/4267 4277/5304/4266 4289/5294/4279 4285/5293/4278
f 4274/5305/4269 4275/5306/4268 4287/5295/4280 4286/5296/4281
f 4271/5302/4262 4274/5307/4269 4286/5296/4281 4283/5291/4276
f 4276/5308/4270 4273/5303/4267 4285/5293/4278 4288/5297/4282
f 4275/5306/4268 4276/5309/4270 4288/5297/4282 4287/5295/4280
f 4268/5310/4271 4279/5301/4263 4291/5290/4275 4280/5299/4284
f 4269/5287/4272 4268/5286/4271 4280/5299/4284 4281/5298/4283
f 4270/5288/4273 4269/5287/4272 4281/5298/4283 4282/5300/4285
f 4277/5304/4266 4270/5311/4273 4282/5300/4285 4289/5294/4279
f 4295/5312/4286 4303/5313/4287 4302/5314/4288 4296/5315/4289
f 4302/5314/4288 4301/5316/4290 4297/5317/4291 4296/5315/4289
f 4295/5312/4286 4296/5315/4289 4299/5318/4292 4298/5319/4293
f 4296/5315/4289 4297/5317/4291 4300/5320/4294 4299/5318/4292
f 4303/5313/4287 4292/5321/4295 4293/5322/4296 4302/5314/4288
f 4293/5322/4296 4294/5323/4297 4301/5316/4290 4302/5314/4288
f 4314/5324/4298 4315/5325/4299 4307/5326/4300 4308/5327/4301
f 4309/5328/4302 4313/5329/4303 4314/5324/4298 4308/5327/4301
f 4311/5330/4304 4308/5327/4301 4307/5326/4300 4310/5331/4305
f 4312/5332/4306 4309/5328/4302 4308/5327/4301 4311/5330/4304
f 4305/5333/4307 4304/5334/4308 4315/5325/4299 4314/5324/4298
f 4313/5329/4303 4306/5335/4309 4305/5333/4307 4314/5324/4298
f 4303/5313/4287 4295/5312/4286 4307/5336/4300 4315/5337/4299
f 4297/5317/4291 4301/5316/4290 4313/5338/4303 4309/5339/4302
f 4298/5319/4293 4299/5318/4292 4311/5330/4304 4310/5331/4305
f 4295/5312/4286 4298/5319/4293 4310/5340/4305 4307/5336/4300
f 4300/5320/4294 4297/5317/4291 4309/5339/4302 4312/5341/4306
f 4299/5318/4292 4300/5320/4294 4312/5332/4306 4311/5330/4304
f 4292/5321/4295 4303/5313/4287 4315/5337/4299 4304/5342/4308
f 4293/5343/4296 4292/5344/4295 4304/5334/4308 4305/5333/4307
f 4294/5345/4297 4293/5343/4296 4305/5333/4307 4306/5335/4309
f 4301/5316/4290 4294/5323/4297 4306/5346/4309 4313/5338/4303
f 4319/5347/4310 4327/5348/4311 4326/5349/4312 4320/5350/4312
f 4326/5349/4312 4325/5351/4313 4321/5352/4314 4320/5350/4312
f 4319/5347/4310 4320/5350/4312 4323/5353/4315 4322/5354/4316
f 4320/5350/4312 4321/5352/4314 4324/5355/4317 4323/5353/4315
f 4327/5348/4311 4316/5356/4318 4317/5357/4319 4326/5349/4312
f 4317/5357/4319 4318/5358/4320 4325/5351/4313 4326/5349/4312
f 4338/5359/4321 4339/5360/4322 4331/5361/4323 4332/5362/4321
f 4333/5363/4324 4337/5364/4325 4338/5359/4321 4332/5362/4321
f 4335/5365/4326 4332/5362/4321 4331/5361/4323 4334/5366/4327
f 4336/5367/4328 4333/5363/4324 4332/5362/4321 4335/5365/4326
f 4329/5368/4329 4328/5369/4330 4339/5360/4322 4338/5359/4321
f 4337/5364/4325 4330/5370/4331 4329/5368/4329 4338/5359/4321
f 4327/5371/4311 4319/5372/4310 4331/5361/4323 4339/5360/4322
f 4321/5373/4314 4325/5374/4313 4337/5364/4325 4333/5363/4324
f 4322/5375/4316 4323/5376/4315 4335/5365/4326 4334/5366/4327
f 4319/5372/4310 4322/5377/4316 4334/5366/4327 4331/5361/4323
f 4324/5378/4317 4321/5373/4314 4333/5363/4324 4336/5367/4328
f 4323/5376/4315 4324/5379/4317 4336/5367/4328 4335/5365/4326
f 4316/5380/4318 4327/5371/4311 4339/5360/4322 4328/5369/4330
f 4317/5357/4319 4316/5356/4318 4328/5369/4330 4329/5368/4329
f 4318/5358/4320 4317/5357/4319 4329/5368/4329 4330/5370/4331
f 4325/5374/4313 4318/5381/4320 4330/5370/4331 4337/5364/4325
f 4343/5382/4332 4351/5383/4333 4350/5384/4334 4344/5385/4334
f 4350/5384/4334 4349/5386/4335 4345/5387/4336 4344/5385/4334
f 4343/5382/4332 4344/5385/4334 4347/5388/4337 4346/5389/4338
f 4344/5385/4334 4345/5387/4336 4348/5390/4339 4347/5388/4337
f 4351/5383/4333 4340/5391/4340 4341/5392/4341 4350/5384/4334
f 4341/5392/4341 4342/5393/4342 4349/5386/4335 4350/5384/4334
f 4362/5394/4343 4363/5395/4344 4355/5396/4345 4356/5397/4343
f 4357/5398/4346 4361/5399/4347 4362/5394/4343 4356/5397/4343
f 4359/5400/4348 4356/5397/4343 4355/5396/4345 4358/5401/4349
f 4360/5402/4350 4357/5398/4346 4356/5397/4343 4359/5400/4348
f 4353/5403/4351 4352/5404/4352 4363/5395/4344 4362/5394/4343
f 4361/5399/4347 4354/5405/4353 4353/5403/4351 4362/5394/4343
f 4351/5406/4333 4343/5407/4332 4355/5396/4345 4363/5395/4344
f 4345/5408/4336 4349/5409/4335 4361/5399/4347 4357/5398/4346
f 4346/5410/4338 4347/5411/4337 4359/5400/4348 4358/5401/4349
f 4343/5407/4332 4346/5412/4338 4358/5401/4349 4355/5396/4345
f 4348/5413/4339 4345/5408/4336 4357/5398/4346 4360/5402/4350
f 4347/5411/4337 4348/5414/4339 4360/5402/4350 4359/5400/4348
f 4340/5415/4340 4351/5406/4333 4363/5395/4344 4352/5404/4352
f 4341/5392/4341 4340/5391/4340 4352/5404/4352 4353/5403/4351
f 4342/5393/4342 4341/5392/4341 4353/5403/4351 4354/5405/4353
f 4349/5409/4335 4342/5416/4342 4354/5405/4353 4361/5399/4347
f 4367/5417/4354 4375/5418/4355 4374/5419/4356 4368/5420/4356
f 4374/5419/4356 4373/5421/4357 4369/5422/4358 4368/5420/4356
f 4367/5417/4354 4368/5420/4356 4371/5423/4359 4370/5424/4360
f 4368/5420/4356 4369/5422/4358 4372/5425/4361 4371/5423/4359
f 4375/5418/4355 4364/5426/4362 4365/5427/4363 4374/5419/4356
f 4365/5427/4363 4366/5428/4364 4373/5421/4357 4374/5419/4356
f 4386/5429/4365 4387/5430/4366 4379/5431/4367 4380/5432/4365
f 4381/5433/4368 4385/5434/4369 4386/5429/4365 4380/5432/4365
f 4383/5435/4370 4380/5432/4365 4379/5431/4367 4382/5436/4371
f 4384/5437/4372 4381/5433/4368 4380/5432/4365 4383/5435/4370
f 4377/5438/4373 4376/5439/4374 4387/5430/4366 4386/5429/4365
f 4385/5434/4369 4378/5440/4375 4377/5438/4373 4386/5429/4365
f 4375/5441/4355 4367/5442/4354 4379/5431/4367 4387/5430/4366
f 4369/5443/4358 4373/5444/4357 4385/5434/4369 4381/5433/4368
f 4370/5445/4360 4371/5446/4359 4383/5435/4370 4382/5436/4371
f 4367/5442/4354 4370/5447/4360 4382/5436/4371 4379/5431/4367
f 4372/5448/4361 4369/5443/4358 4381/5433/4368 4384/5437/4372
f 4371/5446/4359 4372/5449/4361 4384/5437/4372 4383/5435/4370
f 4364/5450/4362 4375/5441/4355 4387/5430/4366 4376/5439/4374
f 4365/5427/4363 4364/5426/4362 4376/5439/4374 4377/5438/4373
f 4366/5428/4364 4365/5427/4363 4377/5438/4373 4378/5440/4375
f 4373/5444/4357 4366/5451/4364 4378/5440/4375 4385/5434/4369
f 4391/5452/4376 4392/5453/4377 4398/5454/4377 4399/5455/4378
f 4398/5454/4377 4392/5453/4377 4393/5456/4379 4397/5457/4380
f 4391/5452/4376 4394/5458/4381 4395/5459/4382 4392/5453/4377
f 4392/5453/4377 4395/5459/4382 4396/5460/4383 4393/5456/4379
f 4399/5455/4378 4398/5454/4377 4389/5461/4384 4388/5462/4385
f 4389/5461/4384 4398/5454/4377 4397/5457/4380 4390/5463/4386
f 4410/5464/4387 4404/5465/4387 4403/5466/4388 4411/5467/4389
f 4405/5468/4390 4404/5465/4387 4410/5464/4387 4409/5469/4391
f 4407/5470/4392 4406/5471/4393 4403/5466/4388 4404/5465/4387
f 4408/5472/4394 4407/5470/4392 4404/5465/4387 4405/5468/4390
f 4401/5473/4395 4410/5464/4387 4411/5467/4389 4400/5474/4396
f 4409/5469/4391 4410/5464/4387 4401/5473/4395 4402/5475/4397
f 4399/5476/4378 4411/5467/4389 4403/5466/4388 4391/5477/4376
f 4393/5478/4379 4405/5468/4390 4409/5469/4391 4397/5479/4380
f 4394/5480/4381 4406/5471/4393 4407/5470/4392 4395/5481/4382
f 4391/5477/4376 4403/5466/4388 4406/5471/4393 4394/5482/4381
f 4396/5483/4383 4408/5472/4394 4405/5468/4390 4393/5478/4379
f 4395/5481/4382 4407/5470/4392 4408/5472/4394 4396/5484/4383
f 4388/5485/4385 4400/5474/4396 4411/5467/4389 4399/5476/4378
f 4389/5461/4384 4401/5473/4395 4400/5474/4396 4388/5462/4385
f 4390/5463/4386 4402/5475/4397 4401/5473/4395 4389/5461/4384
f 4397/5479/4380 4409/5469/4391 4402/5475/4397 4390/5486/4386
f 4415/5487/4398 4416/5488/4399 4422/5489/4399 4423/5490/4400
f 4422/5489/4399 4416/5488/4399 4417/5491/4401 4421/5492/4402
f 4415/5487/4398 4418/5493/4403 4419/5494/4404 4416/5488/4399
f 4416/5488/4399 4419/5494/4404 4420/5495/4405 4417/5491/4401
f 4423/5490/4400 4422/5489/4399 4413/5496/4406 4412/5497/4407
f 4413/5496/4406 4422/5489/4399 4421/5492/4402 4414/5498/4408
f 4434/5499/4409 4428/5500/4409 4427/5501/4410 4435/5502/4411
f 4429/5503/4412 4428/5500/4409 4434/5499/4409 4433/5504/4413
f 4431/5505/4414 4430/5506/4415 4427/5501/4410 4428/5500/4409
f 4432/5507/4416 4431/5505/4414 4428/5500/4409 4429/5503/4412
f 4425/5508/4417 4434/5499/4409 4435/5502/4411 4424/5509/4418
f 4433/5504/4413 4434/5499/4409 4425/5508/4417 4426/5510/4419
f 4423/5511/4400 4435/5502/4411 4427/5501/4410 4415/5512/4398
f 4417/5513/4401 4429/5503/4412 4433/5504/4413 4421/5514/4402
f 4418/5515/4403 4430/5506/4415 4431/5505/4414 4419/5516/4404
f 4415/5512/4398 4427/5501/4410 4430/5506/4415 4418/5517/4403
f 4420/5518/4405 4432/5507/4416 4429/5503/4412 4417/5513/4401
f 4419/5516/4404 4431/5505/4414 4432/5507/4416 4420/5519/4405
f 4412/5520/4407 4424/5509/4418 4435/5502/4411 4423/5511/4400
f 4413/5496/4406 4425/5508/4417 4424/5509/4418 4412/5497/4407
f 4414/5498/4408 4426/5510/4419 4425/5508/4417 4413/5496/4406
f 4421/5514/4402 4433/5504/4413 4426/5510/4419 4414/5521/4408
f 4439/5522/4420 4440/5523/4421 4446/5524/4421 4447/5525/4422
f 4446/5524/4421 4440/5523/4421 4441/5526/4423 4445/5527/4424
f 4439/5522/4420 4442/5528/4425 4443/5529/4426 4440/5523/4421
f 4440/5523/4421 4443/5529/4426 4444/5530/4427 4441/5526/4423
f 4447/5525/4422 4446/5524/4421 4437/5531/4428 4436/5532/4429
f 4437/5531/4428 4446/5524/4421 4445/5527/4424 4438/5533/4430
f 4458/5534/4431 4452/5535/4431 4451/5536/4432 4459/5537/4433
f 4453/5538/4434 4452/5535/4431 4458/5534/4431 4457/5539/4435
f 4455/5540/4436 4454/5541/4437 4451/5536/4432 4452/5535/4431
f 4456/5542/4438 4455/5540/4436 4452/5535/4431 4453/5538/4434
f 4449/5543/4439 4458/5534/4431 4459/5537/4433 4448/5544/4440
f 4457/5539/4435 4458/5534/4431 4449/5543/4439 4450/5545/4441
f 4447/5546/4422 4459/5537/4433 4451/5536/4432 4439/5547/4420
f 4441/5548/4423 4453/5538/4434 4457/5539/4435 4445/5549/4424
f 4442/5550/4425 4454/5541/4437 4455/5540/4436 4443/5551/4426
f 4439/5547/4420 4451/5536/4432 4454/5541/4437 4442/5552/4425
f 4444/5553/4427 4456/5542/4438 4453/5538/4434 4441/5548/4423
f 4443/5551/4426 4455/5540/4436 4456/5542/4438 4444/5554/4427
f 4436/5555/4429 4448/5544/4440 4459/5537/4433 4447/5546/4422
f 4437/5531/4428 4449/5543/4439 4448/5544/4440 4436/5532/4429
f 4438/5533/4430 4450/5545/4441 4449/5543/4439 4437/5531/4428
f 4445/5549/4424 4457/5539/4435 4450/5545/4441 4438/5556/4430
f 4464/5557/4442 4461/5558/4443 4463/5559/4444 4465/5560/4445
f 4465/5560/4445 4582/5561/4446 4583/5562/4447 4464/5557/4442
f 4462/5563/4448 4699/5564/4449 4698/5565/4450 4470/5566/4451
f 4463/5559/4444 4480/5567/4452 4471/5568/4453 4465/5560/4445
f 4469/5569/4454 4466/5570/4455 4461/5558/4443 4464/5557/4442
f 4461/5558/4443 4466/5570/4455 4468/5571/4456 4463/5559/4444
f 4467/5572/4457 4685/5573/4458 4684/5574/4459 4460/5575/4460
f 4463/5559/4444 4468/5571/4456 4472/5576/4461 4480/5567/4452
f 4477/5577/4462 4478/5578/4463 4479/5579/4464 4476/5580/4465
f 4579/5581/4466 4560/5582/4467 4478/5578/4463 4477/5577/4462
f 4560/5582/4467 4581/5583/4468 4471/5568/4453 4478/5578/4463
f 4479/5579/4464 4478/5578/4463 4471/5568/4453 4480/5567/4452
f 4473/5584/4469 4477/5577/4462 4476/5580/4465 4474/5585/4470
f 4476/5580/4465 4479/5579/4464 4475/5586/4471 4474/5585/4470
f 4482/5587/4472 4696/5588/4473 4695/5589/4474 4481/5590/4475
f 4479/5579/4464 4480/5567/4452 4472/5576/4461 4475/5586/4471
f 4486/5591/4476 4686/5592/4477 4685/5573/4458 4467/5572/4457
f 4493/5593/4478 4690/5594/4479 4689/5595/4480 4484/5596/4481
f 4675/5597/4482 4674/5598/4483 4529/5599/4484 4530/5600/4485
f 4469/5569/4454 4489/5601/4486 4487/5602/4487 4466/5570/4455
f 4489/5601/4486 4562/5603/4488 4681/5604/4489 4673/5605/4490
f 4466/5570/4455 4487/5602/4487 4488/5606/4491 4468/5571/4456
f 4489/5601/4486 4673/5605/4490 4674/5598/4483 4487/5602/4487
f 4708/5607/4492 4709/5608/4493 4502/5609/4494 4501/5610/4495
f 4688/5611/4496 4687/5612/4497 4490/5613/4498 4485/5614/4499
f 4487/5602/4487 4674/5598/4483 4675/5597/4482 4488/5606/4491
f 4481/5590/4475 4695/5589/4474 4694/5615/4500 4499/5616/4501
f 4491/5617/4502 4693/5618/4503 4692/5619/4504 4495/5620/4505
f 4676/5621/4506 4677/5622/4507 4497/5623/4508 4496/5624/4509
f 4492/5625/4510 4691/5626/4511 4690/5594/4479 4493/5593/4478
f 4678/5627/4512 4677/5622/4507 4533/5628/4513 4494/5629/4514
f 4473/5584/4469 4474/5585/4470 4497/5623/4508 4498/5630/4515
f 4503/5631/4516 4568/5632/4517 4575/5633/4518 4494/5629/4514
f 4496/5624/4509 4497/5623/4508 4474/5585/4470 4475/5586/4471
f 4499/5616/4501 4694/5615/4500 4693/5618/4503 4491/5617/4502
f 4678/5627/4512 4498/5630/4515 4497/5623/4508 4677/5622/4507
f 4488/5606/4491 4500/5634/4519 4472/5576/4461 4468/5571/4456
f 4530/5600/4485 4701/5635/4520 4702/5636/4521 4531/5637/4522
f 4679/5638/4523 4500/5634/4519 4488/5606/4491 4675/5597/4482
f 4500/5634/4519 4679/5638/4523 4676/5621/4506 4496/5624/4509
f 4496/5624/4509 4475/5586/4471 4472/5576/4461 4500/5634/4519
f 4689/5595/4480 4688/5611/4496 4485/5614/4499 4484/5596/4481
f 4503/5631/4516 4494/5629/4514 4705/5639/4524 4706/5640/4525
f 4501/5610/4495 4504/5641/4526 4707/5642/4527 4708/5607/4492
f 4557/5643/4528 4699/5564/4449 4684/5574/4459 4555/5644/4529
f 4582/5561/4446 4465/5560/4445 4471/5568/4453 4581/5583/4468
f 4556/5645/4530 4469/5569/4454 4464/5557/4442 4583/5562/4447
f 4580/5646/4531 4561/5647/4532 4696/5588/4473 4697/5648/4533
f 4580/5646/4531 4697/5648/4533 4698/5565/4450 4558/5649/4534
f 4579/5581/4466 4477/5577/4462 4473/5584/4469 4559/5650/4535
f 4556/5645/4530 4562/5603/4488 4489/5601/4486 4469/5569/4454
f 4564/5651/4536 4504/5641/4526 4501/5610/4495 4572/5652/4537
f 4569/5653/4538 4686/5592/4477 4687/5612/4497 4570/5654/4539
f 4673/5605/4490 4681/5604/4489 4565/5655/4540 4502/5609/4494
f 4559/5650/4535 4473/5584/4469 4498/5630/4515 4577/5656/4541
f 4575/5633/4518 4682/5657/4542 4678/5627/4512 4494/5629/4514
f 4568/5632/4517 4503/5631/4516 4504/5658/4526 4564/5659/4536
f 4574/5660/4543 4691/5626/4511 4692/5619/4504 4567/5661/4544
f 4678/5627/4512 4682/5657/4542 4577/5656/4541 4498/5630/4515
f 4565/5655/4540 4572/5652/4537 4501/5610/4495 4502/5609/4494
f 4530/5600/4485 4529/5599/4484 4700/5662/4545 4701/5635/4520
f 4532/5663/4546 4533/5628/4513 4677/5622/4507 4676/5621/4506
f 4531/5637/4522 4679/5638/4523 4675/5597/4482 4530/5600/4485
f 4532/5663/4546 4676/5621/4506 4679/5638/4523 4531/5637/4522
f 4502/5609/4494 4529/5599/4484 4674/5598/4483 4673/5605/4490
f 4533/5628/4513 4704/5664/4547 4705/5639/4524 4494/5629/4514
f 4534/5665/4548 4536/5666/4549 4467/5572/4457 4460/5575/4460
f 4462/5563/4448 4535/5667/4550 4534/5665/4548 4460/5575/4460
f 4470/5566/4451 4537/5668/4551 4535/5667/4550 4462/5563/4448
f 4538/5669/4552 4539/5670/4553 4482/5587/4472 4481/5590/4475
f 4549/5671/4554 4538/5669/4552 4481/5590/4475 4499/5616/4501
f 4482/5587/4472 4539/5670/4553 4540/5672/4555 4483/5673/4556
f 4483/5673/4556 4540/5672/4555 4537/5668/4551 4470/5566/4451
f 4536/5666/4549 4543/5674/4557 4486/5591/4476 4467/5572/4457
f 4484/5596/4481 4541/5675/4558 4547/5676/4559 4493/5593/4478
f 4486/5591/4476 4543/5674/4557 4544/5677/4560 4490/5613/4498
f 4490/5613/4498 4544/5677/4560 4542/5678/4561 4485/5614/4499
f 4495/5620/4505 4548/5679/4562 4545/5680/4563 4491/5617/4502
f 4493/5593/4478 4547/5676/4559 4546/5681/4564 4492/5625/4510
f 4491/5617/4502 4545/5680/4563 4549/5671/4554 4499/5616/4501
f 4485/5614/4499 4542/5678/4561 4541/5675/4558 4484/5596/4481
f 4492/5625/4510 4546/5681/4564 4548/5679/4562 4495/5620/4505
f 4553/5682/4565 4537/5668/4551 4540/5672/4555 4539/5670/4553
f 4551/5683/4566 4549/5671/4554 4545/5680/4563 4552/5684/4567
f 4550/5685/4568 4538/5669/4552 4549/5671/4554 4551/5683/4566
f 4548/5679/4562 4554/5686/4569 4552/5684/4567 4545/5680/4563
f 4553/5682/4565 4534/5665/4548 4535/5667/4550 4537/5668/4551
f 4550/5685/4568 4551/5683/4566 4543/5674/4557 4536/5666/4549
f 4551/5683/4566 4552/5684/4567 4544/5677/4560 4543/5674/4557
f 4554/5686/4569 4542/5678/4561 4544/5677/4560 4552/5684/4567
f 4553/5682/4565 4550/5685/4568 4536/5666/4549 4534/5665/4548
f 4539/5670/4553 4538/5669/4552 4550/5685/4568 4553/5682/4565
f 4554/5686/4569 4547/5676/4559 4541/5675/4558 4542/5678/4561
f 4554/5686/4569 4548/5679/4562 4546/5681/4564 4547/5676/4559
f 4583/5562/4447 4582/5561/4446 4516/5687/4570 4517/5688/4571
f 4558/5649/4534 4557/5643/4528 4598/5689/4572 4597/5690/4573
f 4555/5644/4529 4584/5691/4574 4518/5692/4575 4599/5693/4576
f 4560/5582/4467 4579/5581/4466 4513/5694/4577 4514/5695/4578
f 4581/5583/4468 4560/5582/4467 4514/5695/4578 4515/5696/4579
f 4578/5697/4580 4561/5647/4532 4595/5698/4581 4594/5699/4582
f 4584/5691/4574 4569/5653/4538 4505/5700/4583 4518/5692/4575
f 4563/5701/4584 4573/5702/4585 4589/5703/4586 4588/5704/4587
f 4681/5604/4489 4562/5603/4488 4585/5705/4588 4680/5706/4589
f 4570/5654/4539 4571/5707/4590 4587/5708/4591 4586/5709/4592
f 4566/5710/4593 4578/5697/4580 4594/5699/4582 4593/5711/4594
f 4567/5661/4544 4576/5712/4595 4592/5713/4596 4591/5714/4597
f 4573/5702/4585 4574/5660/4543 4590/5715/4598 4589/5703/4586
f 4575/5633/4518 4568/5632/4517 4509/5716/4599 4510/5717/4600
f 4576/5712/4595 4566/5710/4593 4593/5711/4594 4592/5713/4596
f 4571/5707/4590 4563/5701/4584 4588/5704/4587 4587/5708/4591
f 4557/5643/4528 4555/5644/4529 4599/5693/4576 4598/5689/4572
f 4582/5561/4446 4581/5583/4468 4515/5718/4579 4516/5687/4570
f 4556/5645/4530 4583/5562/4447 4517/5688/4571 4600/5719/4601
f 4561/5647/4532 4580/5646/4531 4596/5720/4602 4595/5698/4581
f 4580/5646/4531 4558/5649/4534 4597/5690/4573 4596/5720/4602
f 4579/5581/4466 4559/5650/4535 4512/5721/4603 4513/5694/4577
f 4562/5603/4488 4556/5645/4530 4600/5719/4601 4585/5705/4588
f 4564/5651/4536 4572/5652/4537 4507/5722/4604 4508/5723/4605
f 4569/5653/4538 4570/5654/4539 4586/5709/4592 4505/5700/4583
f 4565/5655/4540 4681/5604/4489 4680/5706/4589 4506/5724/4606
f 4559/5650/4535 4577/5656/4541 4511/5725/4607 4512/5721/4603
f 4510/5717/4600 4683/5726/4608 4682/5657/4542 4575/5633/4518
f 4568/5632/4517 4564/5659/4536 4508/5727/4605 4509/5716/4599
f 4574/5660/4543 4567/5661/4544 4591/5714/4597 4590/5715/4598
f 4577/5656/4541 4682/5657/4542 4683/5726/4608 4511/5725/4607
f 4572/5652/4537 4565/5655/4540 4506/5724/4606 4507/5722/4604
f 4520/5728/4609 4602/5729/4610 4603/5730/4611 4521/5731/4612
f 4522/5732/4613 4604/5733/4614 4602/5729/4610 4520/5728/4609
f 4519/5734/4615 4601/5735/4616 4604/5733/4614 4522/5732/4613
f 4526/5736/4617 4608/5737/4618 4607/5738/4619 4525/5739/4620
f 4525/5739/4620 4607/5738/4619 4609/5740/4621 4527/5741/4622
f 4521/5731/4612 4603/5730/4611 4610/5742/4623 4528/5743/4624
f 4528/5743/4624 4610/5742/4623 4608/5737/4618 4526/5736/4617
f 4527/5741/4622 4609/5740/4621 4606/5744/4625 4524/5745/4626
f 4523/5746/4627 4605/5747/4628 4601/5735/4616 4519/5734/4615
f 4524/5745/4626 4606/5744/4625 4605/5748/4628 4523/5749/4627
f 4602/5729/4610 4612/5750/4629 4613/5751/4630 4603/5730/4611
f 4604/5733/4614 4614/5752/4631 4612/5750/4629 4602/5729/4610
f 4601/5735/4616 4611/5753/4632 4614/5752/4631 4604/5733/4614
f 4608/5737/4618 4618/5754/4633 4617/5755/4634 4607/5738/4619
f 4607/5738/4619 4617/5755/4634 4619/5756/4635 4609/5740/4621
f 4603/5730/4611 4613/5751/4630 4620/5757/4636 4610/5742/4623
f 4610/5742/4623 4620/5757/4636 4618/5754/4633 4608/5737/4618
f 4609/5740/4621 4619/5756/4635 4616/5758/4637 4606/5744/4625
f 4605/5747/4628 4615/5759/4638 4611/5753/4632 4601/5735/4616
f 4606/5744/4625 4616/5758/4637 4615/5760/4638 4605/5748/4628
f 4612/5761/4629 4622/5762/4639 4623/5763/4640 4613/5764/4630
f 4614/5765/4631 4624/5766/4641 4622/5762/4639 4612/5761/4629
f 4611/5767/4632 4621/5768/4642 4624/5766/4641 4614/5765/4631
f 4618/5769/4633 4628/5770/4643 4627/5771/4644 4617/5772/4634
f 4617/5772/4634 4627/5771/4644 4629/5773/4645 4619/5774/4635
f 4613/5764/4630 4623/5763/4640 4630/5775/4646 4620/5776/4636
f 4620/5776/4636 4630/5775/4646 4628/5770/4643 4618/5769/4633
f 4619/5774/4635 4629/5773/4645 4626/5777/4647 4616/5778/4637
f 4615/5779/4638 4625/5780/4648 4621/5768/4642 4611/5767/4632
f 4616/5778/4637 4626/5777/4647 4625/5781/4648 4615/5782/4638
f 4622/5762/4639 4632/5783/4649 4633/5784/4650 4623/5763/4640
f 4624/5766/4641 4634/5785/4651 4632/5783/4649 4622/5762/4639
f 4621/5768/4642 4631/5786/4652 4634/5785/4651 4624/5766/4641
f 4628/5770/4643 4638/5787/4653 4637/5788/4654 4627/5771/4644
f 4627/5771/4644 4637/5788/4654 4639/5789/4655 4629/5773/4645
f 4623/5763/4640 4633/5784/4650 4640/5790/4656 4630/5775/4646
f 4630/5775/4646 4640/5790/4656 4638/5787/4653 4628/5770/4643
f 4629/5773/4645 4639/5789/4655 4636/5791/4657 4626/5777/4647
f 4625/5780/4648 4635/5792/4658 4631/5786/4652 4621/5768/4642
f 4626/5777/4647 4636/5791/4657 4635/5793/4658 4625/5781/4648
f 4632/5783/4649 4642/5794/4659 4643/5795/4660 4633/5784/4650
f 4634/5785/4651 4644/5796/4661 4642/5794/4659 4632/5783/4649
f 4631/5786/4652 4641/5797/4662 4644/5796/4661 4634/5785/4651
f 4638/5787/4653 4648/5798/4663 4647/5799/4664 4637/5788/4654
f 4637/5788/4654 4647/5799/4664 4649/5800/4665 4639/5789/4655
f 4633/5784/4650 4643/5795/4660 4650/5801/4666 4640/5790/4656
f 4640/5790/4656 4650/5801/4666 4648/5798/4663 4638/5787/4653
f 4639/5789/4655 4649/5800/4665 4646/5802/4667 4636/5791/4657
f 4635/5792/4658 4645/5803/4668 4641/5797/4662 4631/5786/4652
f 4636/5791/4657 4646/5802/4667 4645/5804/4668 4635/5793/4658
f 4642/5805/4659 4652/5806/4669 4653/5807/4670 4643/5808/4660
f 4644/5809/4661 4654/5810/4671 4652/5806/4669 4642/5805/4659
f 4641/5811/4662 4651/5812/4672 4654/5810/4671 4644/5809/4661
f 4648/5813/4663 4658/5814/4673 4657/5815/4674 4647/5816/4664
f 4647/5816/4664 4657/5815/4674 4659/5817/4675 4649/5818/4665
f 4643/5808/4660 4653/5807/4670 4660/5819/4676 4650/5820/4666
f 4650/5820/4666 4660/5819/4676 4658/5814/4673 4648/5813/4663
f 4649/5818/4665 4659/5817/4675 4656/5821/4677 4646/5822/4667
f 4645/5823/4668 4655/5824/4678 4651/5812/4672 4641/5811/4662
f 4646/5822/4667 4656/5821/4677 4655/5824/4678 4645/5823/4668
f 4652/5806/4669 4662/5825/4679 4663/5826/4680 4653/5807/4670
f 4654/5810/4671 4664/5827/4681 4662/5825/4679 4652/5806/4669
f 4651/5812/4672 4661/5828/4682 4664/5827/4681 4654/5810/4671
f 4658/5814/4673 4668/5829/4683 4667/5830/4684 4657/5815/4674
f 4657/5815/4674 4667/5830/4684 4669/5831/4685 4659/5817/4675
f 4653/5807/4670 4663/5826/4680 4670/5832/4686 4660/5819/4676
f 4660/5819/4676 4670/5832/4686 4668/5829/4683 4658/5814/4673
f 4659/5817/4675 4669/5831/4685 4666/5833/4687 4656/5821/4677
f 4655/5824/4678 4665/5834/4688 4661/5828/4682 4651/5812/4672
f 4656/5821/4677 4666/5833/4687 4665/5834/4688 4655/5824/4678
f 4662/5825/4679 4671/5835/4689 4670/5832/4686 4663/5826/4680
f 4672/5836/4690 4671/5835/4689 4662/5825/4679 4664/5827/4681
f 4672/5836/4690 4664/5827/4681 4661/5828/4682 4665/5834/4688
f 4670/5832/4686 4671/5835/4689 4667/5830/4684 4668/5829/4683
f 4671/5835/4689 4672/5836/4690 4669/5831/4685 4667/5830/4684
f 4672/5836/4690 4665/5834/4688 4666/5833/4687 4669/5831/4685
f 4531/5637/4522 4702/5636/4521 4703/5837/4691 4532/5663/4546
f 4703/5837/4691 4704/5664/4547 4533/5628/4513 4532/5663/4546
f 4503/5631/4516 4706/5640/4525 4707/5838/4527 4504/5658/4526
f 4709/5608/4493 4700/5662/4545 4529/5599/4484 4502/5609/4494
f 4699/5564/4449 4557/5643/4528 4558/5649/4534 4698/5565/4450
f 4685/5573/4458 4584/5691/4574 4555/5644/4529 4684/5574/4459
f 4696/5588/4473 4561/5647/4532 4578/5697/4580 4695/5589/4474
f 4686/5592/4477 4569/5653/4538 4584/5691/4574 4685/5573/4458
f 4690/5594/4479 4573/5702/4585 4563/5701/4584 4689/5595/4480
f 4687/5612/4497 4688/5611/4496 4571/5707/4590 4570/5654/4539
f 4695/5589/4474 4578/5697/4580 4566/5710/4593 4694/5615/4500
f 4693/5618/4503 4576/5712/4595 4567/5661/4544 4692/5619/4504
f 4691/5626/4511 4574/5660/4543 4573/5702/4585 4690/5594/4479
f 4694/5615/4500 4566/5710/4593 4576/5712/4595 4693/5618/4503
f 4688/5611/4496 4689/5595/4480 4563/5701/4584 4571/5707/4590
f 4699/5564/4449 4462/5563/4448 4460/5575/4460 4684/5574/4459
f 4697/5648/4533 4696/5588/4473 4482/5587/4472 4483/5673/4556
f 4697/5648/4533 4483/5673/4556 4470/5566/4451 4698/5565/4450
f 4686/5592/4477 4486/5591/4476 4490/5613/4498 4687/5612/4497
f 4691/5626/4511 4492/5625/4510 4495/5620/4505 4692/5619/4504
f 4709/5608/4493 4708/5607/4492 4519/5734/4615 4522/5732/4613
f 4701/5635/4520 4521/5731/4612 4528/5743/4624 4702/5636/4521
f 4705/5639/4524 4527/5741/4622 4524/5745/4626 4706/5640/4525
f 4708/5607/4492 4707/5642/4527 4523/5746/4627 4519/5734/4615
f 4700/5662/4545 4520/5728/4609 4521/5731/4612 4701/5635/4520
f 4705/5639/4524 4704/5664/4547 4525/5739/4620 4527/5741/4622
f 4702/5636/4521 4528/5743/4624 4526/5736/4617 4703/5837/4691
f 4704/5664/4547 4703/5837/4691 4526/5736/4617 4525/5739/4620
f 4706/5640/4525 4524/5745/4626 4523/5749/4627 4707/5838/4527
f 4709/5608/4493 4522/5732/4613 4520/5728/4609 4700/5662/4545
f 4714/5839/4692 4715/5840/4693 4713/5841/4694 4711/5842/4695
f 4833/5843/4696 4832/5844/4697 4715/5840/4693 4714/5839/4692
f 4712/5845/4698 4720/5846/4699 4948/5847/4700 4949/5848/4701
f 4713/5841/4694 4715/5840/4693 4721/5849/4702 4730/5850/4703
f 4719/5851/4704 4714/5839/4692 4711/5842/4695 4716/5852/4705
f 4711/5842/4695 4713/5841/4694 4718/5853/4706 4716/5852/4705
f 4934/5854/4707 4935/5855/4708 4717/5856/4709 4710/5857/4710
f 4713/5841/4694 4730/5850/4703 4722/5858/4711 4718/5853/4706
f 4727/5859/4712 4726/5860/4713 4729/5861/4714 4728/5862/4715
f 4728/5862/4715 4810/5863/4716 4829/5864/4717 4727/5859/4712
f 4721/5849/4702 4831/5865/4718 4810/5863/4716 4728/5862/4715
f 4729/5861/4714 4730/5850/4703 4721/5849/4702 4728/5862/4715
f 4723/5866/4719 4724/5867/4720 4726/5860/4713 4727/5859/4712
f 4726/5860/4713 4724/5867/4720 4725/5868/4721 4729/5861/4714
f 4732/5869/4722 4731/5870/4723 4945/5871/4724 4946/5872/4725
f 4729/5861/4714 4725/5868/4721 4722/5858/4711 4730/5850/4703
f 4935/5855/4708 4936/5873/4726 4736/5874/4727 4717/5856/4709
f 4939/5875/4728 4940/5876/4729 4743/5877/4730 4734/5878/4731
f 4779/5879/4732 4924/5880/4733 4925/5881/4734 4780/5882/4735
f 4719/5851/4704 4716/5852/4705 4737/5883/4736 4739/5884/4737
f 4739/5884/4737 4923/5885/4738 4931/5886/4739 4812/5887/4740
f 4716/5852/4705 4718/5853/4706 4738/5888/4741 4737/5883/4736
f 4924/5880/4733 4923/5885/4738 4739/5884/4737 4737/5883/4736
f 4752/5889/4742 4959/5890/4743 4958/5891/4744 4751/5892/4745
f 4740/5893/4746 4937/5894/4747 4938/5895/4748 4735/5896/4749
f 4737/5883/4736 4738/5888/4741 4925/5881/4734 4924/5880/4733
f 4944/5897/4750 4945/5871/4724 4731/5870/4723 4749/5898/4751
f 4741/5899/4752 4745/5900/4753 4942/5901/4754 4943/5902/4755
f 4926/5903/4756 4746/5904/4757 4747/5905/4758 4927/5906/4759
f 4742/5907/4760 4743/5877/4730 4940/5876/4729 4941/5908/4761
f 4783/5909/4762 4927/5906/4759 4928/5910/4763 4744/5911/4764
f 4747/5905/4758 4724/5867/4720 4723/5866/4719 4748/5912/4765
f 4753/5913/4766 4744/5911/4764 4825/5914/4767 4818/5915/4768
f 4724/5867/4720 4747/5905/4758 4746/5904/4757 4725/5868/4721
f 4749/5898/4751 4741/5899/4752 4943/5902/4755 4944/5897/4750
f 4747/5905/4758 4748/5912/4765 4928/5910/4763 4927/5906/4759
f 4738/5888/4741 4718/5853/4706 4722/5858/4711 4750/5916/4769
f 4780/5882/4735 4781/5917/4770 4952/5918/4771 4951/5919/4772
f 4738/5888/4741 4750/5916/4769 4929/5920/4773 4925/5881/4734
f 4926/5903/4756 4929/5920/4773 4750/5916/4769 4746/5904/4757
f 4746/5904/4757 4750/5916/4769 4722/5858/4711 4725/5868/4721
f 4735/5896/4749 4938/5895/4748 4939/5875/4728 4734/5878/4731
f 4753/5913/4766 4956/5921/4774 4955/5922/4775 4744/5911/4764
f 4751/5892/4745 4958/5891/4744 4957/5923/4776 4754/5924/4777
f 4934/5854/4707 4949/5848/4701 4807/5925/4778 4805/5926/4779
f 4721/5849/4702 4715/5840/4693 4832/5844/4697 4831/5865/4718
f 4714/5839/4692 4719/5851/4704 4806/5927/4780 4833/5843/4696
f 4830/5928/4781 4947/5929/4782 4946/5872/4725 4811/5930/4783
f 4948/5847/4700 4947/5929/4782 4830/5928/4781 4808/5931/4784
f 4723/5866/4719 4727/5859/4712 4829/5864/4717 4809/5932/4785
f 4806/5927/4780 4719/5851/4704 4739/5884/4737 4812/5887/4740
f 4751/5892/4745 4754/5924/4777 4814/5933/4786 4822/5934/4787
f 4937/5894/4747 4936/5873/4726 4819/5935/4788 4820/5936/4789
f 4815/5937/4790 4931/5886/4739 4923/5885/4738 4752/5889/4742
f 4748/5912/4765 4723/5866/4719 4809/5932/4785 4827/5938/4791
f 4825/5914/4767 4744/5911/4764 4928/5910/4763 4932/5939/4792
f 4754/5940/4777 4753/5913/4766 4818/5915/4768 4814/5941/4786
f 4942/5901/4754 4941/5908/4761 4824/5942/4793 4817/5943/4794
f 4928/5910/4763 4748/5912/4765 4827/5938/4791 4932/5939/4792
f 4815/5937/4790 4752/5889/4742 4751/5892/4745 4822/5934/4787
f 4780/5882/4735 4951/5919/4772 4950/5944/4795 4779/5879/4732
f 4782/5945/4796 4926/5903/4756 4927/5906/4759 4783/5909/4762
f 4925/5881/4734 4929/5920/4773 4781/5917/4770 4780/5882/4735
f 4929/5920/4773 4926/5903/4756 4782/5945/4796 4781/5917/4770
f 4752/5889/4742 4923/5885/4738 4924/5880/4733 4779/5879/4732
f 4955/5922/4775 4954/5946/4797 4783/5909/4762 4744/5911/4764
f 4717/5856/4709 4786/5947/4798 4784/5948/4799 4710/5857/4710
f 4712/5845/4698 4710/5857/4710 4784/5948/4799 4785/5949/4800
f 4720/5846/4699 4712/5845/4698 4785/5949/4800 4787/5950/4801
f 4732/5869/4722 4789/5951/4802 4788/5952/4803 4731/5870/4723
f 4731/5870/4723 4788/5952/4803 4799/5953/4804 4749/5898/4751
f 4732/5869/4722 4733/5954/4805 4790/5955/4806 4789/5951/4802
f 4733/5954/4805 4720/5846/4699 4787/5950/4801 4790/5955/4806
f 4736/5874/4727 4793/5956/4807 4786/5947/4798 4717/5856/4709
f 4734/5878/4731 4743/5877/4730 4797/5957/4808 4791/5958/4809
f 4736/5874/4727 4740/5893/4746 4794/5959/4810 4793/5956/4807
f 4740/5893/4746 4735/5896/4749 4792/5960/4811 4794/5959/4810
f 4745/5900/4753 4741/5899/4752 4795/5961/4812 4798/5962/4813
f 4743/5877/4730 4742/5907/4760 4796/5963/4814 4797/5957/4808
f 4741/5899/4752 4749/5898/4751 4799/5953/4804 4795/5961/4812
f 4735/5896/4749 4734/5878/4731 4791/5958/4809 4792/5960/4811
f 4742/5907/4760 4745/5900/4753 4798/5962/4813 4796/5963/4814
f 4790/5955/4806 4787/5950/4801 4803/5964/4815 4789/5951/4802
f 4795/5961/4812 4799/5953/4804 4801/5965/4816 4802/5966/4817
f 4799/5953/4804 4788/5952/4803 4800/5967/4818 4801/5965/4816
f 4798/5962/4813 4795/5961/4812 4802/5966/4817 4804/5968/4819
f 4785/5949/4800 4784/5948/4799 4803/5964/4815 4787/5950/4801
f 4800/5967/4818 4786/5947/4798 4793/5956/4807 4801/5965/4816
f 4801/5965/4816 4793/5956/4807 4794/5959/4810 4802/5966/4817
f 4794/5959/4810 4792/5960/4811 4804/5968/4819 4802/5966/4817
f 4786/5947/4798 4800/5967/4818 4803/5964/4815 4784/5948/4799
f 4800/5967/4818 4788/5952/4803 4789/5951/4802 4803/5964/4815
f 4791/5958/4809 4797/5957/4808 4804/5968/4819 4792/5960/4811
f 4804/5968/4819 4797/5957/4808 4796/5963/4814 4798/5962/4813
f 4833/5843/4696 4767/5969/4820 4766/5970/4821 4832/5844/4697
f 4808/5931/4784 4847/5971/4822 4848/5972/4823 4807/5925/4778
f 4805/5926/4779 4849/5973/4824 4768/5974/4825 4834/5975/4826
f 4810/5863/4716 4764/5976/4827 4763/5977/4828 4829/5864/4717
f 4831/5865/4718 4765/5978/4829 4764/5976/4827 4810/5863/4716
f 4828/5979/4830 4844/5980/4831 4845/5981/4832 4811/5930/4783
f 4834/5975/4826 4768/5974/4825 4755/5982/4833 4819/5935/4788
f 4813/5983/4834 4838/5984/4835 4839/5985/4836 4823/5986/4837
f 4835/5987/4838 4812/5887/4740 4931/5886/4739 4930/5988/4839
f 4820/5936/4789 4836/5989/4840 4837/5990/4841 4821/5991/4842
f 4816/5992/4843 4843/5993/4844 4844/5980/4831 4828/5979/4830
f 4817/5943/4794 4841/5994/4845 4842/5995/4846 4826/5996/4847
f 4823/5986/4837 4839/5985/4836 4840/5997/4848 4824/5942/4793
f 4825/5914/4767 4760/5998/4849 4759/5999/4850 4818/5915/4768
f 4826/5996/4847 4842/5995/4846 4843/5993/4844 4816/5992/4843
f 4821/5991/4842 4837/5990/4841 4838/5984/4835 4813/5983/4834
f 4807/5925/4778 4848/5972/4823 4849/5973/4824 4805/5926/4779
f 4832/5844/4697 4766/5970/4821 4765/6000/4829 4831/5865/4718
f 4806/5927/4780 4850/6001/4851 4767/5969/4820 4833/5843/4696
f 4811/5930/4783 4845/5981/4832 4846/6002/4852 4830/5928/4781
f 4830/5928/4781 4846/6002/4852 4847/5971/4822 4808/5931/4784
f 4829/5864/4717 4763/5977/4828 4762/6003/4853 4809/5932/4785
f 4812/5887/4740 4835/5987/4838 4850/6001/4851 4806/5927/4780
f 4814/5933/4786 4758/6004/4854 4757/6005/4855 4822/5934/4787
f 4819/5935/4788 4755/5982/4833 4836/5989/4840 4820/5936/4789
f 4815/5937/4790 4756/6006/4856 4930/5988/4839 4931/5886/4739
f 4809/5932/4785 4762/6003/4853 4761/6007/4857 4827/5938/4791
f 4760/5998/4849 4825/5914/4767 4932/5939/4792 4933/6008/4858
f 4818/5915/4768 4759/5999/4850 4758/6009/4854 4814/5941/4786
f 4824/5942/4793 4840/5997/4848 4841/5994/4845 4817/5943/4794
f 4827/5938/4791 4761/6007/4857 4933/6008/4858 4932/5939/4792
f 4822/5934/4787 4757/6005/4855 4756/6006/4856 4815/5937/4790
f 4770/6010/4859 4771/6011/4860 4853/6012/4861 4852/6013/4862
f 4772/6014/4863 4770/6010/4859 4852/6013/4862 4854/6015/4864
f 4769/6016/4865 4772/6014/4863 4854/6015/4864 4851/6017/4866
f 4776/6018/4867 4775/6019/4868 4857/6020/4869 4858/6021/4870
f 4775/6019/4868 4777/6022/4871 4859/6023/4872 4857/6020/4869
f 4771/6011/4860 4778/6024/4873 4860/6025/4874 4853/6012/4861
f 4778/6024/4873 4776/6018/4867 4858/6021/4870 4860/6025/4874
f 4777/6022/4871 4774/6026/4875 4856/6027/4876 4859/6023/4872
f 4773/6028/4877 4769/6016/4865 4851/6017/4866 4855/6029/4878
f 4774/6026/4875 4773/6030/4877 4855/6031/4878 4856/6027/4876
f 4852/6013/4862 4853/6012/4861 4863/6032/4879 4862/6033/4880
f 4854/6015/4864 4852/6013/4862 4862/6033/4880 4864/6034/4881
f 4851/6017/4866 4854/6015/4864 4864/6034/4881 4861/6035/4882
f 4858/6021/4870 4857/6020/4869 4867/6036/4883 4868/6037/4884
f 4857/6020/4869 4859/6023/4872 4869/6038/4885 4867/6036/4883
f 4853/6012/4861 4860/6025/4874 4870/6039/4886 4863/6032/4879
f 4860/6025/4874 4858/6021/4870 4868/6037/4884 4870/6039/4886
f 4859/6023/4872 4856/6027/4876 4866/6040/4887 4869/6038/4885
f 4855/6029/4878 4851/6017/4866 4861/6035/4882 4865/6041/4888
f 4856/6027/4876 4855/6031/4878 4865/6042/4888 4866/6040/4887
f 4862/6043/4880 4863/6044/4879 4873/6045/4889 4872/6046/4890
f 4864/6047/4881 4862/6043/4880 4872/6046/4890 4874/6048/4891
f 4861/6049/4882 4864/6047/4881 4874/6048/4891 4871/6050/4892
f 4868/6051/4884 4867/6052/4883 4877/6053/4893 4878/6054/4894
f 4867/6052/4883 4869/6055/4885 4879/6056/4895 4877/6053/4893
f 4863/6044/4879 4870/6057/4886 4880/6058/4896 4873/6045/4889
f 4870/6057/4886 4868/6051/4884 4878/6054/4894 4880/6058/4896
f 4869/6055/4885 4866/6059/4887 4876/6060/4897 4879/6056/4895
f 4865/6061/4888 4861/6049/4882 4871/6050/4892 4875/6062/4898
f 4866/6059/4887 4865/6063/4888 4875/6064/4898 4876/6060/4897
f 4872/6046/4890 4873/6045/4889 4883/6065/4899 4882/6066/4900
f 4874/6048/4891 4872/6046/4890 4882/6066/4900 4884/6067/4901
f 4871/6050/4892 4874/6048/4891 4884/6067/4901 4881/6068/4902
f 4878/6054/4894 4877/6053/4893 4887/6069/4903 4888/6070/4904
f 4877/6053/4893 4879/6056/4895 4889/6071/4905 4887/6069/4903
f 4873/6045/4889 4880/6058/4896 4890/6072/4906 4883/6065/4899
f 4880/6058/4896 4878/6054/4894 4888/6070/4904 4890/6072/4906
f 4879/6056/4895 4876/6060/4897 4886/6073/4907 4889/6071/4905
f 4875/6062/4898 4871/6050/4892 4881/6068/4902 4885/6074/4908
f 4876/6060/4897 4875/6064/4898 4885/6075/4908 4886/6073/4907
f 4882/6066/4900 4883/6065/4899 4893/6076/4909 4892/6077/4910
f 4884/6067/4901 4882/6066/4900 4892/6077/4910 4894/6078/4911
f 4881/6068/4902 4884/6067/4901 4894/6078/4911 4891/6079/4912
f 4888/6070/4904 4887/6069/4903 4897/6080/4913 4898/6081/4914
f 4887/6069/4903 4889/6071/4905 4899/6082/4915 4897/6080/4913
f 4883/6065/4899 4890/6072/4906 4900/6083/4916 4893/6076/4909
f 4890/6072/4906 4888/6070/4904 4898/6081/4914 4900/6083/4916
f 4889/6071/4905 4886/6073/4907 4896/6084/4917 4899/6082/4915
f 4885/6074/4908 4881/6068/4902 4891/6079/4912 4895/6085/4918
f 4886/6073/4907 4885/6075/4908 4895/6086/4918 4896/6084/4917
f 4892/6087/4910 4893/6088/4909 4903/6089/4919 4902/6090/4920
f 4894/6091/4911 4892/6087/4910 4902/6090/4920 4904/6092/4921
f 4891/6093/4912 4894/6091/4911 4904/6092/4921 4901/6094/4922
f 4898/6095/4914 4897/6096/4913 4907/6097/4923 4908/6098/4924
f 4897/6096/4913 4899/6099/4915 4909/6100/4925 4907/6097/4923
f 4893/6088/4909 4900/6101/4916 4910/6102/4926 4903/6089/4919
f 4900/6101/4916 4898/6095/4914 4908/6098/4924 4910/6102/4926
f 4899/6099/4915 4896/6103/4917 4906/6104/4927 4909/6100/4925
f 4895/6105/4918 4891/6093/4912 4901/6094/4922 4905/6106/4928
f 4896/6103/4917 4895/6105/4918 4905/6106/4928 4906/6104/4927
f 4902/6090/4920 4903/6089/4919 4913/6107/4929 4912/6108/4930
f 4904/6092/4921 4902/6090/4920 4912/6108/4930 4914/6109/4931
f 4901/6094/4922 4904/6092/4921 4914/6109/4931 4911/6110/4932
f 4908/6098/4924 4907/6097/4923 4917/6111/4933 4918/6112/4934
f 4907/6097/4923 4909/6100/4925 4919/6113/4935 4917/6111/4933
f 4903/6089/4919 4910/6102/4926 4920/6114/4936 4913/6107/4929
f 4910/6102/4926 4908/6098/4924 4918/6112/4934 4920/6114/4936
f 4909/6100/4925 4906/6104/4927 4916/6115/4937 4919/6113/4935
f 4905/6106/4928 4901/6094/4922 4911/6110/4932 4915/6116/4938
f 4906/6104/4927 4905/6106/4928 4915/6116/4938 4916/6115/4937
f 4920/6114/4936 4921/6117/4939 4912/6108/4930 4913/6107/4929
f 4922/6118/4940 4914/6109/4931 4912/6108/4930 4921/6117/4939
f 4911/6110/4932 4914/6109/4931 4922/6118/4940 4915/6116/4938
f 4920/6114/4936 4918/6112/4934 4917/6111/4933 4921/6117/4939
f 4921/6117/4939 4917/6111/4933 4919/6113/4935 4922/6118/4940
f 4922/6118/4940 4919/6113/4935 4916/6115/4937 4915/6116/4938
f 4781/5917/4770 4782/5945/4796 4953/6119/4941 4952/5918/4771
f 4783/5909/4762 4954/5946/4797 4953/6119/4941 4782/5945/4796
f 4753/5913/4766 4754/5940/4777 4957/6120/4776 4956/5921/4774
f 4779/5879/4732 4950/5944/4795 4959/5890/4743 4752/5889/4742
f 4808/5931/4784 4807/5925/4778 4949/5848/4701 4948/5847/4700
f 4805/5926/4779 4834/5975/4826 4935/5855/4708 4934/5854/4707
f 4828/5979/4830 4811/5930/4783 4946/5872/4725 4945/5871/4724
f 4834/5975/4826 4819/5935/4788 4936/5873/4726 4935/5855/4708
f 4813/5983/4834 4823/5986/4837 4940/5876/4729 4939/5875/4728
f 4937/5894/4747 4820/5936/4789 4821/5991/4842 4938/5895/4748
f 4816/5992/4843 4828/5979/4830 4945/5871/4724 4944/5897/4750
f 4817/5943/4794 4826/5996/4847 4943/5902/4755 4942/5901/4754
f 4823/5986/4837 4824/5942/4793 4941/5908/4761 4940/5876/4729
f 4826/5996/4847 4816/5992/4843 4944/5897/4750 4943/5902/4755
f 4938/5895/4748 4821/5991/4842 4813/5983/4834 4939/5875/4728
f 4710/5857/4710 4712/5845/4698 4949/5848/4701 4934/5854/4707
f 4947/5929/4782 4733/5954/4805 4732/5869/4722 4946/5872/4725
f 4720/5846/4699 4733/5954/4805 4947/5929/4782 4948/5847/4700
f 4740/5893/4746 4736/5874/4727 4936/5873/4726 4937/5894/4747
f 4745/5900/4753 4742/5907/4760 4941/5908/4761 4942/5901/4754
f 4959/5890/4743 4772/6014/4863 4769/6016/4865 4958/5891/4744
f 4778/6024/4873 4771/6011/4860 4951/5919/4772 4952/5918/4771
f 4774/6026/4875 4777/6022/4871 4955/5922/4775 4956/5921/4774
f 4958/5891/4744 4769/6016/4865 4773/6028/4877 4957/5923/4776
f 4771/6011/4860 4770/6010/4859 4950/5944/4795 4951/5919/4772
f 4955/5922/4775 4777/6022/4871 4775/6019/4868 4954/5946/4797
f 4776/6018/4867 4778/6024/4873 4952/5918/4771 4953/6119/4941
f 4954/5946/4797 4775/6019/4868 4776/6018/4867 4953/6119/4941
f 4773/6030/4877 4774/6026/4875 4956/5921/4774 4957/6120/4776
f 4770/6010/4859 4772/6014/4863 4959/5890/4743 4950/5944/4795
